,회사명,종합등급,환경,사회,지배구조,연도
0,AJ네트웍스,B,D,B,B,2020
1,AJ네트웍스,B,D,B,B,2021
2,AJ네트웍스,B+,C,B+,B+,2022
3,AJ네트웍스,B+,C,A,B+,2023
4,AJ네트웍스,B+,C,A,B+,2024
5,AK홀딩스,B+,C,B+,B+,2020
6,AK홀딩스,B+,B,B+,B+,2021
7,AK홀딩스,B+,B,A,B,2022
8,AK홀딩스,A,A,A+,B+,2023
9,AK홀딩스,A,A,A+,B+,2024
10,BGF,B+,B,A,B+,2020
11,BGF,A,A,A+,A,2021
12,BGF,B+,A,A+,B,2022
13,BGF,A,A,A+,B+,2023
14,BGF,A,A,A+,B+,2024
15,BGF리테일,A,B+,B+,A,2020
16,BGF리테일,A,A,A+,A,2021
17,BGF리테일,A,A,A+,A,2022
18,BGF리테일,A,A,A+,A,2023
19,BGF리테일,A,A,A+,A,2024
20,BNK금융지주,A+,B+,A+,A+,2020
21,BNK금융지주,A+,A,A+,A+,2021
22,BNK금융지주,A,A,A,A,2022
23,BNK금융지주,A,A,A+,A,2023
24,BNK금융지주,A,A,A+,A,2024
25,BYC,B,D,B,B+,2020
26,BYC,B,D,B,B+,2021
27,BYC,D,D,D,D,2022
28,BYC,D,D,D,D,2023
29,BYC,D,D,D,D,2024
30,CJ,A,B,A,A,2020
31,CJ,A,B+,A+,A,2021
32,CJ,B+,B+,A,B+,2022
33,CJ,A,A,A+,B+,2023
34,CJ,A,A,A+,B+,2024
35,CJ CGV,A,B,A,A,2020
36,CJ CGV,A,B,A,A,2021
37,CJ CGV,B+,B,B+,B+,2022
38,CJ CGV,A,A,A+,B+,2023
39,CJ CGV,A,A,A+,B+,2024
40,CJ대한통운,A,A,B,A,2020
41,CJ대한통운,A,A,A+,A,2021
42,CJ대한통운,B+,B+,A+,B,2022
43,CJ대한통운,A,A,A+,B+,2023
44,CJ대한통운,A,A,A+,B+,2024
45,CJ씨푸드,B,C,B+,B+,2020
46,CJ씨푸드,B,C,B+,B+,2021
47,CJ씨푸드,B,C,B,B,2022
48,CJ씨푸드,B+,B+,A,B,2023
49,CJ씨푸드,B+,B+,A,B,2024
50,CJ제일제당,A,A,A+,A,2020
51,CJ제일제당,A,A,A+,A,2020
52,CJ제일제당,A,A,A+,A,2021
53,CJ제일제당,A,A,A+,A,2021
54,CJ제일제당,A,A,A,B+,2022
55,CJ제일제당,A,A,A+,A,2023
56,CJ제일제당,A,A,A+,A,2024
57,CS홀딩스,C,D,C,B,2020
58,CS홀딩스,C,D,C,B,2020
59,CS홀딩스,B,D,C,B+,2021
60,CS홀딩스,B,D,C,B+,2021
61,CS홀딩스,C,D,D,B,2022
62,CS홀딩스,C,D,D,B,2023
63,CS홀딩스,C,D,D,B,2024
64,DB,B,D,B,B,2020
65,DB,B,D,B,B,2020
66,DB,B,D,B+,B+,2021
67,DB,B,D,B+,B+,2021
68,DB,B,D,B,B+,2022
69,DB,C,D,B,C,2023
70,DB,C,D,B,C,2024
71,DB금융투자,B,D,A,B,2020
72,DB금융투자,B,D,A,B,2020
73,DB금융투자,B,D,B+,B,2021
74,DB금융투자,B,D,B+,B,2021
75,DB금융투자,B,C,B,B,2022
76,DB금융투자,B,C,B,B+,2023
77,DB금융투자,B,C,B,B+,2024
78,DB손해보험,B+,A,A,B+,2020
79,DB손해보험,B+,A,A,B+,2020
80,DB손해보험,A,A,A+,B+,2021
81,DB손해보험,A,A,A+,B+,2021
82,DB손해보험,B+,B+,A,B+,2022
83,DB손해보험,B+,B+,A,B+,2023
84,DB손해보험,B+,B+,A,B+,2024
85,DB하이텍,B+,B+,A,B+,2020
86,DB하이텍,B+,B+,A,B+,2020
87,DB하이텍,A,A,A,A,2021
88,DB하이텍,A,A,A,A,2021
89,DB하이텍,B,B,B+,B,2022
90,DB하이텍,B+,A,A,B,2023
91,DB하이텍,B+,A,A,B,2024
92,DGB금융지주,A+,A,A+,A+,2020
93,DGB금융지주,A+,A,A+,A+,2020
94,DGB금융지주,A+,A,A+,A+,2021
95,DGB금융지주,A+,A,A+,A+,2021
96,DGB금융지주,A,A+,A+,A,2022
97,DGB금융지주,A,A+,A,A,2023
98,DGB금융지주,A,A+,A,A,2024
99,DL,B+,A,B+,B+,2020
100,DL,B+,A,B+,B+,2020
101,DL,A,A+,A+,B+,2021
102,DL,A,A+,A+,B+,2021
103,DL,A,A,A+,A,2022
104,DL,A,A,A,A,2023
105,DL,A,A,A,A,2024
106,DL건설,B,B,B+,B,2020
107,DL건설,B,B,B+,B,2020
108,DL건설,B+,B+,A,B+,2021
109,DL건설,B+,B+,A,B+,2021
110,DL건설,A,A,A,B+,2022
111,DL건설,A,A,A+,B+,2023
112,DL건설,A,A,A+,B+,2024
113,DL이앤씨,NAN,NAN,NAN,NAN,2021
114,DL이앤씨,NAN,NAN,NAN,NAN,2021
115,DL이앤씨,A,A,A,A,2022
116,DL이앤씨,A,A,B+,A,2023
117,DL이앤씨,A,A,B+,A,2024
118,DN오토모티브,B,B,C,B,2020
119,DN오토모티브,B,B,C,B,2020
120,DN오토모티브,B,B,C,B+,2021
121,DN오토모티브,C,C,D,B,2022
122,DN오토모티브,C,C,B,D,2023
123,DN오토모티브,C,C,B,D,2024
124,DRB동일,B,B,B,B,2020
125,DRB동일,B+,B,B+,B+,2021
126,DRB동일,C,D,B+,B,2022
127,DRB동일,B+,B,A,B+,2023
128,DRB동일,B+,B,A,B+,2024
129,DSR,C,B,B,C,2020
130,DSR,B,B,B,B,2021
131,DSR,D,D,C,D,2022
132,DSR,D,C,C,D,2023
133,DSR,D,C,C,D,2024
134,DSR제강,C,C,B,C,2020
135,DSR제강,C,C,C,B+,2021
136,DSR제강,C,D,C,B,2022
137,DSR제강,C,C,C,B,2023
138,DSR제강,C,C,C,B,2024
139,E1,B,C,A,B+,2020
140,E1,B+,B+,A,B+,2021
141,E1,B+,B+,B+,B+,2022
142,E1,A,A,A,B+,2023
143,E1,A,A,A,B+,2024
144,ESR켄달스퀘어리츠,NAN,NAN,NAN,NAN,2022
145,ESR켄달스퀘어리츠,NAN,NAN,NAN,NAN,2023
146,ESR켄달스퀘어리츠,NAN,NAN,NAN,NAN,2024
147,F&F,NAN,NAN,NAN,NAN,2021
148,F&F,NAN,NAN,NAN,NAN,2022
149,F&F,B+,B+,A+,B,2023
150,F&F,B+,B+,A+,B,2024
151,F&F 홀딩스,D,D,C,C,2020
152,F&F 홀딩스,B+,B+,A,B+,2021
153,F&F 홀딩스,B,B,B+,B,2022
154,F&F 홀딩스,A,B+,A+,B+,2023
155,F&F 홀딩스,A,B+,A+,B+,2024
156,GKL,B+,C,A,A,2020
157,GKL,B+,B+,B+,B+,2021
158,GKL,A,B,A,A,2022
159,GKL,B+,B,A,B+,2023
160,GKL,B+,B,A,B+,2024
161,GS,B+,C,A,A,2020
162,GS,A,A,A,A,2021
163,GS,A,B+,A+,A,2022
164,GS,B,B+,A+,C,2023
165,GS,B,B+,A+,C,2024
166,GS건설,A,A,B+,A,2020
167,GS건설,A,A,A+,A,2021
168,GS건설,A,A,A,A,2022
169,GS건설,A,A,B+,A,2023
170,GS건설,A,A,B+,A,2024
171,GS글로벌,B,D,B+,B+,2020
172,GS글로벌,B+,B,B+,A,2021
173,GS글로벌,B+,C,B+,B+,2022
174,GS글로벌,B+,B+,B+,B+,2023
175,GS글로벌,B+,B+,B+,B+,2024
176,GS리테일,B,C,B,B+,2020
177,GS리테일,A,A,A,A,2021
178,GS리테일,A,B+,A,A,2022
179,GS리테일,A,A+,A,A,2023
180,GS리테일,A,A+,A,A,2024
181,HDC,B+,C,B+,B+,2020
182,HDC,B+,B,B+,A,2021
183,HDC,C,D,B,C,2022
184,HDC,B+,B+,A,B,2023
185,HDC,B+,B+,A,B,2024
186,HDC랩스,C,D,C,B,2020
187,HDC랩스,B,C,B,B+,2021
188,HDC랩스,D,D,D,D,2022
189,HDC랩스,D,D,D,C,2023
190,HDC랩스,D,D,D,C,2024
191,HDC현대EP,B,B,B+,B,2020
192,HDC현대EP,B+,B,B+,B+,2021
193,HDC현대EP,C,C,B,C,2022
194,HDC현대EP,B+,B+,B+,B,2023
195,HDC현대EP,B+,B+,B+,B,2024
196,HDC현대산업개발,C,C,C,B+,2020
197,HDC현대산업개발,B,B,C,B+,2021
198,HDC현대산업개발,C,D,C,B,2022
199,HDC현대산업개발,B+,B+,A,B,2023
200,HDC현대산업개발,B+,B+,A,B,2024
201,HD한국조선해양,B+,B+,C,A,2020
202,HD한국조선해양,A,A,B+,A,2021
203,HD한국조선해양,B+,B+,A,B+,2022
204,HD한국조선해양,A,A,A+,A,2023
205,HD한국조선해양,A,A,A+,A,2024
206,HD현대,A,B+,A,A,2020
207,HD현대,A,A,A+,A,2021
208,HD현대,A,B+,A,A,2022
209,HD현대,A,B+,A+,B+,2023
210,HD현대,A,B+,A+,B+,2024
211,HD현대건설기계,A,B+,A,A,2020
212,HD현대건설기계,A,B+,A+,A,2021
213,HD현대건설기계,A,B+,A,A,2022
214,HD현대건설기계,A+,A+,A+,A,2023
215,HD현대건설기계,A+,A+,A+,A,2024
216,HD현대마린엔진,B,C,B+,B+,2020
217,HD현대마린엔진,B,C,B,B+,2021
218,HD현대마린엔진,C,D,B,B,2022
219,HD현대마린엔진,C,C,C,B,2023
220,HD현대마린엔진,C,C,C,B,2024
221,HD현대미포,A,A,A+,A,2020
222,HD현대미포,A,A,A+,A,2021
223,HD현대미포,B+,B+,A,B+,2022
224,HD현대미포,A,A,A+,B+,2023
225,HD현대미포,A,A,A+,B+,2024
226,HD현대에너지솔루션,A,A,A+,B+,2021
227,HD현대에너지솔루션,A,A,A+,B+,2022
228,HD현대에너지솔루션,A,A,A,B+,2023
229,HD현대에너지솔루션,A,A,A,B+,2024
230,HD현대인프라코어,A,A,A+,A,2020
231,HD현대인프라코어,A,A,A+,A,2021
232,HD현대인프라코어,B+,B+,A,B+,2022
233,HD현대인프라코어,A,A+,A+,B+,2023
234,HD현대인프라코어,A,A+,A+,B+,2024
235,HD현대일렉트릭,A,A,A+,A,2020
236,HD현대일렉트릭,A,A,A+,A,2021
237,HD현대일렉트릭,B+,B+,A,B+,2022
238,HD현대일렉트릭,A,A,A+,A,2023
239,HD현대일렉트릭,A,A,A+,A,2024
240,HD현대중공업,NAN,NAN,NAN,NAN,2021
241,HD현대중공업,B+,B+,A,B+,2022
242,HD현대중공업,A,A,A,B+,2023
243,HD현대중공업,A,A,A,B+,2024
244,HJ중공업,B,B,B,B+,2020
245,HJ중공업,B,C,B,B+,2021
246,HJ중공업,B,C,B+,B+,2022
247,HJ중공업,B+,B,B+,B+,2023
248,HJ중공업,B+,B,B+,B+,2024
249,HL D&I,B+,B,B+,B+,2020
250,HL D&I,B+,B+,B+,B+,2021
251,HL D&I,B+,B+,A,B+,2022
252,HL D&I,A,A,A+,B+,2023
253,HL D&I,A,A,A+,B+,2024
254,HLB글로벌,C,D,B,C,2020
255,HLB글로벌,C,D,C,B,2021
256,HLB글로벌,D,D,C,D,2022
257,HLB글로벌,D,D,D,D,2023
258,HLB글로벌,D,D,D,D,2024
259,HL만도,A,A,A+,A,2020
260,HL만도,A,B+,A+,A,2021
261,HL만도,A,A,A,B+,2022
262,HL만도,A,B+,A+,A,2023
263,HL만도,A,B+,A+,A,2024
264,HL홀딩스,B+,B,B+,A,2020
265,HL홀딩스,A,B,A+,A,2021
266,HL홀딩스,B+,B+,A,B+,2022
267,HL홀딩스,A,A,A+,A,2023
268,HL홀딩스,A,A,A+,A,2024
269,HMM,A,A,A+,A,2020
270,HMM,A,A,A+,A,2021
271,HMM,A,A+,A,B+,2022
272,HMM,A,A+,A+,B+,2023
273,HMM,A,A+,A+,B+,2024
274,HS애드,B,D,B+,B+,2020
275,HS애드,B,D,B,B,2021
276,HS애드,B,D,B,B+,2022
277,HS애드,B,D,C,B+,2023
278,HS애드,B,D,C,B+,2024
279,HS화성,B,C,B,B+,2020
280,HS화성,B,C,B+,B+,2021
281,HS화성,B,C,B+,B,2022
282,HS화성,C,C,C,B+,2023
283,HS화성,C,C,C,B+,2024
284,HS효성첨단소재,A+,A+,A+,A,2020
285,HS효성첨단소재,A,A,A+,A,2021
286,HS효성첨단소재,A,B+,A+,A,2022
287,HS효성첨단소재,A,A,A+,A,2023
288,HS효성첨단소재,A,A,A+,A,2024
289,JB금융지주,A+,A,A,A+,2020
290,JB금융지주,A+,A,A+,A+,2021
291,JB금융지주,A,A,A+,A,2022
292,JB금융지주,A,A+,A,A,2023
293,JB금융지주,A,A+,A,A,2024
294,JW생명과학,B+,B+,B+,B+,2020
295,JW생명과학,B,B,B+,B,2021
296,JW생명과학,C,C,B+,C,2022
297,JW생명과학,B+,B+,A,B,2023
298,JW생명과학,B+,B+,A,B,2024
299,JW중외제약,B,B,B+,B,2020
300,JW중외제약,B,C,B+,B+,2021
301,JW중외제약,C,B,B+,D,2022
302,JW중외제약,B+,B,A,B+,2023
303,JW중외제약,B+,B,A,B+,2024
304,JW홀딩스,B+,C,B+,B+,2020
305,JW홀딩스,B,D,B+,B+,2021
306,JW홀딩스,B+,C,B+,B+,2022
307,JW홀딩스,B+,B,A,B+,2023
308,JW홀딩스,B+,B,A,B+,2024
309,KB금융,A+,A+,A+,A+,2020
310,KB금융,A+,A+,A+,A+,2021
311,KB금융,A+,A+,A+,A+,2022
312,KB금융,A+,A+,A+,A+,2023
313,KB금융,A+,A+,A+,A+,2024
314,KC그린홀딩스,B,B,B+,B,2020
315,KC그린홀딩스,B,D,C,B+,2021
316,KC그린홀딩스,D,D,D,C,2022
317,KC그린홀딩스,C,C,D,C,2023
318,KC그린홀딩스,C,C,D,C,2023
319,KC그린홀딩스,C,C,D,C,2023
320,KC그린홀딩스,C,C,D,C,2023
321,KC그린홀딩스,C,C,D,C,2024
322,KC코트렐,B,B,B,B,2020
323,KC코트렐,C,D,C,B+,2021
324,KC코트렐,D,D,D,C,2022
325,KC코트렐,C,C,D,C,2023
326,KC코트렐,C,C,D,C,2023
327,KC코트렐,C,C,D,C,2023
328,KC코트렐,C,C,D,C,2023
329,KC코트렐,C,C,D,C,2024
330,KEC,B,B+,B+,C,2020
331,KEC,B,B,B+,B,2021
332,KEC,C,C,D,C,2022
333,KEC,D,C,C,D,2023
334,KEC,D,C,C,D,2023
335,KEC,D,C,C,D,2023
336,KEC,D,C,C,D,2023
337,KEC,D,C,C,D,2024
338,KG모빌리티,B+,B+,B,B+,2020
339,KG모빌리티,D,C,C,D,2023
340,KG모빌리티,D,C,C,D,2023
341,KG모빌리티,D,C,C,D,2023
342,KG모빌리티,D,C,C,D,2023
343,KG모빌리티,D,C,C,D,2024
344,KG스틸,B,B,B+,B,2020
345,KG스틸,B,B+,B,B,2021
346,KG스틸,C,B,B+,D,2022
347,KG스틸,B,B+,A,C,2023
348,KG스틸,B,B+,A,C,2023
349,KG스틸,B,B+,A,C,2023
350,KG스틸,B,B+,A,C,2023
351,KG스틸,B,B+,A,C,2024
352,KG케미칼,D,C,C,D,2020
353,KG케미칼,C,C,C,B,2021
354,KG케미칼,D,D,D,D,2022
355,KG케미칼,C,C,D,C,2023
356,KG케미칼,C,C,D,C,2023
357,KG케미칼,C,C,D,C,2023
358,KG케미칼,C,C,D,C,2023
359,KG케미칼,C,C,D,C,2024
360,KH 필룩스,C,C,B,B,2020
361,KH 필룩스,C,C,B,C,2021
362,KH 필룩스,D,D,C,D,2022
363,KH 필룩스,D,C,C,D,2023
364,KH 필룩스,D,C,C,D,2023
365,KH 필룩스,D,C,C,D,2023
366,KH 필룩스,D,C,C,D,2023
367,KH 필룩스,D,C,C,D,2024
368,KIB플러그에너지,C,B,C,C,2020
369,KIB플러그에너지,C,D,C,B,2021
370,KIB플러그에너지,D,D,C,D,2022
371,KIB플러그에너지,D,D,D,D,2023
372,KIB플러그에너지,D,D,D,D,2023
373,KIB플러그에너지,D,D,D,D,2023
374,KIB플러그에너지,D,D,D,D,2023
375,KIB플러그에너지,D,D,D,D,2024
376,KISCO홀딩스,C,B,B,C,2020
377,KISCO홀딩스,B,B,B,B,2021
378,KISCO홀딩스,C,C,D,C,2022
379,KISCO홀딩스,D,C,D,D,2023
380,KISCO홀딩스,D,C,D,D,2023
381,KISCO홀딩스,D,C,D,D,2023
382,KISCO홀딩스,D,C,D,D,2023
383,KISCO홀딩스,D,C,D,D,2024
384,KPX케미칼,B,B,C,B,2020
385,KPX케미칼,C,B,C,C,2021
386,KPX케미칼,D,C,C,D,2022
387,KPX케미칼,C,C,C,C,2023
388,KPX케미칼,C,C,C,C,2023
389,KPX케미칼,C,C,C,C,2023
390,KPX케미칼,C,C,C,C,2023
391,KPX케미칼,C,C,C,C,2024
392,KPX홀딩스,C,C,C,B,2020
393,KPX홀딩스,B,B,C,B+,2021
394,KPX홀딩스,C,D,C,C,2022
395,KPX홀딩스,C,C,C,C,2023
396,KPX홀딩스,C,C,C,C,2024
397,KR모터스,C,D,C,B,2020
398,KR모터스,C,D,C,B,2021
399,KR모터스,D,D,D,D,2022
400,KR모터스,D,D,D,D,2023
401,KR모터스,D,D,D,D,2024
402,KSS해운,B+,B,B+,B+,2020
403,KSS해운,A,B+,A+,A,2021
404,KSS해운,B+,B+,A,B+,2022
405,KSS해운,B+,B+,A,B+,2023
406,KSS해운,B+,B+,A,B+,2024
407,KTcs,B,D,B+,B+,2020
408,KTcs,A,B+,A,A,2021
409,KTcs,A,B+,A,A,2022
410,KTcs,A,A,A,A,2023
411,KTcs,A,A,A,A,2024
412,KTis,B,D,B+,B+,2020
413,KTis,A,B+,A+,A,2021
414,KTis,B+,B+,B+,B+,2022
415,KTis,B+,B+,A,B+,2023
416,KTis,B+,B+,A,B+,2024
417,LF,B,D,B,B+,2020
418,LF,B,D,B,B+,2021
419,LF,B,D,B,B+,2022
420,LF,B+,B,B,B+,2023
421,LF,B+,B,B,B+,2024
422,LG,A,B+,A+,B+,2020
423,LG,A,A,A+,A,2021
424,LG,A,B+,A+,A,2022
425,LG,A,A,A+,A,2023
426,LG,A,A,A+,A,2024
427,LG디스플레이,B+,B,A,B+,2020
428,LG디스플레이,B+,B,A,B+,2021
429,LG디스플레이,A,A,A,B+,2022
430,LG디스플레이,B+,A,A+,B,2023
431,LG디스플레이,B+,A,A+,B,2024
432,LG생활건강,A,A,A+,A,2020
433,LG생활건강,A,A,A+,A,2021
434,LG생활건강,A,A,A+,A,2022
435,LG생활건강,A,A,A+,A,2023
436,LG생활건강,A,A,A+,A,2024
437,LG에너지솔루션,NAN,NAN,NAN,NAN,2021
438,LG에너지솔루션,NAN,NAN,NAN,NAN,2022
439,LG에너지솔루션,NAN,NAN,NAN,NAN,2023
440,LG에너지솔루션,NAN,NAN,NAN,NAN,2024
441,LG유플러스,B,B+,B+,B,2020
442,LG유플러스,A,A,A+,A,2021
443,LG유플러스,A,A,B+,A,2022
444,LG유플러스,A,A,A,A,2024
445,LG이노텍,A,A,A+,B+,2020
446,LG이노텍,A,A,A+,A,2021
447,LG이노텍,A,A,A+,A,2022
448,LG이노텍,A,A,A+,A,2024
449,LG전자,B+,A,A+,B,2020
450,LG전자,A,A,A+,A,2021
451,LG전자,A,A,A+,A,2022
452,LG전자,A,A+,A,A,2024
453,LG헬로비전,B+,D,B+,A,2020
454,LG헬로비전,B+,C,A,A,2021
455,LG헬로비전,A,B,A,A,2022
456,LG헬로비전,A,B+,A+,A,2024
457,LG화학,B,C,A,B+,2020
458,LG화학,B+,B+,A,B+,2021
459,LG화학,B,C,A,B+,2022
460,LG화학,A,B+,A+,A,2024
461,LIG넥스원,A,B+,A,A,2020
462,LIG넥스원,A,A,A+,A,2021
463,LIG넥스원,A,A,A+,A,2022
464,LIG넥스원,A,A,A+,A,2024
465,LS,B+,B,B+,A,2020
466,LS,A,B+,A+,B+,2021
467,LS,C,B+,A,C,2022
468,LS,A,A,A,A,2024
469,LS네트웍스,B,D,B+,B,2020
470,LS네트웍스,C,D,C,B,2021
471,LS네트웍스,B,C,B+,B,2022
472,LS네트웍스,B+,B,A,B+,2024
473,LS에코에너지,B,D,C,B+,2020
474,LS에코에너지,B,D,C,B+,2021
475,LS에코에너지,C,D,D,B,2022
476,LS에코에너지,C,D,C,B,2024
477,LX세미콘,B,C,B+,B+,2020
478,LX세미콘,B+,B,B+,B+,2021
479,LX세미콘,A,A,A+,B+,2022
480,LX세미콘,B+,A,A,B+,2024
481,LX인터내셔널,A,A,A+,A,2020
482,LX인터내셔널,A,A,A+,A,2021
483,LX인터내셔널,A,B+,A,A,2022
484,LX인터내셔널,B+,B+,A+,B,2024
485,LX하우시스,A,A,A+,A,2020
486,LX하우시스,A,A,A+,A,2021
487,LX하우시스,A,B+,A,A,2022
488,LX하우시스,A,A,A,B+,2024
489,LX홀딩스,NAN,NAN,NAN,NAN,2022
490,LX홀딩스,B+,B+,A,B+,2024
491,MH에탄올,B,C,B,B+,2020
492,MH에탄올,B,B,D,B+,2021
493,MH에탄올,C,C,D,B,2022
494,MH에탄올,D,D,D,C,2024
495,NAVER,A,B+,B+,A+,2020
496,NAVER,A+,A,A,A+,2021
497,NAVER,A,A,A,A,2022
498,NAVER,A+,A,A+,A+,2024
499,NH투자증권,B+,B,A+,B+,2020
500,NH투자증권,A,A,A+,A,2021
501,NH투자증권,B+,A,A,B+,2022
502,NH투자증권,A,A,A,A,2024
503,NICE,B,D,B,B+,2020
504,NICE,B+,B,A,B+,2021
505,NICE,B+,C,B+,B+,2022
506,NICE,B+,B,A,B+,2024
507,NICE평가정보,B,D,B,B,2020
508,NICE평가정보,B+,B,A,B,2021
509,NICE평가정보,NAN,NAN,NAN,NAN,2022
510,NICE평가정보,NAN,NAN,NAN,NAN,2024
511,NI스틸,C,D,C,B,2020
512,NI스틸,C,D,C,B,2021
513,NI스틸,D,D,D,C,2022
514,NI스틸,D,D,D,D,2024
515,OCI,NAN,NAN,NAN,NAN,2024
516,OCI홀딩스,A,A,A+,A,2020
517,OCI홀딩스,A,B+,A+,A,2021
518,OCI홀딩스,A,B+,A,A,2022
519,OCI홀딩스,A,A,A,A,2024
520,PI첨단소재,B,C,B,B+,2020
521,PI첨단소재,B+,B+,B,B+,2021
522,PI첨단소재,NAN,NAN,NAN,NAN,2022
523,PI첨단소재,B+,B+,A,B,2024
524,POSCO홀딩스,A,A,B,A+,2020
525,POSCO홀딩스,A,A,B+,A+,2021
526,POSCO홀딩스,A,A,A,A+,2022
527,POSCO홀딩스,A+,A,A+,A+,2024
528,S-Oil,A+,A,A+,A+,2020
529,S-Oil,A,B+,A+,A+,2021
530,S-Oil,A,B,A+,A+,2022
531,S-Oil,A+,A,A+,A+,2024
532,SBS,B,C,B,B+,2020
533,SBS,B,D,B+,B+,2021
534,SBS,C,D,D,B+,2022
535,SBS,B+,B+,A,B+,2024
536,SGC에너지,C,C,B,C,2020
537,SGC에너지,B+,B+,A,B+,2021
538,SGC에너지,B+,B+,A,B+,2022
539,SGC에너지,B+,A,A,B,2024
540,SG글로벌,D,C,C,D,2020
541,SG글로벌,C,C,C,C,2021
542,SG글로벌,D,D,D,D,2022
543,SG글로벌,D,C,D,D,2024
544,SG세계물산,C,D,B,C,2020
545,SG세계물산,C,D,B,C,2021
546,SG세계물산,D,D,D,D,2022
547,SG세계물산,D,D,D,D,2024
548,SHD,D,D,C,D,2020
549,SHD,C,D,C,B,2021
550,SHD,D,D,D,C,2022
551,SHD,C,D,D,B,2024
552,SH에너지화학,C,C,C,B+,2020
553,SH에너지화학,B,B,D,B+,2021
554,SH에너지화학,C,C,D,B+,2022
555,SH에너지화학,C,C,D,B,2024
556,SIMPAC,C,C,B,C,2020
557,SIMPAC,B,B,B,B,2021
558,SIMPAC,D,D,C,D,2022
559,SIMPAC,D,C,C,D,2024
560,SJG세종,C,B,B+,C,2020
561,SJG세종,B,B,B,B,2021
562,SJG세종,C,D,B,D,2022
563,SJG세종,D,C,C,D,2023
564,SJG세종,D,C,C,D,2024
565,SK,A+,A,A+,A+,2020
566,SK,A+,A+,A+,A+,2021
567,SK,A+,A,A,A+,2022
568,SK,A+,A,A+,A+,2023
569,SK,A+,A,A+,A+,2024
570,SKC,B+,B+,A+,B,2020
571,SKC,A,A,A+,B+,2021
572,SKC,A,B+,A+,A,2022
573,SKC,A+,A+,A+,A,2023
574,SKC,A+,A+,A+,A,2024
575,SK가스,A,B+,A+,A,2020
576,SK가스,A,A,A+,A,2021
577,SK가스,A,A,A+,A,2022
578,SK가스,A+,A+,A+,A,2023
579,SK가스,A+,A+,A+,A,2024
580,SK네트웍스,A,B+,A+,A,2020
581,SK네트웍스,A,B+,A+,A,2021
582,SK네트웍스,A,A,A+,B+,2022
583,SK네트웍스,A,A,A+,A,2023
584,SK네트웍스,A,A,A+,A,2024
585,SK디스커버리,A,B,A,A,2020
586,SK디스커버리,A,A,A+,A,2021
587,SK디스커버리,A,A,A+,B+,2022
588,SK디스커버리,A,A+,A+,A,2023
589,SK디스커버리,A,A+,A+,A,2024
590,SK디앤디,B,C,B,B+,2020
591,SK디앤디,A,A,A+,A,2021
592,SK디앤디,A,A,A,A,2022
593,SK디앤디,A,A,A+,A,2023
594,SK디앤디,A,A,A+,A,2024
595,SK렌터카,B,B,C,B,2020
596,SK렌터카,A,B+,A+,B+,2021
597,SK렌터카,B+,A,A,B+,2022
598,SK렌터카,A,A+,A+,A,2023
599,SK렌터카,A,A+,A+,A,2024
600,SK바이오사이언스,NAN,NAN,NAN,NAN,2021
601,SK바이오사이언스,A,A,A+,A,2022
602,SK바이오사이언스,A,B+,A,A,2023
603,SK바이오사이언스,A,B+,A,A,2024
604,SK스퀘어,NAN,NAN,NAN,NAN,2022
605,SK스퀘어,A,A,A+,A,2023
606,SK스퀘어,A,A,A+,A,2024
607,SK아이이테크놀로지,NAN,NAN,NAN,NAN,2021
608,SK아이이테크놀로지,NAN,NAN,NAN,NAN,2022
609,SK아이이테크놀로지,A,A,A+,B+,2023
610,SK아이이테크놀로지,A,A,A+,B+,2024
611,SK이노베이션,A,A,A,A,2020
612,SK이노베이션,A+,A,A+,A+,2021
613,SK이노베이션,A,B+,A+,A+,2022
614,SK이노베이션,A+,A,A+,A+,2023
615,SK이노베이션,A+,A,A+,A+,2024
616,SK증권,B,D,A,B,2020
617,SK증권,B+,C,A,B+,2021
618,SK증권,B+,C,B+,B+,2022
619,SK증권,B+,B,B+,B+,2023
620,SK증권,B+,B,B+,B+,2024
621,SK케미칼,B+,B+,A,B+,2020
622,SK케미칼,A,A,A+,A,2021
623,SK케미칼,A+,A+,A+,A,2022
624,SK케미칼,A+,A+,A+,A,2023
625,SK케미칼,A+,A+,A+,A,2024
626,SK텔레콤,A,A+,A,A,2020
627,SK텔레콤,A,A,A+,A,2021
628,SK텔레콤,A,A+,A,A,2022
629,SK텔레콤,A,A,A,A,2023
630,SK텔레콤,A,A,A,A,2024
631,SK하이닉스,A,A,A+,A,2020
632,SK하이닉스,A,B+,A+,A,2021
633,SK하이닉스,B+,B+,A,B+,2022
634,SK하이닉스,A,A,A+,A,2023
635,SK하이닉스,A,A,A+,A,2024
636,SNT다이내믹스,B+,B+,B+,B+,2020
637,SNT다이내믹스,B,B,C,B,2021
638,SNT다이내믹스,C,C,C,B,2022
639,SNT다이내믹스,C,C,C,C,2023
640,SNT다이내믹스,C,C,C,C,2024
641,SNT모티브,B+,B,B+,B+,2020
642,SNT모티브,B,C,B,B+,2021
643,SNT모티브,C,C,D,B,2022
644,SNT모티브,C,C,C,C,2023
645,SNT모티브,C,C,C,C,2024
646,SNT에너지,B+,B,B,B+,2020
647,SNT에너지,B,B,B,B,2021
648,SNT에너지,C,D,C,C,2022
649,SNT에너지,D,D,C,D,2023
650,SNT에너지,D,D,C,D,2024
651,SNT홀딩스,B+,C,B+,B+,2020
652,SNT홀딩스,B+,B,B,B+,2021
653,SNT홀딩스,C,C,C,B,2022
654,SNT홀딩스,B,C,C,B+,2023
655,SNT홀딩스,B,C,C,B+,2024
656,SPC삼립,B+,B,A,B,2020
657,SPC삼립,B+,B,A,B+,2021
658,SPC삼립,B,C,B+,B,2022
659,SPC삼립,D,C,C,D,2023
660,SPC삼립,D,C,C,D,2024
661,STX,B,C,B+,B,2020
662,STX,B,D,B,B+,2021
663,STX,C,D,C,C,2022
664,STX,C,D,C,C,2023
665,STX,C,D,C,C,2024
666,STX엔진,B+,B+,B+,B,2020
667,STX엔진,B+,B,B,B+,2021
668,STX엔진,C,D,B,D,2022
669,STX엔진,C,C,B,D,2023
670,STX엔진,C,C,B,D,2024
671,SUN&L,B+,B,B,B+,2020
672,SUN&L,B+,B,B,B+,2021
673,SUN&L,C,D,C,B,2022
674,SUN&L,C,C,C,C,2023
675,SUN&L,C,C,C,C,2024
676,TCC스틸,C,B,B,C,2020
677,TCC스틸,B,B,C,B,2021
678,TCC스틸,C,C,C,C,2022
679,TCC스틸,C,B+,B+,D,2023
680,TCC스틸,C,B+,B+,D,2024
681,TP,C,D,B+,B,2020
682,TP,B,C,B+,B,2021
683,TP,C,D,B,D,2022
684,TP,D,D,C,D,2023
685,TP,D,D,C,D,2024
686,TYM,B+,B,B+,B+,2020
687,TYM,A,B+,A+,B+,2021
688,TYM,B+,B,B+,B+,2022
689,TYM,B+,B+,A,B,2023
690,TYM,B+,B+,A,B,2024
691,WISCOM,C,C,C,B+,2020
692,WISCOM,C,C,C,B+,2021
693,WISCOM,C,D,D,B,2022
694,WISCOM,C,C,C,B,2023
695,WISCOM,C,C,C,B,2024
696,YG PLUS,B,D,B,B,2020
697,YG PLUS,C,D,C,B,2021
698,YG PLUS,D,D,D,D,2022
699,YG PLUS,D,D,D,D,2023
700,YG PLUS,D,D,D,D,2024
701,가온전선,B+,B,B+,B+,2020
702,가온전선,B+,B,B+,B+,2021
703,가온전선,B,C,B+,B+,2022
704,가온전선,B+,B+,A,B,2023
705,가온전선,B+,B+,A,B,2024
706,강남제비스코,B,B,C,B,2020
707,강남제비스코,B,B,B,B+,2021
708,강남제비스코,C,C,B,B,2022
709,강남제비스코,B+,B+,B+,B+,2023
710,강남제비스코,B+,B+,B+,B+,2024
711,강원랜드,A,B,A,A,2020
712,강원랜드,A,B+,A,A,2021
713,강원랜드,A,B+,A+,A,2022
714,강원랜드,A,A+,A+,A,2023
715,강원랜드,A,A+,A+,A,2024
716,갤럭시아에스엠,C,D,C,C,2020
717,갤럭시아에스엠,C,D,D,B,2021
718,갤럭시아에스엠,D,D,D,D,2022
719,갤럭시아에스엠,D,D,D,D,2023
720,갤럭시아에스엠,D,D,D,D,2024
721,경농,C,B,B+,C,2020
722,경농,B,B,B,B,2021
723,경농,C,C,D,B,2022
724,경농,C,C,D,B+,2023
725,경농,C,C,D,B+,2024
726,경동나비엔,B+,B,B+,B+,2020
727,경동나비엔,B+,B+,B+,B+,2021
728,경동나비엔,C,C,B,D,2022
729,경동나비엔,B,B+,A,C,2023
730,경동나비엔,B,B+,A,C,2024
731,경동도시가스,B+,B,A,B+,2020
732,경동도시가스,A,B+,A,A,2021
733,경동도시가스,B,C,B+,B,2022
734,경동도시가스,C,C,B+,D,2023
735,경동도시가스,C,C,B+,D,2024
736,경동인베스트,B,C,B,B+,2020
737,경동인베스트,B+,B+,A,B+,2021
738,경동인베스트,C,C,B+,C,2022
739,경동인베스트,C,C,B+,C,2023
740,경동인베스트,C,C,B+,C,2024
741,경방,C,C,B,B,2020
742,경방,C,C,C,B+,2021
743,경방,D,C,D,D,2022
744,경방,C,C,D,C,2023
745,경방,C,C,D,C,2024
746,경보제약,B,B,B,B,2020
747,경보제약,B+,B+,A,B+,2021
748,경보제약,B+,B,A,B+,2022
749,경보제약,B+,B+,A,B+,2023
750,경보제약,B+,B+,A,B+,2024
751,경인양행,B,B,C,B,2020
752,경인양행,C,C,B,B,2021
753,경인양행,C,B,B+,D,2022
754,경인양행,C,B+,B+,D,2023
755,경인양행,C,B+,B+,D,2024
756,경인전자,C,D,C,B,2020
757,경인전자,C,D,C,B,2021
758,경인전자,D,D,D,D,2022
759,경인전자,D,D,D,C,2023
760,경인전자,D,D,D,C,2024
761,계룡건설산업,B,B,B,B+,2020
762,계룡건설산업,C,D,D,B+,2021
763,계룡건설산업,C,B,B,C,2022
764,계룡건설산업,B+,B+,B+,B,2023
765,계룡건설산업,B+,B+,B+,B,2024
766,계양전기,B,B,B+,B,2020
767,계양전기,B,B,B+,B,2021
768,계양전기,C,C,B,D,2022
769,계양전기,C,C,C,C,2023
770,계양전기,C,C,C,C,2024
771,고려산업,C,C,C,C,2020
772,고려산업,C,C,D,B,2021
773,고려산업,D,D,D,D,2022
774,고려산업,D,D,D,C,2023
775,고려산업,D,D,D,C,2024
776,고려아연,B,B+,C,B+,2020
777,고려아연,B,B+,C,B+,2021
778,고려아연,B,B+,A,C,2022
779,고려아연,B,A,A,C,2023
780,고려아연,B,A,A,C,2024
781,고려제강,B,B+,B+,C,2020
782,고려제강,B+,B+,B,B+,2021
783,고려제강,D,C,C,D,2022
784,고려제강,C,C,B,D,2023
785,고려제강,C,C,B,D,2024
786,광동제약,B,C,B+,B+,2020
787,광동제약,B,C,B+,B+,2021
788,광동제약,C,D,B,B,2022
789,광동제약,C,C,B,C,2023
790,광동제약,C,C,B,C,2024
791,광명전기,C,C,C,C,2020
792,광명전기,C,C,D,B,2021
793,광명전기,D,D,C,D,2022
794,광명전기,D,C,C,D,2023
795,광명전기,D,C,C,D,2024
796,광전자,B,C,B,B+,2020
797,광전자,B,C,B,B+,2021
798,광전자,D,D,D,C,2022
799,광전자,D,C,D,D,2023
800,광전자,D,C,D,D,2024
801,광주신세계,B+,C,A,B+,2020
802,광주신세계,A,B+,A,A,2021
803,광주신세계,B+,B+,A,B+,2022
804,광주신세계,A,A,A+,A,2023
805,광주신세계,A,A,A+,A,2024
806,교보증권,B,D,B+,B,2020
807,교보증권,B,D,B+,B,2021
808,교보증권,B+,B+,B+,B+,2022
809,교보증권,B+,A,A,B+,2023
810,교보증권,B+,A,A,B+,2024
811,교촌에프앤비,C,D,C,B,2022
812,교촌에프앤비,C,C,C,B,2023
813,교촌에프앤비,C,C,C,B,2024
814,국도화학,B,B,B,B,2020
815,국도화학,B,B,C,B+,2021
816,국도화학,D,C,D,D,2022
817,국도화학,D,C,D,D,2023
818,국도화학,D,C,D,D,2024
819,국동,B,D,C,B+,2020
820,국동,B,D,B,B+,2021
821,국동,D,D,C,D,2022
822,국동,C,D,C,C,2023
823,국동,C,D,C,C,2024
824,국보,C,B,C,C,2020
825,국보,D,D,D,C,2021
826,국보,D,D,D,D,2022
827,국보,D,C,D,D,2023
828,국보,D,C,D,D,2024
829,국제약품,C,D,B,C,2020
830,국제약품,B,D,B,B+,2021
831,국제약품,C,D,C,B,2022
832,국제약품,C,D,C,B,2023
833,국제약품,C,D,C,B,2024
834,그린케미칼,B,B,B,B,2020
835,그린케미칼,B,B,C,B,2021
836,그린케미칼,D,D,D,D,2022
837,그린케미칼,C,C,C,B,2023
838,그린케미칼,C,C,C,B,2024
839,극동유화,B,B,C,B,2020
840,극동유화,B,B,C,B,2021
841,극동유화,D,D,C,D,2022
842,극동유화,D,D,D,D,2023
843,극동유화,D,D,D,D,2024
844,금강공업,C,C,B,B,2020
845,금강공업,C,C,C,B+,2021
846,금강공업,C,D,D,B,2022
847,금강공업,C,C,D,B,2023
848,금강공업,C,C,D,B,2024
849,금비,C,C,B,C,2020
850,금비,C,C,C,B,2021
851,금비,D,D,D,D,2022
852,금비,D,C,D,D,2023
853,금비,D,C,D,D,2024
854,금양,D,D,C,C,2020
855,금양,C,D,C,B+,2021
856,금양,D,D,D,C,2022
857,금양,D,D,D,D,2023
858,금양,D,D,D,D,2024
859,금호건설,C,B,B+,C,2020
860,금호건설,C,C,D,C,2021
861,금호건설,C,C,B+,D,2022
862,금호건설,B,B,B+,B,2023
863,금호건설,B,B,B+,B,2024
864,금호석유화학,A,B+,A,A,2020
865,금호석유화학,B+,B,A,A,2021
866,금호석유화학,A,B+,A,A,2022
867,금호석유화학,A,A,A+,A,2023
868,금호석유화학,A,A,A+,A,2024
869,금호에이치티,D,D,C,C,2020
870,금호에이치티,C,C,C,B,2021
871,금호에이치티,D,D,D,D,2022
872,금호에이치티,D,C,C,D,2023
873,금호에이치티,D,C,C,D,2024
874,금호전기,B,B,B,B,2020
875,금호전기,B,C,B,B+,2021
876,금호전기,D,D,C,D,2022
877,금호전기,D,C,C,D,2023
878,금호전기,D,C,C,D,2024
879,금호타이어,B,B,C,B+,2020
880,금호타이어,B+,B+,A,B+,2021
881,금호타이어,B+,B,A,B,2022
882,금호타이어,A,A,A+,B+,2023
883,금호타이어,A,A,A+,B+,2024
884,기신정기,C,D,B,B,2020
885,기신정기,C,D,C,B,2021
886,기신정기,D,D,D,D,2022
887,기신정기,D,D,D,D,2023
888,기신정기,D,D,D,D,2024
889,기아,A,A,A+,B+,2020
890,기아,A+,A+,A+,A,2021
891,기아,B+,A,A,B,2022
892,기아,B,A,A+,C,2023
893,기아,B,A,A+,C,2024
894,기업은행,B+,B+,A,B+,2020
895,기업은행,A,A,A+,A,2021
896,기업은행,A,A+,A+,B+,2022
897,기업은행,A,A+,A+,A,2023
898,기업은행,A,A+,A+,A,2024
899,까뮤이앤씨,C,D,C,B,2020
900,까뮤이앤씨,C,D,C,B+,2021
901,까뮤이앤씨,C,D,D,B,2022
902,까뮤이앤씨,C,D,D,B,2023
903,까뮤이앤씨,C,D,D,B,2024
904,깨끗한나라,B+,B,B+,B+,2020
905,깨끗한나라,B,B+,B,B,2021
906,깨끗한나라,C,C,B,C,2022
907,깨끗한나라,B+,B+,B+,B,2023
908,깨끗한나라,B+,B+,B+,B,2024
909,남광토건,B,B,B,B,2020
910,남광토건,C,D,C,B,2021
911,남광토건,C,D,D,B,2022
912,남광토건,D,C,D,D,2023
913,남광토건,D,C,D,D,2024
914,남선알미늄,B,C,B+,B,2020
915,남선알미늄,C,C,B,B,2021
916,남선알미늄,D,D,D,C,2022
917,남선알미늄,D,C,C,D,2023
918,남선알미늄,D,C,C,D,2024
919,남성,C,D,B,B,2020
920,남성,C,D,C,B,2021
921,남성,D,D,D,D,2022
922,남성,D,D,D,C,2023
923,남성,D,D,D,C,2024
924,남양유업,B,C,B,B+,2020
925,남양유업,B+,B+,B+,B+,2021
926,남양유업,C,B,B+,D,2022
927,남양유업,B,B+,A,C,2023
928,남양유업,B,B+,A,C,2024
929,남해화학,B,B,B,B+,2020
930,남해화학,B,C,B,B+,2021
931,남해화학,C,C,C,C,2022
932,남해화학,C,C,C,C,2023
933,남해화학,C,C,C,C,2024
934,넥센,B+,B,B+,B+,2020
935,넥센,B+,B+,A,B,2021
936,넥센,B+,B+,A,B,2022
937,넥센,B+,B+,A,B,2023
938,넥센,B+,B+,A,B,2024
939,넥센타이어,B+,B+,B+,B,2020
940,넥센타이어,B+,B+,A,B+,2021
941,넥센타이어,B+,B+,A,B,2022
942,넥센타이어,B+,A,A,B,2023
943,넥센타이어,B+,A,A,B,2024
944,넷마블,B,D,B+,B+,2020
945,넷마블,B+,D,B+,A,2021
946,넷마블,B,C,B+,B,2022
947,넷마블,B+,B+,A,B+,2023
948,넷마블,B+,B+,A,B+,2024
949,노루페인트,B,B,B,B,2020
950,노루페인트,A,A,A+,B+,2021
951,노루페인트,A,B+,A+,B+,2022
952,노루페인트,B+,A,A+,B,2023
953,노루페인트,B+,A,A+,B,2024
954,노루홀딩스,C,C,B,C,2020
955,노루홀딩스,A,A,A+,B+,2021
956,노루홀딩스,A,B+,A+,B+,2022
957,노루홀딩스,A,A,A+,B+,2023
958,노루홀딩스,A,A,A+,B+,2024
959,녹십자,B+,B,A,B,2020
960,녹십자,B+,B+,B+,B+,2021
961,녹십자,B+,B,A,B,2022
962,녹십자,B+,B+,A,B,2023
963,녹십자,B+,B+,A,B,2024
964,녹십자홀딩스,B,C,B+,B,2020
965,녹십자홀딩스,B+,B+,B+,B+,2021
966,녹십자홀딩스,B+,B,A,B+,2022
967,녹십자홀딩스,B+,B+,A,B+,2023
968,녹십자홀딩스,B+,B+,A,B+,2024
969,농심,B+,B+,A,B,2020
970,농심,B+,B,A,B,2021
971,농심,C,B,A,D,2022
972,농심,B+,A,A,B,2023
973,농심,B+,A,A,B,2024
974,농심홀딩스,B+,B,B+,B+,2020
975,농심홀딩스,B+,B,A,B+,2021
976,농심홀딩스,C,B,B+,C,2022
977,농심홀딩스,B+,B+,A,B,2023
978,농심홀딩스,B+,B+,A,B,2024
979,다스코,B,C,B,B+,2020
980,다스코,B,B,C,B+,2021
981,다스코,D,D,D,C,2022
982,다스코,C,C,C,C,2023
983,다스코,C,C,C,C,2024
984,다올투자증권,C,D,B,C,2020
985,다올투자증권,B+,C,A,B+,2021
986,다올투자증권,B+,B,B,B+,2022
987,다올투자증권,B+,B+,B+,B+,2023
988,다올투자증권,B+,B+,B+,B+,2024
989,다우기술,B,C,B+,B,2020
990,다우기술,B+,B,A,B+,2021
991,다우기술,C,B+,A,C,2022
992,다우기술,B+,A,A+,B,2023
993,다우기술,B+,A,A+,B,2024
994,다이나믹디자인,C,D,C,C,2020
995,다이나믹디자인,C,C,C,C,2021
996,다이나믹디자인,D,D,D,C,2022
997,다이나믹디자인,D,D,D,D,2023
998,다이나믹디자인,D,D,D,D,2024
999,대교,B+,D,B+,A,2020
1000,대교,B+,D,B+,A,2021
1001,대교,B,D,B+,B+,2022
1002,대교,B+,C,B+,B+,2023
1003,대교,B+,C,B+,B+,2024
1004,대구백화점,B,D,B,B+,2020
1005,대구백화점,B,D,B+,B+,2021
1006,대구백화점,C,D,D,B+,2022
1007,대구백화점,C,D,C,B,2023
1008,대구백화점,C,D,C,B,2024
1009,대덕,A,B+,A,A,2020
1010,대덕,A,B+,A,A,2021
1011,대덕,B+,B,A,B,2022
1012,대덕,B+,A,A,B,2023
1013,대덕,B+,A,A,B,2024
1014,대덕전자,B+,B,A,B+,2022
1015,대덕전자,A,A,A,B+,2023
1016,대덕전자,A,A,A,B+,2024
1017,대동,B,B,B,B,2020
1018,대동,B+,B,B,B+,2021
1019,대동,D,C,C,D,2022
1020,대동,C,B,A,D,2023
1021,대동,C,B,A,D,2024
1022,대동전자,C,B,C,C,2020
1023,대동전자,C,C,C,B+,2021
1024,대동전자,C,D,D,B,2022
1025,대동전자,D,D,D,C,2023
1026,대동전자,D,D,D,C,2024
1027,대림비앤코,B,C,B,B+,2020
1028,대림비앤코,C,C,C,B+,2021
1029,대림비앤코,D,D,D,C,2022
1030,대림비앤코,C,C,C,C,2023
1031,대림비앤코,C,C,C,C,2024
1032,대림통상,B,B,B,B,2020
1033,대림통상,C,C,C,C,2021
1034,대림통상,D,D,D,D,2022
1035,대림통상,D,C,C,D,2023
1036,대림통상,D,C,C,D,2024
1037,대상,B,B,B+,B,2020
1038,대상,A,A,A+,B+,2021
1039,대상,B+,A,A+,B,2022
1040,대상,A,A,A+,B+,2023
1041,대상,A,A,A+,B+,2024
1042,대상홀딩스,B,C,B,B,2020
1043,대상홀딩스,A,A,A+,B+,2021
1044,대상홀딩스,B+,A,A+,B,2022
1045,대상홀딩스,B+,A,A+,B,2023
1046,대상홀딩스,B+,A,A+,B,2024
1047,대성산업,C,C,B,C,2020
1048,대성산업,C,C,C,B+,2021
1049,대성산업,D,D,C,D,2022
1050,대성산업,D,D,D,D,2023
1051,대성산업,D,D,D,D,2024
1052,대성에너지,B,B,B+,B,2020
1053,대성에너지,B,B,B,B,2021
1054,대성에너지,C,D,B,C,2022
1055,대성에너지,C,C,C,C,2023
1056,대성에너지,C,C,C,C,2024
1057,대성홀딩스,B,C,B+,B,2020
1058,대성홀딩스,B,C,B+,B,2021
1059,대성홀딩스,C,D,B,C,2022
1060,대성홀딩스,C,C,C,C,2023
1061,대성홀딩스,C,C,C,C,2024
1062,대신증권,B,D,B+,B+,2020
1063,대신증권,A,B,A+,A,2021
1064,대신증권,B+,B,B+,B+,2022
1065,대신증권,B+,B,A,B+,2023
1066,대신증권,B+,B,A,B+,2024
1067,대양금속,B,B,C,B,2020
1068,대양금속,C,C,C,B,2021
1069,대양금속,D,D,D,D,2022
1070,대양금속,D,C,C,D,2023
1071,대양금속,D,C,C,D,2024
1072,대영포장,C,B,C,D,2020
1073,대영포장,C,C,C,C,2021
1074,대영포장,D,D,D,D,2022
1075,대영포장,D,D,C,D,2023
1076,대영포장,D,D,C,D,2024
1077,대우건설,B+,A,B,B+,2020
1078,대우건설,A,B+,A,A,2021
1079,대우건설,B+,B+,B+,B+,2022
1080,대우건설,A,A+,B+,A,2023
1081,대우건설,A,A+,B+,A,2024
1082,대우부품,D,D,C,C,2020
1083,대우부품,C,C,C,B,2021
1084,대우부품,D,D,D,D,2022
1085,대우부품,D,D,D,D,2023
1086,대우부품,D,D,D,D,2024
1087,대웅,C,C,B+,C,2020
1088,대웅,B,D,B+,B,2021
1089,대웅,B+,B,A,B,2022
1090,대웅,B+,A,A,B+,2023
1091,대웅,B+,A,A,B+,2024
1092,대웅제약,B+,B,B+,B+,2020
1093,대웅제약,C,D,B,B,2021
1094,대웅제약,B+,B,A,B,2022
1095,대웅제약,B+,A,A,B,2023
1096,대웅제약,B+,A,A,B,2024
1097,대원강업,B,B,B+,B,2020
1098,대원강업,B,B,C,B+,2021
1099,대원강업,C,C,D,C,2022
1100,대원강업,C,B,B+,C,2023
1101,대원강업,C,B,B+,C,2024
1102,대원전선,C,C,C,C,2020
1103,대원전선,C,C,C,B,2021
1104,대원전선,D,D,D,D,2022
1105,대원전선,D,C,D,D,2023
1106,대원전선,D,C,D,D,2024
1107,대원제약,B,D,B+,B+,2020
1108,대원제약,B,D,B,B+,2021
1109,대원제약,B,D,B,B+,2022
1110,대원제약,B,C,B,B+,2023
1111,대원제약,B,C,B,B+,2024
1112,대원화성,B+,B+,B,B+,2020
1113,대원화성,B,B,B,B+,2021
1114,대원화성,D,C,C,D,2022
1115,대원화성,D,C,D,D,2023
1116,대원화성,D,C,D,D,2024
1117,대유에이텍,C,C,C,C,2020
1118,대유에이텍,C,C,C,B,2021
1119,대유에이텍,D,D,C,D,2022
1120,대유에이텍,C,C,B,D,2023
1121,대유에이텍,C,C,B,D,2024
1122,대유플러스,C,C,C,C,2020
1123,대유플러스,C,C,C,C,2021
1124,대유플러스,D,D,D,D,2022
1125,대유플러스,D,C,D,D,2023
1126,대유플러스,D,C,D,D,2024
1127,대창,C,B+,B,C,2020
1128,대창,C,B,B,C,2021
1129,대창,D,D,C,D,2022
1130,대창,D,C,D,D,2023
1131,대창,D,C,D,D,2024
1132,대창단조,B,B,B,B,2020
1133,대창단조,B,B,C,B+,2021
1134,대창단조,C,C,C,C,2022
1135,대창단조,C,C,D,C,2023
1136,대창단조,C,C,D,C,2024
1137,대한방직,C,C,C,B+,2020
1138,대한방직,C,C,C,B+,2021
1139,대한방직,C,D,D,B,2022
1140,대한방직,C,C,D,B,2023
1141,대한방직,C,C,D,B,2024
1142,대한유화,B,B+,B+,C,2020
1143,대한유화,B,B,B,B+,2021
1144,대한유화,C,B,B,D,2022
1145,대한유화,B+,B+,B+,B,2023
1146,대한유화,B+,B+,B+,B,2024
1147,대한전선,B+,B,B+,B+,2020
1148,대한전선,A,A,A+,A,2021
1149,대한전선,A,B+,A+,B+,2022
1150,대한전선,A,A,A+,B+,2023
1151,대한전선,A,A,A+,B+,2024
1152,대한제강,B,B+,B,B,2020
1153,대한제강,B,B,B,B,2021
1154,대한제강,D,D,D,C,2022
1155,대한제강,C,C,C,C,2023
1156,대한제강,C,C,C,C,2024
1157,대한제당,C,C,C,B,2020
1158,대한제당,B,B,C,B+,2021
1159,대한제당,D,D,D,C,2022
1160,대한제당,C,C,C,C,2023
1161,대한제당,C,C,C,C,2024
1162,대한제분,C,C,B,C,2020
1163,대한제분,B,C,C,B+,2021
1164,대한제분,D,C,D,D,2022
1165,대한제분,D,C,D,D,2023
1166,대한제분,D,C,D,D,2024
1167,대한항공,A,A,A+,B+,2020
1168,대한항공,A,A,A+,A,2021
1169,대한항공,A,A,A,A,2022
1170,대한항공,A,A,A+,A,2023
1171,대한항공,A,A,A+,A,2024
1172,대한해운,B,C,B,B,2020
1173,대한해운,B,D,B,B+,2021
1174,대한해운,C,C,B+,C,2022
1175,대한해운,C,B,B+,D,2023
1176,대한해운,C,B,B+,D,2024
1177,대한화섬,C,B,B+,C,2020
1178,대한화섬,B+,B,B+,B+,2021
1179,대한화섬,C,C,C,B,2022
1180,대한화섬,C,C,D,B,2023
1181,대한화섬,C,C,D,B,2024
1182,대현,C,D,C,B,2020
1183,대현,B,D,B,B+,2021
1184,대현,C,D,D,B+,2022
1185,대현,C,D,D,B+,2023
1186,대현,C,D,D,B+,2024
1187,대호에이엘,B,B,C,B,2020
1188,대호에이엘,B,B,C,B,2021
1189,대호에이엘,D,C,D,D,2022
1190,대호에이엘,C,C,D,B,2023
1191,대호에이엘,C,C,D,B,2024
1192,더블유게임즈,B,D,B+,B+,2020
1193,더블유게임즈,B,D,B+,B+,2021
1194,더블유게임즈,B,D,C,B+,2022
1195,더블유게임즈,B,D,C,B+,2023
1196,더블유게임즈,B,D,C,B+,2024
1197,더존비즈온,B,C,B+,B,2020
1198,더존비즈온,B,C,B,B,2021
1199,더존비즈온,D,D,C,D,2022
1200,더존비즈온,C,D,B,D,2023
1201,더존비즈온,C,D,B,D,2024
1202,덕성,B,B,C,B+,2020
1203,덕성,C,C,C,B+,2021
1204,덕성,D,D,C,C,2022
1205,덕성,C,C,D,B,2023
1206,덕성,C,C,D,B,2024
1207,덕양산업,B,B,B,B,2020
1208,덕양산업,C,C,C,B,2021
1209,덕양산업,D,D,C,D,2022
1210,덕양산업,C,D,B,D,2023
1211,덕양산업,C,D,B,D,2024
1212,덴티움,C,D,C,B+,2020
1213,덴티움,B,D,B,B+,2021
1214,덴티움,D,D,C,D,2022
1215,덴티움,D,D,D,D,2023
1216,덴티움,D,D,D,D,2024
1217,도화엔지니어링,B+,B,B,B+,2020
1218,도화엔지니어링,B+,B,B,B+,2021
1219,도화엔지니어링,C,D,C,C,2022
1220,도화엔지니어링,B,C,B,B,2023
1221,도화엔지니어링,B,C,B,B,2024
1222,동국홀딩스,B+,B+,B+,B,2020
1223,동국홀딩스,B+,B+,B,B+,2021
1224,동국홀딩스,B,B+,B,B,2022
1225,동국홀딩스,A,A,A,B+,2023
1226,동국홀딩스,A,A,A,B+,2024
1227,동남합성,C,D,C,B,2020
1228,동남합성,C,D,C,B,2021
1229,동남합성,C,D,D,B,2022
1230,동남합성,D,D,D,C,2023
1231,동남합성,D,D,D,C,2024
1232,동방,C,B,C,C,2020
1233,동방,C,B,D,B,2021
1234,동방,D,C,C,D,2022
1235,동방,C,C,B,D,2023
1236,동방,C,C,B,D,2024
1237,동방아그로,C,D,C,B,2020
1238,동방아그로,C,D,C,B+,2021
1239,동방아그로,D,D,D,C,2022
1240,동방아그로,C,D,C,B,2023
1241,동방아그로,C,D,C,B,2024
1242,동부건설,C,C,B,B,2020
1243,동부건설,C,C,D,B+,2021
1244,동부건설,C,C,B+,C,2022
1245,동부건설,B+,B+,B+,B,2023
1246,동부건설,B+,B+,B+,B,2024
1247,동서,C,D,B,C,2020
1248,동서,C,D,C,B,2021
1249,동서,D,C,C,D,2022
1250,동서,D,C,C,D,2023
1251,동서,D,C,C,D,2024
1252,동성제약,C,D,B,B,2020
1253,동성제약,C,D,C,B+,2021
1254,동성제약,C,D,D,B,2022
1255,동성제약,C,D,C,C,2023
1256,동성제약,C,D,C,C,2024
1257,동성케미컬,B,B,B+,B,2020
1258,동성케미컬,B+,B,B+,B+,2021
1259,동성케미컬,B+,B+,A,B,2022
1260,동성케미컬,A,A+,A+,B+,2023
1261,동성케미컬,A,A+,A+,B+,2024
1262,동아쏘시오홀딩스,B+,C,A,A,2020
1263,동아쏘시오홀딩스,A,B+,A+,A,2021
1264,동아쏘시오홀딩스,A,B,A,A,2022
1265,동아쏘시오홀딩스,A,B+,A+,A,2023
1266,동아쏘시오홀딩스,A,B+,A+,A,2024
1267,동아에스티,B+,D,B+,A,2020
1268,동아에스티,A,B+,A+,A,2021
1269,동아에스티,A,B,A,A,2022
1270,동아에스티,A,B+,A+,A,2023
1271,동아에스티,A,B+,A+,A,2024
1272,동아지질,C,C,C,C,2020
1273,동아지질,C,D,D,B,2021
1274,동아지질,D,D,D,D,2022
1275,동아지질,D,D,D,D,2023
1276,동아지질,D,D,D,D,2024
1277,동아타이어,B,C,B,B,2020
1278,동아타이어,C,D,C,B+,2021
1279,동아타이어,D,D,D,C,2022
1280,동아타이어,D,D,D,D,2023
1281,동아타이어,D,D,D,D,2024
1282,동양,C,C,C,B,2020
1283,동양,C,C,C,B+,2021
1284,동양,D,D,D,C,2022
1285,동양,D,D,D,C,2023
1286,동양,D,D,D,C,2024
1287,동양고속,B,C,B,B+,2020
1288,동양고속,B,C,C,B+,2021
1289,동양고속,D,D,D,D,2022
1290,동양고속,C,C,D,C,2023
1291,동양고속,C,C,D,C,2024
1292,동양생명,B,D,B+,B+,2020
1293,동양생명,B+,C,A,B+,2021
1294,동양생명,B,D,B,B+,2022
1295,동양생명,B,C,B,B+,2023
1296,동양생명,B,C,B,B+,2024
1297,동양철관,C,C,C,C,2020
1298,동양철관,C,D,D,B,2021
1299,동양철관,D,D,D,D,2022
1300,동양철관,C,C,C,C,2023
1301,동양철관,C,C,C,C,2024
1302,동양피스톤,B,B,B,B+,2020
1303,동양피스톤,B,B,C,B+,2021
1304,동양피스톤,C,D,B,D,2022
1305,동양피스톤,C,C,B,D,2023
1306,동양피스톤,C,C,B,D,2024
1307,동원F&B,B,B,B+,B,2020
1308,동원F&B,B+,B,A,B,2021
1309,동원F&B,B,B,A,C,2022
1310,동원F&B,B,B+,A,C,2023
1311,동원F&B,B,B+,A,C,2024
1312,동원금속,B,C,B,B+,2020
1313,동원금속,C,D,C,B+,2021
1314,동원금속,D,D,D,C,2022
1315,동원금속,C,C,C,C,2023
1316,동원금속,C,C,C,C,2024
1317,동원산업,B,C,B,B+,2020
1318,동원산업,B,C,B+,B+,2021
1319,동원산업,C,B,B+,C,2022
1320,동원산업,B+,B+,B+,B,2023
1321,동원산업,B+,B+,B+,B,2024
1322,동원수산,C,D,B,B,2020
1323,동원수산,C,D,C,B+,2021
1324,동원수산,D,D,D,D,2022
1325,동원수산,D,D,D,D,2023
1326,동원수산,D,D,D,D,2024
1327,동원시스템즈,C,B,B,C,2020
1328,동원시스템즈,B,C,B+,B,2021
1329,동원시스템즈,C,B,B+,D,2022
1330,동원시스템즈,B,A,A,C,2023
1331,동원시스템즈,B,A,A,C,2024
1332,동일고무벨트,B+,B,B+,B+,2020
1333,동일고무벨트,B+,B,B+,B+,2021
1334,동일고무벨트,B,C,B+,B,2022
1335,동일고무벨트,A,A,A,B+,2023
1336,동일고무벨트,A,A,A,B+,2024
1337,동일산업,B,B+,C,B+,2020
1338,동일산업,B,B,C,B+,2021
1339,동일산업,C,C,D,B+,2022
1340,동일산업,C,C,D,B,2023
1341,동일산업,C,C,D,B,2024
1342,동일제강,C,C,C,B,2020
1343,동일제강,C,C,C,B,2021
1344,동일제강,D,D,D,C,2022
1345,동일제강,C,C,D,C,2023
1346,동일제강,C,C,D,C,2024
1347,동화약품,B,D,B+,B,2020
1348,동화약품,B,D,B+,B,2021
1349,동화약품,C,C,B+,C,2022
1350,동화약품,C,C,B,C,2023
1351,동화약품,C,C,B,C,2024
1352,두산,A+,A+,A+,A,2020
1353,두산,A,A,A+,B+,2021
1354,두산,B+,B+,A,B,2022
1355,두산,B+,A,A+,B,2023
1356,두산,B+,A,A+,B,2024
1357,두산로보틱스,NAN,NAN,NAN,NAN,2024
1358,두산밥캣,B+,D,A,A,2020
1359,두산밥캣,B+,C,A,A,2021
1360,두산밥캣,B+,B,A,B+,2022
1361,두산밥캣,A,B,A,A,2023
1362,두산밥캣,A,B,A,A,2024
1363,두산에너빌리티,A,A,A+,B+,2020
1364,두산에너빌리티,A,A+,A,B+,2021
1365,두산에너빌리티,B,B+,A,C,2022
1366,두산에너빌리티,B+,A,A+,B,2023
1367,두산에너빌리티,B+,A,A+,B,2024
1368,두산퓨얼셀,B+,B,A,A,2021
1369,두산퓨얼셀,B+,B+,A+,B,2022
1370,두산퓨얼셀,A,B+,A+,A,2023
1371,두산퓨얼셀,A,B+,A+,A,2024
1372,두올,B,C,B,B+,2020
1373,두올,B,C,B,B+,2021
1374,두올,D,D,C,C,2022
1375,두올,C,C,B,D,2023
1376,두올,C,C,B,D,2024
1377,드림텍,C,C,C,B+,2021
1378,드림텍,D,D,D,C,2022
1379,드림텍,C,C,C,B+,2023
1380,드림텍,C,C,C,B+,2024
1381,디씨엠,C,C,C,B,2020
1382,디씨엠,C,D,C,B+,2021
1383,디씨엠,C,D,C,B,2022
1384,디씨엠,C,D,C,B,2023
1385,디씨엠,C,D,C,B,2024
1386,디아이,B,B,B,B,2020
1387,디아이,B,D,B,B+,2021
1388,디아이,D,D,C,D,2022
1389,디아이,D,C,C,D,2023
1390,디아이,D,C,C,D,2024
1391,디아이동일,D,D,C,C,2020
1392,디아이동일,C,D,C,B+,2021
1393,디아이동일,D,D,C,C,2022
1394,디아이동일,D,D,D,C,2023
1395,디아이동일,D,D,D,C,2024
1396,디아이씨,C,C,B,C,2020
1397,디아이씨,C,C,C,B,2021
1398,디아이씨,D,D,C,D,2022
1399,디아이씨,D,C,C,D,2023
1400,디아이씨,D,C,C,D,2024
1401,디와이,C,C,C,B+,2020
1402,디와이,B,C,C,B+,2021
1403,디와이,C,D,D,B+,2022
1404,디와이,C,D,C,B,2023
1405,디와이,C,D,C,B,2024
1406,디와이파워,C,D,B,B,2020
1407,디와이파워,B,C,C,B+,2021
1408,디와이파워,C,D,D,B,2022
1409,디와이파워,C,C,D,C,2023
1410,디와이파워,C,C,D,C,2024
1411,락앤락,C,C,B+,C,2020
1412,락앤락,C,C,C,B+,2021
1413,락앤락,B,B,B+,B,2022
1414,락앤락,C,C,C,B,2023
1415,락앤락,C,C,C,B,2024
1416,롯데관광개발,C,D,B,C,2020
1417,롯데관광개발,B,D,B,B,2021
1418,롯데관광개발,D,D,C,D,2022
1419,롯데관광개발,D,D,C,D,2023
1420,롯데관광개발,D,D,C,D,2024
1421,롯데렌탈,B+,A,A,B,2023
1422,롯데렌탈,B+,A,A,B,2024
1423,롯데손해보험,B+,C,A,A,2020
1424,롯데손해보험,A,B,A+,A,2021
1425,롯데손해보험,B+,B,B+,B+,2022
1426,롯데손해보험,B+,B,B+,B+,2023
1427,롯데손해보험,B+,B,B+,B+,2024
1428,롯데쇼핑,A,A,A+,A,2020
1429,롯데쇼핑,A,A,A+,A,2021
1430,롯데쇼핑,A,A,A+,A,2022
1431,롯데쇼핑,A,A,A+,A,2023
1432,롯데쇼핑,A,A,A+,A,2024
1433,롯데에너지머티리얼즈,C,B,C,C,2020
1434,롯데에너지머티리얼즈,C,C,C,B,2021
1435,롯데에너지머티리얼즈,D,D,D,D,2022
1436,롯데에너지머티리얼즈,C,B,B,C,2023
1437,롯데에너지머티리얼즈,C,B,B,C,2024
1438,롯데웰푸드,A,A,A+,B+,2020
1439,롯데웰푸드,A,A,A,A,2021
1440,롯데웰푸드,A,B,A,A,2022
1441,롯데웰푸드,B+,B+,A,B+,2023
1442,롯데웰푸드,B+,B+,A,B+,2024
1443,롯데이노베이트,A,B+,A,A,2020
1444,롯데이노베이트,A,A,A,A,2021
1445,롯데이노베이트,A,A,A,A,2022
1446,롯데이노베이트,A,A,A+,A,2023
1447,롯데이노베이트,A,A,A+,A,2024
1448,롯데정밀화학,A,A,A+,A,2020
1449,롯데정밀화학,A,A,A+,A,2021
1450,롯데정밀화학,A,A,A+,A,2022
1451,롯데정밀화학,A+,A+,A+,A,2023
1452,롯데정밀화학,A+,A+,A+,A,2024
1453,롯데지주,B+,B,A,B,2020
1454,롯데지주,A,B+,A+,A,2021
1455,롯데지주,A,A,A+,B+,2022
1456,롯데지주,A,A,A+,A,2023
1457,롯데지주,A,A,A+,A,2024
1458,롯데칠성음료,B+,B+,A,B+,2020
1459,롯데칠성음료,A,B+,A+,A,2021
1460,롯데칠성음료,B+,A,A,B,2022
1461,롯데칠성음료,A,A+,A,B+,2023
1462,롯데칠성음료,A,A+,A,B+,2024
1463,롯데케미칼,B+,B,A,A,2020
1464,롯데케미칼,A,B,A+,A,2021
1465,롯데케미칼,A,B+,A+,A,2022
1466,롯데케미칼,B+,A,A+,B,2023
1467,롯데케미칼,B+,A,A+,B,2024
1468,롯데푸드,A,B+,A+,B+,2020
1469,롯데푸드,A,B+,A,A,2021
1470,롯데하이마트,A,B+,A+,A,2020
1471,롯데하이마트,A,A,A+,A,2021
1472,롯데하이마트,A,A,A+,A,2022
1473,롯데하이마트,A,A,A+,A,2023
1474,롯데하이마트,A,A,A+,A,2024
1475,마니커,C,D,B+,C,2020
1476,마니커,C,D,B,B,2021
1477,마니커,D,D,D,D,2022
1478,마니커,D,D,D,C,2023
1479,마니커,D,D,D,C,2024
1480,만호제강,C,C,B,B,2020
1481,만호제강,C,C,C,B+,2021
1482,만호제강,C,D,C,B+,2022
1483,만호제강,C,C,C,B+,2023
1484,만호제강,C,C,C,B+,2024
1485,맵스리얼티1,NAN,NAN,NAN,NAN,2021
1486,맵스리얼티1,NAN,NAN,NAN,NAN,2022
1487,맵스리얼티1,NAN,NAN,NAN,NAN,2023
1488,맵스리얼티1,NAN,NAN,NAN,NAN,2024
1489,메리츠금융지주,B+,D,B+,A,2020
1490,메리츠금융지주,B+,D,B+,A,2021
1491,메리츠금융지주,B,C,C,B+,2022
1492,메리츠금융지주,B+,B,A,B+,2023
1493,메리츠금융지주,B+,B,A,B+,2024
1494,메리츠금융지주,B+,B,A,B+,2024
1495,메리츠금융지주,B+,B,A,B+,2024
1496,메리츠금융지주,B+,B,A,B+,2024
1497,메리츠증권,B+,B,A,B+,2020
1498,메리츠증권,B+,C,A,B+,2021
1499,메리츠증권,B+,C,A,B+,2022
1500,메리츠증권,NAN,NAN,NAN,NAN,2023
1501,메리츠증권,NAN,NAN,NAN,NAN,2024
1502,메리츠증권,NAN,NAN,NAN,NAN,2024
1503,메리츠증권,NAN,NAN,NAN,NAN,2024
1504,메리츠증권,NAN,NAN,NAN,NAN,2024
1505,메리츠화재,B,D,B+,B+,2020
1506,메리츠화재,B,D,B+,B+,2021
1507,메리츠화재,B,C,B,B+,2022
1508,메타랩스,C,D,B,B,2020
1509,메타랩스,C,D,C,B+,2021
1510,메타랩스,D,D,D,D,2022
1511,메타랩스,D,D,D,D,2023
1512,메타랩스,D,D,D,D,2024
1513,메타랩스,D,D,D,D,2024
1514,메타랩스,D,D,D,D,2024
1515,메타랩스,D,D,D,D,2024
1516,메타케어,C,D,C,B,2020
1517,메타케어,B,D,B,B,2021
1518,메타케어,D,D,D,D,2022
1519,메타케어,D,D,D,C,2023
1520,메타케어,D,D,D,C,2024
1521,메타케어,D,D,D,C,2024
1522,메타케어,D,D,D,C,2024
1523,메타케어,D,D,D,C,2024
1524,명문제약,C,D,B,B,2020
1525,명문제약,B,D,B,B+,2021
1526,명문제약,D,D,D,C,2022
1527,명문제약,C,D,D,B,2023
1528,명문제약,C,D,D,B,2024
1529,명문제약,C,D,D,B,2024
1530,명문제약,C,D,D,B,2024
1531,명문제약,C,D,D,B,2024
1532,명신산업,NAN,NAN,NAN,NAN,2021
1533,명신산업,D,D,D,D,2022
1534,명신산업,D,C,C,D,2023
1535,명신산업,D,C,C,D,2024
1536,명신산업,D,C,C,D,2024
1537,명신산업,D,C,C,D,2024
1538,명신산업,D,C,C,D,2024
1539,모나리자,B,B,B,B,2020
1540,모나리자,B,B,C,B,2021
1541,모나리자,D,D,C,D,2022
1542,모나리자,B+,B+,A,B,2023
1543,모나리자,B+,B+,A,B,2024
1544,모나리자,B+,B+,A,B,2024
1545,모나리자,B+,B+,A,B,2024
1546,모나리자,B+,B+,A,B,2024
1547,모나미,C,D,C,B,2020
1548,모나미,C,D,C,B,2021
1549,모나미,D,D,D,D,2022
1550,모나미,D,D,C,D,2023
1551,모나미,D,D,C,D,2024
1552,모나미,D,D,C,D,2024
1553,모나미,D,D,C,D,2024
1554,모나미,D,D,C,D,2024
1555,모나용평,B,C,B,B,2020
1556,모나용평,C,C,C,B,2021
1557,모나용평,D,C,D,D,2022
1558,모나용평,D,C,D,D,2023
1559,모나용평,D,C,D,D,2024
1560,모나용평,D,C,D,D,2024
1561,모나용평,D,C,D,D,2024
1562,모나용평,D,C,D,D,2024
1563,모토닉,B,B,B,B,2020
1564,모토닉,B,B,B,B+,2021
1565,모토닉,B,C,B,B+,2022
1566,모토닉,C,C,C,B,2023
1567,모토닉,C,C,C,B,2024
1568,모토닉,C,C,C,B,2024
1569,모토닉,C,C,C,B,2024
1570,모토닉,C,C,C,B,2024
1571,무림P&P,B+,B+,B+,B+,2020
1572,무림P&P,A,B+,A,A,2021
1573,무림P&P,B+,B,A,B+,2022
1574,무림P&P,B+,B+,A,B+,2023
1575,무림페이퍼,B+,B+,B+,B+,2020
1576,무림페이퍼,A,B+,B+,A,2021
1577,무림페이퍼,B,B,B+,B,2022
1578,무림페이퍼,B+,B+,A,B,2023
1579,무학,C,B,C,C,2020
1580,무학,B,D,B,B+,2021
1581,무학,C,D,C,B,2022
1582,무학,C,C,D,C,2023
1583,문배철강,C,D,C,B,2020
1584,문배철강,C,D,C,B,2021
1585,문배철강,D,D,D,C,2022
1586,문배철강,D,D,D,C,2023
1587,미래산업,B,B,C,B,2020
1588,미래산업,C,C,C,C,2021
1589,미래산업,D,D,D,D,2022
1590,미래산업,D,C,D,D,2023
1591,미래아이앤지,C,D,C,C,2020
1592,미래아이앤지,C,D,C,C,2021
1593,미래아이앤지,D,D,D,D,2022
1594,미래아이앤지,D,D,D,D,2023
1595,미래에셋생명,B,D,B+,B,2020
1596,미래에셋생명,B+,C,A+,B+,2021
1597,미래에셋생명,B+,B,A,B+,2022
1598,미래에셋생명,B+,B,B+,B+,2023
1599,미래에셋증권,A,B+,A+,B+,2020
1600,미래에셋증권,B+,A,A+,B,2021
1601,미래에셋증권,A,A,A+,B+,2022
1602,미래에셋증권,A,A,A+,B+,2023
1603,미원상사,C,D,B,B,2020
1604,미원상사,C,C,D,B,2021
1605,미원상사,C,C,D,C,2022
1606,미원상사,C,C,D,B,2023
1607,미원에스씨,C,C,C,B,2020
1608,미원에스씨,C,C,C,B+,2021
1609,미원에스씨,C,C,C,B,2022
1610,미원에스씨,C,B,B+,C,2023
1611,미원홀딩스,C,C,C,C,2020
1612,미원홀딩스,C,C,C,B,2021
1613,미원홀딩스,C,C,C,B,2022
1614,미원홀딩스,C,C,B,D,2023
1615,미원화학,C,C,C,C,2020
1616,미원화학,C,C,C,B+,2021
1617,미원화학,C,C,D,C,2022
1618,미원화학,C,C,C,C,2023
1619,미창석유공업,C,C,C,B,2020
1620,미창석유공업,C,C,C,B,2021
1621,미창석유공업,C,D,D,B,2022
1622,미창석유공업,D,C,D,D,2023
1623,방림,B,B,C,B,2020
1624,방림,C,C,C,B+,2021
1625,방림,D,D,D,C,2022
1626,방림,C,C,D,C,2023
1627,백광산업,C,B,C,D,2020
1628,백광산업,B,B,C,B,2021
1629,백광산업,D,C,D,D,2022
1630,백광산업,D,C,D,D,2023
1631,백산,C,C,B,B,2020
1632,백산,C,C,B,B,2021
1633,백산,D,D,D,D,2022
1634,백산,D,C,C,D,2023
1635,범양건영,C,D,C,B,2020
1636,범양건영,C,D,B,C,2021
1637,범양건영,D,D,C,D,2022
1638,범양건영,D,D,C,D,2023
1639,벽산,C,B,B,C,2020
1640,벽산,B,B+,B,B,2021
1641,벽산,D,C,C,D,2022
1642,벽산,C,B+,B+,D,2023
1643,보락,C,D,C,B,2020
1644,보락,C,D,C,B,2021
1645,보락,D,D,D,D,2022
1646,보락,D,D,D,C,2023
1647,보령,C,D,B,B,2020
1648,보령,B+,B,A,B+,2021
1649,보령,B+,B+,A,B,2022
1650,보령,B+,A,A,B,2023
1651,보해양조,B,B,B,B,2020
1652,보해양조,C,D,C,B,2021
1653,보해양조,D,D,D,C,2022
1654,보해양조,D,D,D,D,2023
1655,부광약품,C,D,C,B,2020
1656,부광약품,C,D,D,B+,2021
1657,부광약품,C,D,D,B,2022
1658,부광약품,B+,B,A,B+,2023
1659,부국증권,B,D,B,B,2020
1660,부국증권,C,D,B,C,2021
1661,부국증권,C,D,C,B,2022
1662,부국증권,C,D,B,C,2023
1663,부국철강,D,D,C,C,2020
1664,부국철강,C,D,C,B,2021
1665,부국철강,D,D,D,D,2022
1666,부국철강,D,D,D,D,2023
1667,부산산업,D,D,C,C,2020
1668,부산산업,C,D,D,B,2021
1669,부산산업,C,D,D,B,2022
1670,부산산업,D,C,D,D,2023
1671,부산주공,C,B,C,C,2020
1672,부산주공,C,B,D,B,2021
1673,부산주공,D,D,D,D,2022
1674,부산주공,C,C,C,C,2023
1675,비비안,C,D,B,B,2020
1676,비비안,D,D,C,C,2021
1677,비비안,D,D,D,D,2022
1678,비비안,D,D,D,D,2023
1679,비상교육,B,D,B+,B,2020
1680,비상교육,B,D,B+,B+,2021
1681,비상교육,B,D,B,B,2022
1682,비상교육,B,D,B,B,2023
1683,비에이치,NAN,NAN,NAN,NAN,2021
1684,비에이치,NAN,NAN,NAN,NAN,2022
1685,비에이치,NAN,NAN,NAN,NAN,2023
1686,비케이탑스,C,D,B,D,2020
1687,비케이탑스,C,D,C,C,2021
1688,비케이탑스,D,D,D,D,2022
1689,비케이탑스,D,D,D,D,2023
1690,빙그레,A,B+,A+,A,2020
1691,빙그레,A,A,A+,A,2021
1692,빙그레,A,A,A,B+,2022
1693,빙그레,A,A,A+,B+,2023
1694,빙그레,A,A,A+,B+,2024
1695,사조대림,C,D,B,B,2020
1696,사조대림,B+,C,A,B+,2021
1697,사조대림,C,B,B,D,2022
1698,사조대림,B,B+,A,C,2023
1699,사조대림,B,B+,A,C,2024
1700,사조동아원,C,D,C,B,2020
1701,사조동아원,B,C,B,B+,2021
1702,사조동아원,C,C,B+,C,2022
1703,사조동아원,C,B+,B,C,2023
1704,사조동아원,C,B+,B,C,2024
1705,사조산업,D,D,C,D,2020
1706,사조산업,B,C,B,B+,2021
1707,사조산업,C,C,B,D,2022
1708,사조산업,B,B+,B+,C,2023
1709,사조산업,B,B+,B+,C,2024
1710,사조씨푸드,C,D,B,B,2020
1711,사조씨푸드,B,C,B+,B+,2021
1712,사조씨푸드,C,D,B,B,2022
1713,사조씨푸드,B,B,B+,B,2023
1714,사조씨푸드,B,B,B+,B,2024
1715,사조오양,C,D,B,C,2020
1716,사조오양,C,D,B,C,2021
1717,사조오양,C,C,B,D,2022
1718,사조오양,C,B,B+,C,2023
1719,사조오양,C,B,B+,C,2024
1720,삼부토건,C,C,B,B,2020
1721,삼부토건,C,C,D,B+,2021
1722,삼부토건,D,D,D,C,2022
1723,삼부토건,C,C,C,C,2023
1724,삼부토건,C,C,C,C,2024
1725,삼성E&A,A,A,A+,A,2020
1726,삼성E&A,A,A,A+,A,2021
1727,삼성E&A,A,A,A+,B+,2022
1728,삼성E&A,A,A+,A+,A,2023
1729,삼성E&A,A,A+,A+,A,2024
1730,삼성SDI,A,A,A,B+,2020
1731,삼성SDI,A,A,A+,B+,2021
1732,삼성SDI,A,A,A+,B+,2022
1733,삼성SDI,A,A+,A+,B+,2023
1734,삼성SDI,A,A+,A+,B+,2024
1735,삼성공조,C,C,C,B,2020
1736,삼성공조,C,C,C,B,2021
1737,삼성공조,C,D,C,B,2022
1738,삼성공조,C,C,C,C,2023
1739,삼성공조,C,C,C,C,2024
1740,삼성물산,A,A+,A,B+,2020
1741,삼성물산,A,A,A+,A,2021
1742,삼성물산,A,A,A,A,2022
1743,삼성물산,A+,A+,A+,A+,2023
1744,삼성물산,A+,A+,A+,A+,2024
1745,삼성바이오로직스,B+,B,A,B+,2020
1746,삼성바이오로직스,A,A,A+,A,2021
1747,삼성바이오로직스,A,A,A+,A,2022
1748,삼성바이오로직스,A+,A,A,A+,2023
1749,삼성바이오로직스,A+,A,A,A+,2024
1750,삼성생명,B+,A,A,B+,2020
1751,삼성생명,A,A,A+,B+,2021
1752,삼성생명,A,A,A+,B+,2022
1753,삼성생명,A,A+,A+,B+,2023
1754,삼성생명,A,A+,A+,B+,2024
1755,삼성에스디에스,A,B+,A+,A,2020
1756,삼성에스디에스,A,A,A+,A,2021
1757,삼성에스디에스,A,A,A+,A,2022
1758,삼성에스디에스,A,A,A+,B+,2023
1759,삼성에스디에스,A,A,A+,B+,2024
1760,삼성전기,A,A,A+,B+,2020
1761,삼성전기,A,A,A+,B+,2021
1762,삼성전기,A,A,A+,A,2022
1763,삼성전기,A,A,A+,A,2023
1764,삼성전기,A,A,A+,A,2024
1765,삼성전자,B,A,A+,C,2020
1766,삼성전자,B+,A,A+,B,2021
1767,삼성전자,A,A,A+,B+,2022
1768,삼성전자,A,A,A+,B+,2023
1769,삼성전자,A,A,A+,B+,2024
1770,삼성제약,C,B,C,D,2020
1771,삼성제약,C,D,C,B,2021
1772,삼성제약,D,D,D,D,2022
1773,삼성제약,D,D,D,C,2023
1774,삼성제약,D,D,D,C,2024
1775,삼성중공업,B+,B+,B,A,2020
1776,삼성중공업,B+,B,A,B+,2021
1777,삼성중공업,B+,B+,B+,B+,2022
1778,삼성중공업,A,A,A+,B+,2023
1779,삼성중공업,A,A,A+,B+,2024
1780,삼성증권,B+,B,A+,B,2020
1781,삼성증권,A,A,A+,B+,2021
1782,삼성증권,A,A,A+,B+,2022
1783,삼성증권,B+,A,A+,B,2023
1784,삼성증권,B+,A,A+,B,2024
1785,삼성출판사,C,D,C,B,2020
1786,삼성출판사,C,D,D,B+,2021
1787,삼성출판사,C,D,D,B+,2022
1788,삼성출판사,C,D,D,B,2023
1789,삼성출판사,C,D,D,B,2024
1790,삼성카드,B,D,B+,B+,2020
1791,삼성카드,A,A+,A+,A,2021
1792,삼성카드,A,A,A+,A,2022
1793,삼성카드,A,A+,A+,A,2023
1794,삼성카드,A,A+,A+,A,2024
1795,삼성화재해상보험,A,A+,A+,A,2020
1796,삼성화재해상보험,A,A+,A+,B+,2021
1797,삼성화재해상보험,A,A,A,A,2022
1798,삼성화재해상보험,A,A,A+,A,2023
1799,삼성화재해상보험,A,A,A+,A,2024
1800,삼아알미늄,B,B,C,B,2020
1801,삼아알미늄,B,B,C,B+,2021
1802,삼아알미늄,C,D,D,B,2022
1803,삼아알미늄,C,C,D,C,2023
1804,삼아알미늄,C,C,D,C,2024
1805,삼양사,B+,B+,B+,B,2020
1806,삼양사,A,A,A,B+,2021
1807,삼양사,B+,B+,A,B,2022
1808,삼양사,B+,A+,A,B,2023
1809,삼양사,B+,A+,A,B,2024
1810,삼양식품,B,B,B,B,2020
1811,삼양식품,A,A,A+,A,2021
1812,삼양식품,B+,A,A+,B,2022
1813,삼양식품,A,A,A+,A,2023
1814,삼양식품,A,A,A+,A,2024
1815,삼양통상,C,B,C,D,2020
1816,삼양통상,B,C,C,B+,2021
1817,삼양통상,C,D,D,B,2022
1818,삼양통상,C,C,D,B+,2023
1819,삼양통상,C,C,D,B+,2024
1820,삼양패키징,C,C,B+,C,2020
1821,삼양패키징,B+,B,B+,B+,2021
1822,삼양패키징,B,C,B+,B,2022
1823,삼양패키징,B,B+,B+,C,2023
1824,삼양패키징,B,B+,B+,C,2024
1825,삼양홀딩스,B+,B,B+,B+,2020
1826,삼양홀딩스,B+,A,A,B,2021
1827,삼양홀딩스,B+,B+,A,B,2022
1828,삼양홀딩스,B+,A,A,B+,2023
1829,삼양홀딩스,B+,A,A,B+,2024
1830,삼영,C,B,C,C,2020
1831,삼영,B,B,C,B,2021
1832,삼영,C,C,D,C,2022
1833,삼영,C,C,D,C,2023
1834,삼영,C,C,D,C,2024
1835,삼영무역,C,D,C,C,2020
1836,삼영무역,B,D,C,B+,2021
1837,삼영무역,B,D,C,B+,2022
1838,삼영무역,C,D,D,B+,2023
1839,삼영무역,C,D,D,B+,2024
1840,삼영전자공업,B+,B+,B+,B,2020
1841,삼영전자공업,B,B,B,B+,2021
1842,삼영전자공업,C,C,D,C,2022
1843,삼영전자공업,D,C,C,D,2023
1844,삼영전자공업,D,C,C,D,2024
1845,삼원강재,B,B+,C,B,2020
1846,삼원강재,C,B,D,B,2021
1847,삼원강재,C,C,D,C,2022
1848,삼원강재,B,B,B,B+,2023
1849,삼원강재,B,B,B,B+,2024
1850,삼익THK,B+,B,B,B+,2020
1851,삼익THK,B+,B,B,B+,2021
1852,삼익THK,C,C,C,C,2022
1853,삼익THK,C,C,C,B,2023
1854,삼익THK,C,C,C,B,2024
1855,삼익악기,C,D,C,B,2020
1856,삼익악기,C,D,C,B+,2021
1857,삼익악기,D,C,D,D,2022
1858,삼익악기,C,C,D,C,2023
1859,삼익악기,C,C,D,C,2024
1860,삼일씨엔에스,B,C,B,B+,2020
1861,삼일씨엔에스,B,C,B,B+,2021
1862,삼일씨엔에스,D,D,D,D,2022
1863,삼일씨엔에스,D,C,D,D,2023
1864,삼일씨엔에스,D,C,D,D,2024
1865,삼일제약,B,D,B+,B,2020
1866,삼일제약,B,D,B,B+,2021
1867,삼일제약,D,D,D,C,2022
1868,삼일제약,C,D,C,C,2023
1869,삼일제약,C,D,C,C,2024
1870,삼정펄프,C,C,B,C,2020
1871,삼정펄프,C,C,D,B,2021
1872,삼정펄프,D,D,C,D,2022
1873,삼정펄프,D,C,C,D,2023
1874,삼정펄프,D,C,C,D,2024
1875,삼진제약,B,D,B+,B,2020
1876,삼진제약,B,D,B,B+,2021
1877,삼진제약,D,D,D,D,2022
1878,삼진제약,C,D,D,B+,2023
1879,삼진제약,C,D,D,B+,2024
1880,삼천리,B+,B+,A,B+,2020
1881,삼천리,B+,B,A,B+,2021
1882,삼천리,C,C,B+,C,2022
1883,삼천리,C,B,B,C,2023
1884,삼천리,C,B,B,C,2024
1885,삼호개발,D,D,C,C,2020
1886,삼호개발,C,D,D,B,2021
1887,삼호개발,B,C,B+,B,2022
1888,삼호개발,B+,B,A,B+,2023
1889,삼호개발,B+,B,A,B+,2024
1890,삼화왕관,B,B,C,B,2020
1891,삼화왕관,B,B,C,B,2021
1892,삼화왕관,D,D,D,D,2022
1893,삼화왕관,D,C,D,D,2023
1894,삼화왕관,D,C,D,D,2024
1895,삼화전기,C,C,B,B,2020
1896,삼화전기,C,C,C,B,2021
1897,삼화전기,D,D,D,D,2022
1898,삼화전기,D,C,C,D,2023
1899,삼화전기,D,C,C,D,2024
1900,삼화전자공업,D,D,C,C,2020
1901,삼화전자공업,C,C,C,B,2021
1902,삼화전자공업,D,D,D,D,2022
1903,삼화전자공업,D,D,D,D,2023
1904,삼화전자공업,D,D,D,D,2024
1905,삼화콘덴서공업,B,B,B,B,2020
1906,삼화콘덴서공업,C,C,B,B,2021
1907,삼화콘덴서공업,D,D,C,D,2022
1908,삼화콘덴서공업,D,C,C,D,2023
1909,삼화콘덴서공업,D,C,C,D,2024
1910,삼화페인트공업,B+,B,B+,B+,2020
1911,삼화페인트공업,B+,B+,B+,A,2021
1912,삼화페인트공업,B,C,B+,B+,2022
1913,삼화페인트공업,B+,B+,A,B+,2023
1914,삼화페인트공업,B+,B+,A,B+,2024
1915,상상인증권,C,D,B,C,2020
1916,상상인증권,C,D,B,D,2021
1917,상상인증권,D,D,C,D,2022
1918,상상인증권,D,D,C,D,2023
1919,상상인증권,D,D,C,D,2024
1920,상신브레이크,B,B,B,B,2020
1921,상신브레이크,B,B,B,B,2021
1922,상신브레이크,D,D,C,C,2022
1923,상신브레이크,C,D,B,C,2023
1924,상신브레이크,C,D,B,C,2024
1925,새론오토모티브,B,B,B,B,2020
1926,새론오토모티브,C,C,C,B,2021
1927,새론오토모티브,D,D,C,C,2022
1928,새론오토모티브,D,C,D,D,2023
1929,새론오토모티브,D,C,D,D,2024
1930,샘표,C,B,B+,C,2020
1931,샘표,B,B,B+,B,2021
1932,샘표,C,D,C,C,2022
1933,샘표,C,C,B,D,2023
1934,샘표,C,C,B,D,2024
1935,샘표식품,C,B,B+,C,2020
1936,샘표식품,B,B,B+,B,2021
1937,샘표식품,C,D,C,C,2022
1938,샘표식품,C,C,B,D,2023
1939,샘표식품,C,C,B,D,2024
1940,서연,B+,C,B+,B+,2020
1941,서연,B+,B+,A,B+,2021
1942,서연,B+,B,A,B,2022
1943,서연,B+,B+,A,B+,2023
1944,서연,B+,B+,A,B+,2024
1945,서연이화,B+,B,B+,B+,2020
1946,서연이화,A,B+,A,A,2021
1947,서연이화,B+,B,A,B+,2022
1948,서연이화,B+,B+,A,B,2023
1949,서연이화,B+,B+,A,B,2024
1950,서울도시가스,B,C,B+,B,2020
1951,서울도시가스,B+,C,B+,A,2021
1952,서울도시가스,C,D,B,C,2022
1953,서울도시가스,C,C,B,C,2023
1954,서울도시가스,C,C,B,C,2024
1955,서울식품공업,B,B,B,B,2020
1956,서울식품공업,B+,B,B,B+,2021
1957,서울식품공업,D,D,D,D,2022
1958,서울식품공업,D,C,D,D,2023
1959,서울식품공업,D,C,D,D,2024
1960,서원,B,B,C,B,2020
1961,서원,B,B,C,B+,2021
1962,서원,C,C,D,C,2022
1963,서원,C,C,D,C,2023
1964,서원,C,C,D,C,2024
1965,서흥,C,C,C,B,2020
1966,서흥,B,C,B,B+,2021
1967,서흥,B,C,B,B+,2022
1968,서흥,B+,B+,A,B,2023
1969,서흥,B+,B+,A,B,2024
1970,선도전기,B,B,C,B,2020
1971,선도전기,C,C,C,B,2021
1972,선도전기,D,D,D,D,2022
1973,선도전기,D,C,C,D,2023
1974,선도전기,D,C,C,D,2024
1975,선진,B,D,B,B+,2020
1976,선진,B+,B,A,B,2021
1977,선진,C,C,B+,C,2022
1978,선진,B+,C,B,A,2023
1979,선진,B+,C,B,A,2024
1980,성문전자,C,C,B,C,2020
1981,성문전자,C,C,C,C,2021
1982,성문전자,D,D,C,D,2022
1983,성문전자,C,C,D,C,2023
1984,성문전자,C,C,D,C,2024
1985,성보화학,C,D,B,B,2020
1986,성보화학,B,D,B,B+,2021
1987,성보화학,D,D,C,C,2022
1988,성보화학,D,D,C,C,2023
1989,성보화학,D,D,C,C,2024
1990,성신양회,C,B+,B,C,2020
1991,성신양회,B+,B+,B+,B+,2021
1992,성신양회,C,C,B,C,2022
1993,성신양회,B,B,A,C,2023
1994,성신양회,B,B,A,C,2024
1995,성안머티리얼스,C,C,C,B,2020
1996,성안머티리얼스,D,D,C,C,2021
1997,성안머티리얼스,C,D,D,B,2022
1998,성안머티리얼스,D,D,D,D,2023
1999,성안머티리얼스,D,D,D,D,2024
2000,성창기업지주,C,D,C,C,2020
2001,성창기업지주,C,D,C,C,2021
2002,성창기업지주,D,D,D,D,2022
2003,성창기업지주,D,D,D,C,2023
2004,성창기업지주,D,D,D,C,2024
2005,세기상사,C,D,C,C,2020
2006,세기상사,C,D,C,B,2021
2007,세기상사,D,D,D,D,2022
2008,세기상사,C,D,D,B,2023
2009,세기상사,C,D,D,B,2024
2010,세방,B+,B,B+,B+,2020
2011,세방,B,B,D,B+,2021
2012,세방,C,C,C,B,2022
2013,세방,B+,B+,B+,B,2023
2014,세방,B+,B+,B+,B,2024
2015,세방전지,B,B+,B,B,2020
2016,세방전지,B,B,B,B+,2021
2017,세방전지,C,B,C,C,2022
2018,세방전지,C,C,C,C,2023
2019,세방전지,C,C,C,C,2024
2020,세아베스틸지주,B,B,B,B+,2020
2021,세아베스틸지주,B+,B+,B,B+,2021
2022,세아베스틸지주,C,C,B,B,2022
2023,세아베스틸지주,A,A,A,A,2023
2024,세아베스틸지주,A,A,A,A,2024
2025,세아제강,B,B,B+,B,2020
2026,세아제강,B+,B+,B+,B+,2021
2027,세아제강,B+,B,B+,B+,2022
2028,세아제강,A,B+,A,A,2023
2029,세아제강,A,B+,A,A,2024
2030,세아제강지주,B,C,B,B,2020
2031,세아제강지주,B+,B+,B+,B+,2021
2032,세아제강지주,B,B,B+,B,2022
2033,세아제강지주,B+,B+,A,B+,2023
2034,세아제강지주,B+,B+,A,B+,2024
2035,세아특수강,B,B,C,B,2020
2036,세아특수강,B+,B+,B+,B+,2021
2037,세아특수강,B+,C,B+,A,2022
2038,세아특수강,A,B+,A,A,2023
2039,세아특수강,A,B+,A,A,2024
2040,세아홀딩스,B,C,B,B+,2020
2041,세아홀딩스,B+,B+,B+,B+,2021
2042,세아홀딩스,C,C,B+,C,2022
2043,세아홀딩스,B+,A,A+,B,2023
2044,세아홀딩스,B+,A,A+,B,2024
2045,세우글로벌,C,B,C,C,2020
2046,세우글로벌,D,D,C,D,2021
2047,세우글로벌,D,D,D,D,2022
2048,세우글로벌,D,D,D,D,2023
2049,세우글로벌,D,D,D,D,2024
2050,세원이앤씨,B,B,B,B,2020
2051,세원이앤씨,C,D,C,B,2021
2052,세원이앤씨,D,D,C,D,2022
2053,세원이앤씨,D,D,D,D,2023
2054,세원이앤씨,D,D,D,D,2024
2055,세원정공,C,C,B+,D,2020
2056,세원정공,C,C,B,C,2021
2057,세원정공,D,D,C,D,2022
2058,세원정공,C,C,C,C,2023
2059,세원정공,C,C,C,C,2024
2060,세이브존I&C,C,D,B,C,2020
2061,세이브존I&C,C,D,C,B,2021
2062,세이브존I&C,C,D,C,C,2022
2063,세이브존I&C,C,D,C,C,2023
2064,세이브존I&C,C,D,C,C,2024
2065,세진중공업,B,D,B+,B+,2020
2066,세진중공업,C,C,C,B+,2021
2067,세진중공업,D,D,D,C,2022
2068,세진중공업,C,C,D,C,2023
2069,세진중공업,C,C,D,C,2024
2070,셀트리온,B+,B,B,B+,2020
2071,셀트리온,B,C,B+,B+,2021
2072,셀트리온,B,C,B+,B,2022
2073,셀트리온,B,B+,A+,C,2023
2074,셀트리온,B,B+,A+,C,2024
2075,솔루스첨단소재,B,D,B,B+,2021
2076,솔루스첨단소재,C,D,C,B,2022
2077,솔루스첨단소재,B,C,B+,B,2023
2078,솔루스첨단소재,B,C,B+,B,2024
2079,솔루엠,NAN,NAN,NAN,NAN,2022
2080,솔루엠,C,D,D,B,2023
2081,솔루엠,C,D,D,B,2024
2082,송원산업,B,B+,B+,C,2020
2083,송원산업,C,B,B,C,2021
2084,송원산업,D,C,C,D,2022
2085,송원산업,C,B+,B+,D,2023
2086,송원산업,C,B+,B+,D,2024
2087,수산중공업,B,B,B,B,2020
2088,수산중공업,C,D,C,B+,2021
2089,수산중공업,D,D,D,C,2022
2090,수산중공업,C,C,D,B,2023
2091,수산중공업,C,C,D,B,2024
2092,스타에스엠리츠,D,D,D,C,2023
2093,스타에스엠리츠,D,D,D,C,2024
2094,스틱인베스트먼트,B,D,B,B+,2020
2095,스틱인베스트먼트,C,D,C,B+,2021
2096,스틱인베스트먼트,B,C,A,B,2023
2097,스틱인베스트먼트,B,C,A,B,2024
2098,시디즈,C,D,C,B,2020
2099,시디즈,C,C,C,C,2021
2100,시디즈,C,D,C,C,2022
2101,시디즈,D,C,D,D,2023
2102,시디즈,D,C,D,D,2024
2103,시알홀딩스,C,B,B,C,2020
2104,시알홀딩스,B,B,B,B,2021
2105,시알홀딩스,D,C,C,D,2022
2106,시알홀딩스,D,C,D,D,2023
2107,시알홀딩스,D,C,D,D,2024
2108,신대양제지,C,C,C,C,2020
2109,신대양제지,C,C,C,B,2021
2110,신대양제지,D,D,C,D,2022
2111,신대양제지,D,C,D,D,2023
2112,신대양제지,D,C,D,D,2024
2113,신도리코,B,B,B+,B,2020
2114,신도리코,C,C,C,B+,2021
2115,신도리코,C,C,D,B+,2022
2116,신도리코,C,C,D,C,2023
2117,신도리코,C,C,D,C,2024
2118,신라교역,C,D,C,B,2020
2119,신라교역,C,D,D,B+,2021
2120,신라교역,D,D,D,C,2022
2121,신라교역,D,D,D,C,2023
2122,신라교역,D,D,D,C,2024
2123,신성이엔지,C,C,C,B,2020
2124,신성이엔지,B,B,C,B+,2021
2125,신성이엔지,D,D,C,C,2022
2126,신성이엔지,D,C,D,D,2023
2127,신성이엔지,D,C,D,D,2024
2128,신성통상,C,C,D,C,2020
2129,신성통상,C,C,C,B,2021
2130,신성통상,D,D,D,D,2022
2131,신성통상,D,D,D,D,2023
2132,신성통상,D,D,D,D,2024
2133,신세계,A,B+,A,A,2020
2134,신세계,A,A,A+,A,2021
2135,신세계,A,A,A+,B+,2022
2136,신세계,A,A,A+,A,2023
2137,신세계,A,A,A+,A,2024
2138,신세계I&C,B+,B,B+,B+,2020
2139,신세계I&C,B+,B,B+,A,2021
2140,신세계I&C,B+,B+,A,B+,2022
2141,신세계I&C,A,A,A+,A,2023
2142,신세계I&C,A,A,A+,A,2024
2143,신세계건설,B,C,B,B+,2020
2144,신세계건설,B+,C,A,A,2021
2145,신세계건설,B+,B,A,B+,2022
2146,신세계건설,B+,B+,A,B+,2023
2147,신세계건설,B+,B+,A,B+,2024
2148,신세계인터내셔날,A,B,A,A,2020
2149,신세계인터내셔날,A,B+,A,A,2021
2150,신세계인터내셔날,B+,C,B+,B+,2022
2151,신세계인터내셔날,A,A,A,A,2023
2152,신세계인터내셔날,A,A,A,A,2024
2153,신세계푸드,B+,B,B+,B+,2020
2154,신세계푸드,A,B+,A,A,2021
2155,신세계푸드,B,C,B+,B+,2022
2156,신세계푸드,A,B+,A,A,2023
2157,신세계푸드,A,B+,A,A,2024
2158,신송홀딩스,B,D,B,B+,2020
2159,신송홀딩스,C,D,C,B,2021
2160,신송홀딩스,D,D,D,C,2022
2161,신송홀딩스,C,D,D,B,2023
2162,신송홀딩스,C,D,D,B,2024
2163,신영와코루,C,D,B,C,2020
2164,신영와코루,C,D,B,B,2021
2165,신영와코루,D,D,D,D,2022
2166,신영와코루,D,D,D,D,2023
2167,신영와코루,D,D,D,D,2024
2168,신영증권,B,D,B,B+,2020
2169,신영증권,B,D,C,B+,2021
2170,신영증권,B+,C,B+,B+,2022
2171,신영증권,B+,B,A,B+,2023
2172,신영증권,B+,B,A,B+,2024
2173,신원,D,D,C,C,2020
2174,신원,C,D,B,B,2021
2175,신원,D,D,C,C,2022
2176,신원,C,C,B,D,2023
2177,신원,C,C,B,D,2024
2178,신일전자,C,D,C,B,2020
2179,신일전자,C,D,D,B+,2021
2180,신일전자,D,D,D,D,2022
2181,신일전자,D,D,D,D,2023
2182,신일전자,D,D,D,D,2024
2183,신풍,B,B+,C,B,2020
2184,신풍,B+,B,B,B+,2021
2185,신풍,D,D,D,C,2022
2186,신풍,D,D,D,C,2023
2187,신풍,D,D,D,C,2024
2188,신풍제약,B,D,B,B+,2020
2189,신풍제약,B,D,B,B+,2021
2190,신풍제약,D,D,C,D,2022
2191,신풍제약,D,D,D,D,2023
2192,신풍제약,D,D,D,D,2024
2193,신한지주,A+,A+,A,A+,2020
2194,신한지주,A+,A+,A+,A+,2021
2195,신한지주,A+,A+,A+,A+,2022
2196,신한지주,A+,A+,A+,A+,2023
2197,신한지주,A+,A+,A+,A+,2024
2198,신흥,B,D,B,B,2020
2199,신흥,B,D,B,B,2021
2200,신흥,D,D,C,D,2022
2201,신흥,C,D,C,C,2023
2202,신흥,C,D,C,C,2024
2203,쌍방울,C,D,B,C,2020
2204,쌍방울,C,D,B,C,2021
2205,쌍방울,D,D,C,D,2022
2206,쌍방울,D,D,D,D,2023
2207,쌍방울,D,D,D,D,2024
2208,쌍용씨앤이,B+,B,B+,B+,2020
2209,쌍용씨앤이,A,A,A,B+,2021
2210,쌍용씨앤이,B+,B+,B,B+,2022
2211,쌍용씨앤이,B+,B+,B,A,2023
2212,쌍용씨앤이,B+,B+,B,A,2024
2213,써니전자,C,C,B,B,2020
2214,써니전자,C,D,B,B,2021
2215,써니전자,D,D,D,C,2022
2216,써니전자,D,C,C,D,2023
2217,써니전자,D,C,C,D,2024
2218,씨아이테크,C,D,C,C,2020
2219,씨아이테크,C,D,C,C,2021
2220,씨아이테크,D,D,D,D,2022
2221,씨아이테크,D,D,D,D,2023
2222,씨아이테크,D,D,D,D,2024
2223,씨에스윈드,B,B,C,B,2020
2224,씨에스윈드,B,B,C,B+,2021
2225,씨에스윈드,C,C,B,C,2022
2226,씨에스윈드,A,B+,B+,A,2023
2227,씨에스윈드,A,B+,B+,A,2024
2228,씨티알모빌리티,B,D,B,B+,2021
2229,씨티알모빌리티,B,D,B,B+,2022
2230,씨티알모빌리티,C,D,C,B,2023
2231,씨티알모빌리티,C,D,C,B,2024
2232,아남전자,C,C,C,C,2020
2233,아남전자,C,C,C,B,2021
2234,아남전자,D,D,C,D,2022
2235,아남전자,D,D,C,C,2023
2236,아남전자,D,D,C,C,2024
2237,아모레퍼시픽,A,A,A+,A,2020
2238,아모레퍼시픽,A,A,A+,A,2021
2239,아모레퍼시픽,A,A,A+,A,2022
2240,아모레퍼시픽,A,A,A+,A,2023
2241,아모레퍼시픽,A,A,A+,A,2024
2242,아모레퍼시픽그룹,A,A,A+,A,2020
2243,아모레퍼시픽그룹,A,A,A+,A,2021
2244,아모레퍼시픽그룹,A,A,A+,B+,2022
2245,아모레퍼시픽그룹,A,A,A+,A,2023
2246,아모레퍼시픽그룹,A,A,A+,A,2024
2247,아세아,C,C,B,C,2020
2248,아세아,B+,B,B+,B+,2021
2249,아세아,B+,B,B+,B+,2022
2250,아세아,A,B+,B+,A,2023
2251,아세아,A,B+,B+,A,2024
2252,아세아시멘트,B+,B+,B+,B,2020
2253,아세아시멘트,B+,B+,B+,B,2021
2254,아세아시멘트,C,B,B+,C,2022
2255,아세아시멘트,B+,B+,A,B,2023
2256,아세아시멘트,B+,B+,A,B,2024
2257,아세아제지,B,C,B,B,2020
2258,아세아제지,B,C,B+,B,2021
2259,아세아제지,C,C,B+,D,2022
2260,아세아제지,C,B,B+,D,2023
2261,아세아제지,C,B,B+,D,2024
2262,아센디오,C,D,D,B,2021
2263,아센디오,D,D,D,D,2022
2264,아센디오,D,D,D,D,2023
2265,아센디오,D,D,D,D,2024
2266,아시아나IDT,C,D,B,C,2020
2267,아시아나IDT,D,B,C,D,2021
2268,아시아나IDT,C,D,C,C,2022
2269,아시아나IDT,D,C,C,D,2023
2270,아시아나IDT,D,C,C,D,2024
2271,아시아나항공,C,B+,B+,D,2020
2272,아시아나항공,C,B+,A,D,2021
2273,아시아나항공,B,B+,A,C,2022
2274,아시아나항공,B+,A,A,B,2023
2275,아시아나항공,B+,A,A,B,2024
2276,아이마켓코리아,B,D,B,B+,2020
2277,아이마켓코리아,B,D,B+,B+,2021
2278,아이마켓코리아,C,D,B+,C,2022
2279,아이마켓코리아,C,C,B+,C,2023
2280,아이마켓코리아,C,C,B+,C,2024
2281,아이에스동서,B,B,B,B+,2020
2282,아이에스동서,B+,B,B+,B+,2021
2283,아이에스동서,B+,B,A,B+,2022
2284,아이에스동서,B+,B+,A,B+,2023
2285,아이에스동서,B+,B+,A,B+,2024
2286,아이에스동서,B+,B+,A,B+,2024
2287,아이에스동서,B+,B+,A,B+,2024
2288,아이에스동서,B+,B+,A,B+,2024
2289,아이에스동서,B+,B+,A,B+,2024
2290,아이에이치큐,B,D,B,B+,2020
2291,아이에이치큐,C,D,C,B,2021
2292,아이에이치큐,D,D,D,D,2022
2293,아이에이치큐,D,D,C,D,2023
2294,아이에이치큐,D,D,C,D,2024
2295,아이에이치큐,D,D,C,D,2024
2296,아이에이치큐,D,D,C,D,2024
2297,아이에이치큐,D,D,C,D,2024
2298,아이에이치큐,D,D,C,D,2024
2299,아주스틸,C,C,C,C,2023
2300,아주스틸,C,C,C,C,2024
2301,아주스틸,C,C,C,C,2024
2302,아주스틸,C,C,C,C,2024
2303,아주스틸,C,C,C,C,2024
2304,아주스틸,C,C,C,C,2024
2305,알루코,B,B,B,B,2020
2306,알루코,C,C,D,B,2021
2307,알루코,D,D,C,D,2022
2308,알루코,D,C,C,D,2023
2309,알루코,D,C,C,D,2024
2310,알루코,D,C,C,D,2024
2311,알루코,D,C,C,D,2024
2312,알루코,D,C,C,D,2024
2313,알루코,D,C,C,D,2024
2314,애경산업,B,C,B+,B,2020
2315,애경산업,A,B+,A+,B+,2021
2316,애경산업,A,B+,A+,B+,2022
2317,애경산업,A,A,A+,A,2023
2318,애경산업,A,A,A+,A,2024
2319,애경산업,A,A,A+,A,2024
2320,애경산업,A,A,A+,A,2024
2321,애경산업,A,A,A+,A,2024
2322,애경산업,A,A,A+,A,2024
2323,애경케미칼,B,B+,C,B,2020
2324,애경케미칼,B,B,C,B,2021
2325,애경케미칼,B+,B+,A,B+,2022
2326,애경케미칼,A,A,A,B+,2023
2327,애경케미칼,A,A,A,B+,2024
2328,애경케미칼,A,A,A,B+,2024
2329,애경케미칼,A,A,A,B+,2024
2330,애경케미칼,A,A,A,B+,2024
2331,애경케미칼,A,A,A,B+,2024
2332,에넥스,B,B,B+,B,2020
2333,에넥스,B,C,B,B,2021
2334,에넥스,C,D,C,C,2022
2335,에넥스,C,C,C,C,2023
2336,에넥스,C,C,C,C,2024
2337,에넥스,C,C,C,C,2024
2338,에넥스,C,C,C,C,2024
2339,에넥스,C,C,C,C,2024
2340,에넥스,C,C,C,C,2024
2341,에스디바이오센서,NAN,NAN,NAN,NAN,2021
2342,에스디바이오센서,NAN,NAN,NAN,NAN,2022
2343,에스디바이오센서,D,C,C,D,2023
2344,에스디바이오센서,D,C,C,D,2024
2345,에스디바이오센서,D,C,C,D,2024
2346,에스디바이오센서,D,C,C,D,2024
2347,에스디바이오센서,D,C,C,D,2024
2348,에스디바이오센서,D,C,C,D,2024
2349,에스엘,C,B,B+,D,2020
2350,에스엘,B+,B+,B+,B+,2021
2351,에스엘,B+,B,B+,B+,2022
2352,에스엘,B+,B+,A,B+,2023
2353,에스엘,B+,B+,A,B+,2024
2354,에스엘,B+,B+,A,B+,2024
2355,에스엘,B+,B+,A,B+,2024
2356,에스엘,B+,B+,A,B+,2024
2357,에스엘,B+,B+,A,B+,2024
2358,에스엠벡셀,C,C,C,C,2020
2359,에스엠벡셀,D,D,D,D,2022
2360,에스엠벡셀,D,D,C,C,2023
2361,에스엠벡셀,D,D,C,C,2024
2362,에스엠벡셀,D,D,C,C,2024
2363,에스엠벡셀,D,D,C,C,2024
2364,에스엠벡셀,D,D,C,C,2024
2365,에스엠벡셀,D,D,C,C,2024
2366,에스원,B+,B,A,B+,2020
2367,에스원,A,B,A,A,2021
2368,에스원,B+,B+,A,B,2022
2369,에스원,B+,B+,A,B+,2023
2370,에스제이엠,C,C,B,C,2020
2371,에스제이엠,B,C,B,B+,2021
2372,에스제이엠,D,D,C,C,2022
2373,에스제이엠,C,C,C,C,2023
2374,에스제이엠홀딩스,B,C,B,B,2020
2375,에스제이엠홀딩스,B,C,B,B,2021
2376,에스제이엠홀딩스,C,D,C,C,2022
2377,에스제이엠홀딩스,C,C,C,C,2023
2378,에스케이바이오팜,NAN,NAN,NAN,NAN,2020
2379,에스케이바이오팜,NAN,NAN,NAN,NAN,2021
2380,에스케이바이오팜,A,B+,A,A,2022
2381,에스케이바이오팜,A,B+,A+,A,2023
2382,에쓰씨엔지니어링,C,C,B,B,2020
2383,에쓰씨엔지니어링,C,C,C,B,2021
2384,에쓰씨엔지니어링,D,D,D,D,2022
2385,에쓰씨엔지니어링,D,C,D,D,2023
2386,에어부산,C,C,B+,C,2020
2387,에어부산,C,C,B,D,2021
2388,에어부산,D,C,C,D,2022
2389,에어부산,C,C,B,D,2023
2390,에이리츠,C,D,D,B,2023
2391,에이블씨엔씨,C,D,B,C,2020
2392,에이블씨엔씨,B+,C,B+,B+,2021
2393,에이블씨엔씨,B,D,B,B,2022
2394,에이블씨엔씨,C,C,B,C,2023
2395,에이엔피,C,B,C,C,2020
2396,에이엔피,C,C,C,B,2021
2397,에이엔피,D,D,D,D,2022
2398,에이엔피,D,C,D,D,2023
2399,에이프로젠,C,C,D,C,2020
2400,에이프로젠,C,D,C,C,2021
2401,에이프로젠,D,D,D,D,2022
2402,에이프로젠,D,D,D,D,2023
2403,에이프로젠바이오로직스,C,D,C,C,2020
2404,에이프로젠바이오로직스,C,D,C,C,2021
2405,에이프로젠바이오로직스,D,D,D,D,2022
2406,에이프로젠바이오로직스,D,D,D,D,2023
2407,에이플러스에셋,D,D,D,C,2022
2408,에이플러스에셋,C,D,C,C,2023
2409,에코바이브,C,D,C,C,2020
2410,에코바이브,D,D,C,D,2021
2411,에코바이브,D,D,D,D,2022
2412,에코바이브,D,D,D,D,2023
2413,엔씨소프트,B+,D,B+,A,2020
2414,엔씨소프트,A,B+,A,A,2021
2415,엔씨소프트,A,B+,A,A,2022
2416,엔씨소프트,A,B+,A,A,2023
2417,엔에이치엔,B,D,B+,B+,2020
2418,엔에이치엔,B+,C,A,A,2021
2419,엔에이치엔,A,B+,A,A,2022
2420,엔에이치엔,A,B+,A+,A,2023
2421,엔케이,C,B,C,C,2020
2422,엔케이,C,B,C,C,2021
2423,엔케이,D,D,D,D,2022
2424,엔케이,C,D,C,C,2023
2425,엔피씨,C,C,C,C,2020
2426,엔피씨,C,C,D,C,2021
2427,엔피씨,D,D,C,D,2022
2428,엔피씨,D,C,C,D,2023
2429,엘브이엠씨,D,D,D,C,2022
2430,엘앤에프,B,B,B+,B,2020
2431,엘앤에프,B+,B,B+,B+,2021
2432,엘앤에프,NAN,NAN,NAN,NAN,2022
2433,엘앤에프,NAN,NAN,NAN,NAN,2023
2434,엘에스일렉트릭,A,B+,A+,B+,2020
2435,엘에스일렉트릭,A,B+,A+,B+,2021
2436,엘에스일렉트릭,A,B+,A,A,2022
2437,엘에스일렉트릭,A,A,A+,A,2023
2438,엠씨넥스,C,C,B,B,2021
2439,엠씨넥스,NAN,NAN,NAN,NAN,2022
2440,엠씨넥스,C,C,C,B,2023
2441,영보화학,B,B,B,B,2020
2442,영보화학,B,B,C,B,2021
2443,영보화학,D,C,C,D,2022
2444,영보화학,D,C,C,D,2023
2445,영원무역,B,D,B,B+,2020
2446,영원무역,B+,B+,B+,B+,2021
2447,영원무역,B+,C,B+,B+,2022
2448,영원무역,B+,B+,B+,B+,2023
2449,영원무역홀딩스,B,D,B,B,2020
2450,영원무역홀딩스,A,B+,B+,A,2021
2451,영원무역홀딩스,C,C,B+,C,2022
2452,영원무역홀딩스,B+,B+,B+,B+,2023
2453,영진약품,B,D,B+,B+,2020
2454,영진약품,B+,B+,A,B+,2021
2455,영진약품,B+,B+,B+,B,2022
2456,영진약품,B+,B+,A,B+,2023
2457,영풍,C,D,B,D,2020
2458,영풍,C,D,C,B+,2021
2459,영풍,B,C,B+,B,2022
2460,영풍,B+,B+,B+,B,2023
2461,영풍제지,B,B,C,B,2020
2462,영풍제지,B,B,C,B,2021
2463,영풍제지,D,C,D,D,2022
2464,영풍제지,D,C,D,D,2023
2465,영화금속,B,B,C,B,2020
2466,영화금속,C,C,C,B+,2021
2467,영화금속,D,D,D,C,2022
2468,영화금속,C,C,D,C,2023
2469,영흥,B,C,B,B+,2020
2470,영흥,B,C,B,B+,2021
2471,영흥,C,D,D,B,2022
2472,영흥,C,C,C,C,2023
2473,예스코홀딩스,B,D,B+,B+,2020
2474,예스코홀딩스,B+,B,B+,B+,2021
2475,예스코홀딩스,B,C,B,B,2022
2476,예스코홀딩스,B,C,B,B+,2023
2477,오뚜기,B+,B+,A,B,2020
2478,오뚜기,A,B+,A+,B+,2021
2479,오뚜기,C,C,B+,C,2022
2480,오뚜기,B+,B+,A,B+,2023
2481,오뚜기,B+,B+,A,B+,2024
2482,오뚜기,B+,B+,A,B+,2024
2483,오뚜기,B+,B+,A,B+,2024
2484,오뚜기,B+,B+,A,B+,2024
2485,오리엔트바이오,C,B,B,C,2020
2486,오리엔트바이오,C,D,C,C,2021
2487,오리엔트바이오,D,D,D,D,2022
2488,오리엔트바이오,D,D,D,D,2023
2489,오리엔트바이오,D,D,D,D,2024
2490,오리엔트바이오,D,D,D,D,2024
2491,오리엔트바이오,D,D,D,D,2024
2492,오리엔트바이오,D,D,D,D,2024
2493,오리온,B+,B,B+,A,2020
2494,오리온,A,A,A,B+,2021
2495,오리온,A,B+,A,A,2022
2496,오리온,A,A,A,B+,2023
2497,오리온,A,A,A,B+,2024
2498,오리온,A,A,A,B+,2024
2499,오리온,A,A,A,B+,2024
2500,오리온,A,A,A,B+,2024
2501,오리온홀딩스,B+,C,B+,A,2020
2502,오리온홀딩스,A,A,A,A,2021
2503,오리온홀딩스,A,B+,A,A,2022
2504,오리온홀딩스,A,A,A,A,2023
2505,오리온홀딩스,A,A,A,A,2024
2506,오리온홀딩스,A,A,A,A,2024
2507,오리온홀딩스,A,A,A,A,2024
2508,오리온홀딩스,A,A,A,A,2024
2509,와이투솔루션,D,C,C,D,2020
2510,와이투솔루션,D,D,D,C,2022
2511,와이투솔루션,C,C,C,C,2023
2512,와이투솔루션,C,C,C,C,2024
2513,와이투솔루션,C,C,C,C,2024
2514,와이투솔루션,C,C,C,C,2024
2515,와이투솔루션,C,C,C,C,2024
2516,우리금융지주,B+,B+,B+,B+,2020
2517,우리금융지주,A,A+,A+,A,2021
2518,우리금융지주,A,A,A+,B+,2022
2519,우리금융지주,A,A+,A+,A,2023
2520,우리금융지주,A,A+,A+,A,2024
2521,우리금융지주,A,A+,A+,A,2024
2522,우리금융지주,A,A+,A+,A,2024
2523,우리금융지주,A,A+,A+,A,2024
2524,우리종금,B,D,B,B,2020
2525,우리종금,B,D,B+,B,2021
2526,우리종금,B,C,B,B+,2022
2527,우리종금,B+,B+,A,B+,2023
2528,우리종금,B+,B+,A,B+,2024
2529,우리종금,B+,B+,A,B+,2024
2530,우리종금,B+,B+,A,B+,2024
2531,우리종금,B+,B+,A,B+,2024
2532,우성,C,D,C,C,2020
2533,우성,C,D,C,B+,2021
2534,우성,C,D,C,B,2022
2535,우성,C,D,C,C,2023
2536,우성,C,D,C,C,2024
2537,우성,C,D,C,C,2024
2538,우성,C,D,C,C,2024
2539,우성,C,D,C,C,2024
2540,우신시스템,B+,B,B,B+,2020
2541,우신시스템,B,C,C,B+,2021
2542,우신시스템,D,D,D,C,2022
2543,우신시스템,C,D,D,B,2023
2544,우신시스템,C,D,D,B,2024
2545,우신시스템,C,D,D,B,2024
2546,우신시스템,C,D,D,B,2024
2547,우신시스템,C,D,D,B,2024
2548,우진,B+,B,B,B+,2020
2549,우진,B,C,C,B+,2021
2550,우진,C,D,C,B,2022
2551,우진,C,D,C,C,2023
2552,우진,C,D,C,C,2024
2553,우진,C,D,C,C,2024
2554,우진,C,D,C,C,2024
2555,우진,C,D,C,C,2024
2556,우진아이엔에스,C,C,C,B+,2020
2557,우진아이엔에스,C,C,C,B+,2021
2558,우진아이엔에스,C,D,D,B,2022
2559,우진아이엔에스,C,C,D,B,2023
2560,우진플라임,B,B,B,B,2020
2561,우진플라임,B,B,C,B,2021
2562,우진플라임,D,D,D,D,2022
2563,우진플라임,C,C,D,C,2023
2564,웅진,B,D,B,B+,2020
2565,웅진,B,D,B+,B+,2021
2566,웅진,C,C,B+,C,2022
2567,웅진,B+,B,A,B,2023
2568,웅진씽크빅,B,D,B,B,2020
2569,웅진씽크빅,B+,B,A,B+,2021
2570,웅진씽크빅,B+,C,B+,B+,2022
2571,웅진씽크빅,B+,B+,A+,B,2023
2572,원림,C,D,B,C,2020
2573,원림,C,D,B,B,2021
2574,원림,D,D,D,C,2022
2575,원림,C,C,D,C,2023
2576,웰바이오텍,B,D,B,B,2020
2577,웰바이오텍,B,D,B,B,2021
2578,웰바이오텍,D,D,D,D,2022
2579,웰바이오텍,D,D,D,D,2023
2580,윌비스,C,D,C,C,2020
2581,윌비스,C,D,D,B+,2021
2582,윌비스,D,D,D,C,2022
2583,윌비스,D,D,C,D,2023
2584,유나이티드,B,B,B+,B,2020
2585,유나이티드,B,C,B,B+,2021
2586,유나이티드,B,C,C,B+,2022
2587,유나이티드,B,C,B,B+,2023
2588,유니드,B,B,B,B,2020
2589,유니드,B+,B,B+,B+,2021
2590,유니드,B,C,B+,B,2022
2591,유니드,B+,B+,B+,B,2023
2592,유니온,C,C,B,C,2020
2593,유니온,B,B,B,B,2021
2594,유니온,C,C,C,B,2022
2595,유니온,C,C,C,B,2023
2596,유니온머티리얼,B,B,B,B,2020
2597,유니온머티리얼,B,B,C,B,2021
2598,유니온머티리얼,D,D,D,C,2022
2599,유니온머티리얼,C,C,D,C,2023
2600,유니켐,B,B,C,B,2020
2601,유니켐,B,C,C,B+,2021
2602,유니켐,D,D,D,D,2022
2603,유니켐,D,C,C,D,2023
2604,유니퀘스트,B,D,C,B+,2020
2605,유니퀘스트,B,B,C,B+,2021
2606,유니퀘스트,D,D,D,D,2022
2607,유니퀘스트,C,D,D,B,2023
2608,유성기업,C,B,C,C,2020
2609,유성기업,C,B,D,C,2021
2610,유성기업,C,C,C,C,2022
2611,유성기업,C,C,C,C,2023
2612,유수홀딩스,B,C,B,B+,2020
2613,유수홀딩스,B+,D,B,A,2021
2614,유수홀딩스,B+,B,B+,B+,2022
2615,유수홀딩스,B+,B+,A,B+,2023
2616,유안타증권,B,D,B+,B,2020
2617,유안타증권,C,D,C,B,2021
2618,유안타증권,C,D,C,B,2022
2619,유안타증권,C,C,D,B,2023
2620,유엔젤,C,B,C,C,2020
2621,유엔젤,C,D,C,B,2021
2622,유엔젤,D,D,D,D,2022
2623,유엔젤,D,D,D,D,2023
2624,유유제약,B,B,C,B,2020
2625,유유제약,B,D,B,B+,2021
2626,유유제약,C,D,B,D,2022
2627,유유제약,D,D,C,D,2023
2628,유진증권,B,C,B+,B,2020
2629,유진증권,C,C,C,B,2021
2630,유진증권,B,C,B+,B,2022
2631,유진증권,B,C,B,B,2023
2632,유한양행,B+,B+,B+,B+,2020
2633,유한양행,B+,B+,A,B+,2021
2634,유한양행,B+,B,A,B+,2022
2635,유한양행,A,B+,A+,A,2023
2636,유화증권,C,D,C,B,2020
2637,유화증권,C,D,C,C,2021
2638,유화증권,D,D,D,C,2022
2639,유화증권,C,D,C,C,2023
2640,율촌화학,B,C,B+,B+,2020
2641,율촌화학,B,B,B,B+,2021
2642,율촌화학,C,C,C,C,2022
2643,율촌화학,D,C,C,D,2023
2644,이건산업,B,C,B,B,2020
2645,이건산업,C,D,C,B+,2021
2646,이건산업,D,D,C,D,2022
2647,이건산업,D,D,C,D,2023
2648,이구산업,B,B,C,B,2020
2649,이구산업,B,B,C,B+,2021
2650,이구산업,C,C,C,C,2022
2651,이구산업,C,C,D,C,2023
2652,이노션,B+,D,A,A,2020
2653,이노션,A,B+,A,A,2021
2654,이노션,B+,B,A,B+,2022
2655,이노션,B+,A,A,B+,2023
2656,이마트,A,A,A+,A,2020
2657,이마트,A,A,A,A,2021
2658,이마트,A,A+,A,B+,2022
2659,이마트,A,A,B+,A,2023
2660,이수페타시스,B,B+,B+,C,2020
2661,이수페타시스,B,B,A,C,2021
2662,이수페타시스,C,B,B+,D,2022
2663,이수페타시스,C,B,B+,C,2023
2664,이수화학,C,B,B,C,2020
2665,이수화학,B,B,B+,B,2021
2666,이수화학,C,B,B+,D,2022
2667,이수화학,C,B,B,D,2023
2668,이스타코,C,D,C,B,2020
2669,이스타코,C,D,C,B,2021
2670,이스타코,D,D,D,C,2022
2671,이스타코,D,D,D,C,2023
2672,이아이디,D,D,C,C,2020
2673,이아이디,D,D,C,C,2021
2674,이아이디,D,D,D,D,2022
2675,이아이디,D,D,D,D,2023
2676,이엔플러스,B,B,C,B,2020
2677,이엔플러스,C,D,B,B,2021
2678,이엔플러스,D,D,C,D,2022
2679,이엔플러스,D,C,D,D,2023
2680,이연제약,C,D,B,B,2020
2681,이연제약,B,D,B,B+,2021
2682,이연제약,C,D,D,B+,2022
2683,이연제약,C,D,D,B+,2023
2684,이월드,C,D,C,B,2020
2685,이월드,C,D,C,B,2021
2686,이월드,D,D,C,D,2022
2687,이월드,D,D,D,D,2023
2688,이화산업,C,C,C,C,2020
2689,이화산업,C,D,C,B,2021
2690,이화산업,D,D,D,D,2022
2691,이화산업,C,C,D,C,2023
2692,인디에프,C,D,B,B,2020
2693,인디에프,C,D,B,B,2021
2694,인디에프,D,D,D,C,2022
2695,인디에프,D,D,D,C,2023
2696,인바이오젠,C,D,B,C,2020
2697,인바이오젠,C,D,C,C,2021
2698,인바이오젠,D,D,D,D,2022
2699,인바이오젠,D,D,D,D,2023
2700,인스코비,C,B,C,C,2020
2701,인스코비,C,D,C,B,2021
2702,인스코비,D,D,D,D,2022
2703,인스코비,D,D,D,D,2023
2704,인지컨트롤스,C,C,B,C,2020
2705,인지컨트롤스,C,D,C,B,2021
2706,인지컨트롤스,D,D,C,D,2022
2707,인지컨트롤스,C,C,C,C,2023
2708,인천도시가스,B,C,B,B+,2020
2709,인천도시가스,C,D,C,B,2021
2710,인천도시가스,C,D,B,B,2022
2711,인천도시가스,B,D,B,B+,2023
2712,인터지스,B+,B,B,B+,2020
2713,인터지스,B,B,C,B+,2021
2714,인터지스,C,C,B,C,2022
2715,인터지스,C,C,C,C,2023
2716,인터지스,C,C,C,C,2024
2717,인팩,C,C,C,B,2020
2718,인팩,C,D,C,B+,2021
2719,인팩,C,D,C,B,2022
2720,인팩,C,C,C,B,2023
2721,인팩,C,C,C,B,2024
2722,일동제약,A,B+,A+,B+,2020
2723,일동제약,A,B+,A,A,2021
2724,일동제약,B,C,A+,B,2022
2725,일동제약,B+,B+,A+,B,2023
2726,일동제약,B+,B+,A+,B,2024
2727,일동홀딩스,B+,B,A,B+,2020
2728,일동홀딩스,A,B+,A,A,2021
2729,일동홀딩스,B+,C,A+,B+,2022
2730,일동홀딩스,A,B+,A+,B+,2023
2731,일동홀딩스,A,B+,A+,B+,2024
2732,일성건설,B,B,B,B,2020
2733,일성건설,B,B,C,B+,2021
2734,일성건설,D,D,D,C,2022
2735,일성건설,D,C,D,D,2023
2736,일성건설,D,C,D,D,2024
2737,일성아이에스,C,D,B,B,2020
2738,일성아이에스,C,D,C,B+,2021
2739,일성아이에스,D,D,D,D,2022
2740,일성아이에스,C,D,C,B,2023
2741,일성아이에스,C,D,C,B,2024
2742,일신방직,B,B,B,B,2020
2743,일신방직,B+,B,B,A,2021
2744,일신방직,D,C,C,D,2022
2745,일신방직,D,C,C,D,2023
2746,일신방직,D,C,C,D,2024
2747,일신석재,C,D,C,B,2020
2748,일신석재,C,D,C,B,2021
2749,일신석재,D,D,D,C,2022
2750,일신석재,D,D,D,C,2023
2751,일신석재,D,D,D,C,2024
2752,일양약품,B,D,B,B+,2020
2753,일양약품,C,D,C,B+,2021
2754,일양약품,C,D,C,B+,2022
2755,일양약품,C,D,C,B+,2023
2756,일양약품,C,D,C,B+,2024
2757,일정실업,C,C,C,C,2020
2758,일정실업,C,C,C,C,2021
2759,일정실업,D,D,D,C,2022
2760,일정실업,D,D,D,C,2023
2761,일정실업,D,D,D,C,2024
2762,일진다이아,C,C,B,B,2020
2763,일진다이아,C,D,C,B,2021
2764,일진다이아,D,D,D,C,2022
2765,일진다이아,D,D,D,C,2023
2766,일진다이아,D,D,D,C,2024
2767,일진디스플,B,B,B,B,2020
2768,일진디스플,B,B,B,B,2021
2769,일진디스플,D,D,D,C,2022
2770,일진디스플,C,C,D,C,2023
2771,일진디스플,C,C,D,C,2024
2772,일진전기,C,C,B,C,2020
2773,일진전기,C,C,C,B,2021
2774,일진전기,D,D,C,D,2022
2775,일진전기,D,C,C,D,2023
2776,일진전기,D,C,C,D,2024
2777,일진하이솔루스,NAN,NAN,NAN,NAN,2022
2778,일진하이솔루스,C,C,B,C,2023
2779,일진하이솔루스,C,C,B,C,2024
2780,일진홀딩스,B,C,B,B,2020
2781,일진홀딩스,C,C,C,B,2021
2782,일진홀딩스,C,D,C,B,2022
2783,일진홀딩스,B,D,C,B+,2023
2784,일진홀딩스,B,D,C,B+,2024
2785,잇츠한불,B,C,B,B,2020
2786,잇츠한불,B+,B+,B,B+,2021
2787,잇츠한불,C,D,C,B,2022
2788,잇츠한불,C,C,C,B,2023
2789,잇츠한불,C,C,C,B,2024
2790,자이에스앤디,B,C,B,B+,2021
2791,자이에스앤디,B,C,B+,B+,2022
2792,자이에스앤디,C,C,B,B,2023
2793,자이에스앤디,C,C,B,B,2024
2794,자화전자,B,B,B+,B,2020
2795,자화전자,C,C,C,B+,2021
2796,자화전자,D,D,C,C,2022
2797,자화전자,D,C,C,D,2023
2798,자화전자,D,C,C,D,2024
2799,전방,C,C,B+,C,2020
2800,전방,C,C,B,B,2021
2801,전방,D,C,C,D,2022
2802,전방,D,C,C,D,2023
2803,전방,D,C,C,D,2024
2804,제이에스코퍼레이션,C,D,C,B+,2020
2805,제이에스코퍼레이션,C,D,C,B+,2021
2806,제이에스코퍼레이션,C,D,D,B,2022
2807,제이에스코퍼레이션,D,D,D,C,2023
2808,제이에스코퍼레이션,D,D,D,C,2024
2809,제이준코스메틱,C,D,C,B,2020
2810,제이준코스메틱,C,D,C,B,2021
2811,제이준코스메틱,D,D,D,C,2022
2812,제이준코스메틱,D,D,D,D,2023
2813,제이준코스메틱,D,D,D,D,2024
2814,제일기획,B+,D,A,B+,2020
2815,제일기획,B+,C,A,B+,2021
2816,제일기획,A,B+,A,A,2022
2817,제일기획,A,A,A+,A,2023
2818,제일기획,A,A,A+,A,2024
2819,제일약품,C,D,B,B,2020
2820,제일약품,C,D,B,B,2021
2821,제일약품,D,D,D,D,2022
2822,제일약품,C,C,B+,D,2023
2823,제일약품,C,C,B+,D,2024
2824,제일연마,C,C,C,B,2020
2825,제일연마,C,C,C,B+,2021
2826,제일연마,C,D,D,B+,2022
2827,제일연마,C,C,D,B,2023
2828,제일연마,C,C,D,B,2024
2829,제일파마홀딩스,B,D,B,B,2020
2830,제일파마홀딩스,B,D,B,B,2021
2831,제일파마홀딩스,D,D,D,D,2022
2832,제일파마홀딩스,C,C,B+,D,2023
2833,제일파마홀딩스,C,C,B+,D,2024
2834,제주은행,B+,C,A,A,2020
2835,제주은행,A,B,A+,A,2021
2836,제주은행,B+,A,A,B+,2022
2837,제주은행,B+,B+,A,B+,2023
2838,제주은행,B+,B+,A,B+,2024
2839,제주항공,B,C,B+,B+,2020
2840,제주항공,B+,B,B+,B+,2021
2841,제주항공,B,C,B+,B+,2022
2842,제주항공,A,A,A+,B+,2023
2843,제주항공,A,A,A+,B+,2024
2844,조광페인트,C,C,B,B,2020
2845,조광페인트,B,B,B+,B,2021
2846,조광페인트,C,C,C,C,2022
2847,조광페인트,C,C,B,C,2023
2848,조광페인트,C,C,B,C,2024
2849,조광피혁,C,D,C,B,2020
2850,조광피혁,C,D,C,B,2021
2851,조광피혁,C,D,D,B,2022
2852,조광피혁,C,D,D,B,2023
2853,조광피혁,C,D,D,B,2024
2854,조비,C,D,B,B,2020
2855,조비,C,D,C,B,2021
2856,조비,D,D,D,D,2022
2857,조비,D,D,D,D,2023
2858,조비,D,D,D,D,2024
2859,조선선재,C,D,C,B+,2020
2860,조선선재,C,D,C,B+,2021
2861,조선선재,D,D,D,C,2022
2862,조선선재,D,D,D,D,2023
2863,조선선재,D,D,D,D,2024
2864,조일알미늄,B,B,C,B,2020
2865,조일알미늄,B,B,C,B+,2021
2866,조일알미늄,C,C,C,B,2022
2867,조일알미늄,C,C,C,B,2023
2868,조일알미늄,C,C,C,B,2024
2869,조흥,B,B,C,B,2020
2870,조흥,C,D,C,B,2021
2871,조흥,C,C,C,C,2022
2872,조흥,C,C,B,C,2023
2873,조흥,C,C,B,C,2024
2874,종근당,B,C,B+,B+,2020
2875,종근당,A,A,A+,B+,2021
2876,종근당,B+,B+,A,B,2022
2877,종근당,B+,A,A,B,2023
2878,종근당,B+,A,A,B,2024
2879,종근당바이오,C,B,C,C,2020
2880,종근당바이오,B+,B+,A,B+,2021
2881,종근당바이오,B+,B,A,B,2022
2882,종근당바이오,B+,A,A,B,2023
2883,종근당바이오,B+,A,A,B,2024
2884,종근당홀딩스,C,C,B+,C,2020
2885,종근당홀딩스,B+,B+,A,B+,2021
2886,종근당홀딩스,B+,B+,A,B,2022
2887,종근당홀딩스,B+,A,A,B+,2023
2888,종근당홀딩스,B+,A,A,B+,2024
2889,주성코퍼레이션,D,C,C,D,2020
2890,주성코퍼레이션,B,B,C,B,2021
2891,주성코퍼레이션,D,D,D,C,2022
2892,주성코퍼레이션,D,C,D,D,2023
2893,주성코퍼레이션,D,C,D,D,2024
2894,주연테크,C,C,B,C,2020
2895,주연테크,C,C,C,C,2021
2896,주연테크,D,D,D,D,2022
2897,주연테크,D,D,D,D,2023
2898,주연테크,D,D,D,D,2024
2899,지누스,C,D,C,B+,2021
2900,지누스,B+,B,B+,A,2022
2901,지누스,A,A,A,A,2023
2902,지누스,A,A,A,A,2024
2903,지엠비코리아,C,C,B,C,2020
2904,지엠비코리아,C,C,C,B,2021
2905,지엠비코리아,D,D,C,D,2022
2906,지엠비코리아,D,D,C,D,2023
2907,지엠비코리아,D,D,C,D,2024
2908,지역난방공사,A,B+,A+,B+,2020
2909,지역난방공사,A,B+,A+,A,2021
2910,지역난방공사,A+,A,A+,A+,2022
2911,지역난방공사,A+,A+,A+,A,2023
2912,지역난방공사,A+,A+,A+,A,2024
2913,진도,B,D,B,B,2020
2914,진도,D,D,D,C,2021
2915,진도,D,D,D,C,2022
2916,진도,D,D,D,D,2023
2917,진도,D,D,D,D,2024
2918,진양산업,D,D,C,C,2020
2919,진양산업,D,D,C,C,2021
2920,진양산업,D,D,D,D,2022
2921,진양산업,C,D,D,B,2023
2922,진양산업,C,D,D,B,2024
2923,진양폴리우레탄,C,D,C,B,2020
2924,진양폴리우레탄,C,D,C,B+,2021
2925,진양폴리우레탄,D,D,D,C,2022
2926,진양폴리우레탄,D,D,D,C,2023
2927,진양폴리우레탄,D,D,D,C,2024
2928,진양홀딩스,C,D,C,C,2020
2929,진양홀딩스,C,D,C,B,2021
2930,진양홀딩스,D,D,D,D,2022
2931,진양홀딩스,C,D,D,B,2023
2932,진양홀딩스,C,D,D,B,2024
2933,진양화학,D,D,C,C,2020
2934,진양화학,C,D,C,B,2021
2935,진양화학,D,D,D,C,2022
2936,진양화학,C,C,D,C,2023
2937,진양화학,C,C,D,C,2024
2938,진에어,B+,C,B+,A,2020
2939,진에어,B+,C,A,A,2021
2940,진에어,B+,B,B+,A,2022
2941,진에어,A,A,A,A,2023
2942,진에어,A,A,A,A,2024
2943,진원생명과학,C,D,C,B,2020
2944,진원생명과학,C,D,C,B+,2021
2945,진원생명과학,D,D,D,D,2022
2946,진원생명과학,D,D,C,D,2023
2947,진원생명과학,D,D,C,D,2024
2948,진흥기업,C,C,B,B,2020
2949,진흥기업,C,C,C,B+,2021
2950,진흥기업,C,D,C,B,2022
2951,진흥기업,C,C,C,B,2023
2952,진흥기업,C,C,C,B,2024
2953,참엔지니어링,B,B,B,B,2020
2954,참엔지니어링,B,D,B,B+,2021
2955,참엔지니어링,C,D,C,B,2022
2956,참엔지니어링,D,D,D,D,2023
2957,참엔지니어링,D,D,D,D,2024
2958,천일고속,B,C,B,B+,2020
2959,천일고속,B,C,C,B+,2021
2960,천일고속,D,D,D,D,2022
2961,천일고속,D,C,D,D,2023
2962,천일고속,D,C,D,D,2024
2963,청호ICT,C,B,C,C,2020
2964,청호ICT,D,D,C,D,2021
2965,청호ICT,D,D,D,D,2022
2966,청호ICT,D,D,D,D,2023
2967,청호ICT,D,D,D,D,2024
2968,체시스,C,C,B,C,2020
2969,체시스,C,D,B,B,2021
2970,체시스,D,D,D,C,2022
2971,체시스,D,C,D,D,2023
2972,체시스,D,C,D,D,2024
2973,카카오,B+,C,A+,A,2020
2974,카카오,A,A,A+,A,2021
2975,카카오,A,A,A,A,2022
2976,카카오,A,A+,A+,B+,2023
2977,카카오,A,A+,A+,B+,2024
2978,카카오뱅크,NAN,NAN,NAN,NAN,2021
2979,카카오뱅크,NAN,NAN,NAN,NAN,2022
2980,카카오뱅크,B+,B+,A,B+,2023
2981,카카오뱅크,B+,B+,A,B+,2024
2982,카카오페이,NAN,NAN,NAN,NAN,2022
2983,카카오페이,A,A,A+,A,2023
2984,카카오페이,A,A,A+,A,2024
2985,카프로,B+,B+,B,B+,2020
2986,카프로,B,B,C,B+,2021
2987,카프로,C,C,D,C,2022
2988,카프로,C,C,C,C,2023
2989,카프로,C,C,C,C,2024
2990,케이비아이동국실업,C,B,B,C,2020
2991,케이비아이동국실업,C,C,C,C,2021
2992,케이비아이동국실업,D,D,D,D,2022
2993,케이비아이동국실업,D,D,D,D,2023
2994,케이비아이동국실업,D,D,D,D,2024
2995,케이씨,B+,B,B,B+,2020
2996,케이씨,B,B,C,B+,2021
2997,케이씨,C,D,B,C,2022
2998,케이씨,C,C,A,D,2023
2999,케이씨,C,C,A,D,2024
3000,케이씨씨,B,B+,A,C,2020
3001,케이씨씨,B+,B+,A+,B,2021
3002,케이씨씨,A,B+,A,A,2022
3003,케이씨씨,A,A,A,B+,2023
3004,케이씨씨,A,A,A,B+,2024
3005,케이씨씨글라스,NAN,NAN,NAN,NAN,2021
3006,케이씨씨글라스,B+,B+,A,B+,2022
3007,케이씨씨글라스,A,A,A+,A,2023
3008,케이씨씨글라스,A,A,A+,A,2024
3009,케이씨텍,B,B,B,B,2020
3010,케이씨텍,B,B,B,B,2021
3011,케이씨텍,C,D,C,B,2022
3012,케이씨텍,B,C,B,B,2023
3013,케이씨텍,B,C,B,B,2024
3014,케이씨티시,B,B,B,B,2020
3015,케이씨티시,B,B,C,B,2021
3016,케이씨티시,D,D,C,D,2022
3017,케이씨티시,D,C,C,D,2023
3018,케이씨티시,D,C,C,D,2024
3019,케이카,NAN,NAN,NAN,NAN,2022
3020,케이카,B,C,B,B,2023
3021,케이카,B,C,B,B,2024
3022,케이탑리츠,D,D,D,D,2023
3023,케이탑리츠,D,D,D,D,2024
3024,케이티,A+,A,A,A+,2020
3025,케이티,A+,A+,B+,A+,2021
3026,케이티,A,A,B+,A,2022
3027,케이티,A,B+,A,A,2023
3028,케이티,A,B+,A,A,2024
3029,케이티스카이라이프,B+,C,B+,B+,2020
3030,케이티스카이라이프,A,B,A,A,2021
3031,케이티스카이라이프,A,B,A+,A,2022
3032,케이티스카이라이프,B+,B+,A,B+,2023
3033,케이티스카이라이프,B+,B+,A,B+,2024
3034,케이티앤지,A,B+,A+,A,2020
3035,케이티앤지,A,A,A+,A,2021
3036,케이티앤지,A,A,A+,A,2022
3037,케이티앤지,A+,A+,A+,A+,2023
3038,케이티앤지,A+,A+,A+,A+,2024
3039,코리아써키트,C,B+,B,C,2020
3040,코리아써키트,B,B+,C,B+,2021
3041,코리아써키트,D,C,D,D,2022
3042,코리아써키트,D,C,C,D,2023
3043,코리아써키트,D,C,C,D,2024
3044,코리안리,B,D,B,B+,2020
3045,코리안리,B+,B,B+,A,2021
3046,코리안리,B+,C,B+,B+,2022
3047,코리안리,A,A,A,A,2023
3048,코리안리,A,A,A,A,2024
3049,코스맥스,B+,B+,B+,B,2020
3050,코스맥스,A,A,A,B+,2021
3051,코스맥스,B,B+,A,C,2022
3052,코스맥스,B,A,A,D,2023
3053,코스맥스,B,A,A,D,2024
3054,코스맥스비티아이,B,B,B,B,2020
3055,코스맥스비티아이,B+,A,A,B+,2021
3056,코스맥스비티아이,B+,B+,A,B,2022
3057,코스맥스비티아이,B,A,A,C,2023
3058,코스맥스비티아이,B,A,A,C,2024
3059,코스모신소재,B+,B+,B,B+,2020
3060,코스모신소재,B,B,C,B,2021
3061,코스모신소재,D,C,C,D,2022
3062,코스모신소재,C,C,C,C,2023
3063,코스모신소재,C,C,C,C,2024
3064,코스모화학,C,B,C,D,2020
3065,코스모화학,B,B,C,B,2021
3066,코스모화학,D,C,D,D,2022
3067,코스모화학,D,C,C,D,2023
3068,코스모화학,D,C,C,D,2024
3069,코아스,B+,B,B,B+,2020
3070,코아스,B,C,C,B+,2021
3071,코아스,C,D,D,B+,2022
3072,코아스,B,C,C,B+,2023
3073,코아스,B,C,C,B+,2024
3074,코오롱,B,C,B+,B,2020
3075,코오롱,B,B,B+,B,2021
3076,코오롱,C,C,A,C,2022
3077,코오롱,B+,B+,A,B,2023
3078,코오롱,B+,B+,A,B,2024
3079,코오롱ENP,B+,B,B+,B+,2020
3080,코오롱ENP,B+,B,B+,B+,2021
3081,코오롱ENP,B,C,B,B+,2022
3082,코오롱ENP,B,C,B,B+,2023
3083,코오롱ENP,B,C,B,B+,2024
3084,코오롱글로벌,B,C,B,B+,2020
3085,코오롱글로벌,B,C,B,B+,2021
3086,코오롱글로벌,C,D,C,B+,2022
3087,코오롱글로벌,C,B,B+,C,2023
3088,코오롱글로벌,C,B,B+,C,2024
3089,코오롱인더,B+,B+,B+,B+,2020
3090,코오롱인더,A,B+,A,A,2021
3091,코오롱인더,B+,B,A,A,2022
3092,코오롱인더,B+,B+,A+,B,2023
3093,코오롱인더,B+,B+,A+,B,2024
3094,코웨이,A,A,A+,B+,2020
3095,코웨이,A,A,A+,B+,2021
3096,코웨이,B+,A,A,B,2022
3097,코웨이,A,A,A+,B+,2023
3098,코웨이,A,A,A+,B+,2024
3099,콘텐트리중앙,B,D,B,B,2020
3100,콘텐트리중앙,C,D,B,C,2021
3101,콘텐트리중앙,D,D,C,D,2022
3102,콘텐트리중앙,D,D,D,D,2023
3103,콘텐트리중앙,D,D,D,D,2024
3104,콜마홀딩스,B,B,B,B,2020
3105,콜마홀딩스,B+,B,B+,A,2021
3106,콜마홀딩스,B+,B+,B+,B+,2022
3107,콜마홀딩스,A,A,A+,A,2023
3108,콜마홀딩스,A,A,A+,A,2024
3109,콤텍시스템,C,D,B,C,2020
3110,콤텍시스템,C,D,B,C,2021
3111,콤텍시스템,D,D,D,D,2022
3112,콤텍시스템,D,D,D,D,2023
3113,콤텍시스템,D,D,D,D,2024
3114,쿠쿠홀딩스,B,D,B,B+,2020
3115,쿠쿠홀딩스,B,D,C,B+,2021
3116,쿠쿠홀딩스,C,D,D,B,2022
3117,쿠쿠홀딩스,D,D,C,D,2023
3118,쿠쿠홀딩스,D,D,C,D,2024
3119,쿠쿠홈시스,C,D,C,C,2020
3120,쿠쿠홈시스,B,D,C,B+,2021
3121,쿠쿠홈시스,C,D,D,B,2022
3122,쿠쿠홈시스,D,D,C,D,2023
3123,쿠쿠홈시스,D,D,C,D,2024
3124,크라운제과,B,D,B+,B,2020
3125,크라운제과,B,C,B+,B+,2021
3126,크라운제과,C,C,B,C,2022
3127,크라운제과,C,C,B,C,2023
3128,크라운제과,C,C,B,C,2024
3129,크라운해태홀딩스,B,D,B+,B,2020
3130,크라운해태홀딩스,B,C,B+,B,2021
3131,크라운해태홀딩스,C,C,B,C,2022
3132,크라운해태홀딩스,D,C,C,D,2023
3133,크라운해태홀딩스,D,C,C,D,2024
3134,크래프톤,NAN,NAN,NAN,NAN,2021
3135,크래프톤,NAN,NAN,NAN,NAN,2022
3136,크래프톤,B+,C,A,A,2023
3137,크래프톤,B+,C,A,A,2024
3138,키다리스튜디오,B,B,B,B,2020
3139,키다리스튜디오,B,D,B,B,2021
3140,키다리스튜디오,D,D,D,C,2022
3141,키다리스튜디오,D,D,D,D,2023
3142,키다리스튜디오,D,D,D,D,2024
3143,키움증권,B,D,B+,B+,2020
3144,키움증권,B,C,A,B,2021
3145,키움증권,B,B,C,B,2022
3146,키움증권,B+,B,A,B,2023
3147,키움증권,B+,B,A,B,2024
3148,태경비케이,C,C,B,B,2020
3149,태경비케이,C,C,B,B,2021
3150,태경비케이,D,C,C,D,2022
3151,태경비케이,C,C,C,C,2023
3152,태경비케이,C,C,C,C,2024
3153,태경산업,B,B,B,B,2020
3154,태경산업,B,C,B,B+,2021
3155,태경산업,C,C,C,C,2022
3156,태경산업,C,C,C,C,2023
3157,태경산업,C,C,C,C,2024
3158,태경케미컬,D,D,C,C,2020
3159,태경케미컬,C,D,B,B,2021
3160,태경케미컬,D,D,C,D,2022
3161,태경케미컬,D,D,D,D,2023
3162,태경케미컬,D,D,D,D,2024
3163,태광산업,C,B,B+,D,2020
3164,태광산업,B+,B,A,B+,2021
3165,태광산업,D,D,C,C,2022
3166,태광산업,C,C,C,C,2023
3167,태광산업,C,C,C,C,2024
3168,태림포장,C,B,C,C,2020
3169,태림포장,C,B,C,C,2021
3170,태림포장,C,C,B+,C,2022
3171,태림포장,B,A,A,D,2023
3172,태림포장,B,A,A,D,2024
3173,태양금속공업,B,B+,B,B,2020
3174,태양금속공업,B,B,C,B,2021
3175,태양금속공업,D,D,D,D,2022
3176,태양금속공업,D,C,C,D,2023
3177,태양금속공업,D,C,C,D,2024
3178,태영건설,B,B,B,B+,2020
3179,태영건설,B+,A,B,B+,2021
3180,태영건설,B+,B+,B,B+,2022
3181,태영건설,A,A,A,B+,2023
3182,태영건설,A,A,A,B+,2024
3183,태원물산,B,B,C,B,2020
3184,태원물산,C,C,C,B,2021
3185,태원물산,D,D,D,D,2022
3186,태원물산,D,D,D,D,2023
3187,태원물산,D,D,D,D,2024
3188,테이팩스,B+,B+,B+,B,2020
3189,테이팩스,B+,B+,B+,B+,2021
3190,테이팩스,B+,B,A,B,2022
3191,테이팩스,A,A,A,B+,2023
3192,테이팩스,A,A,A,B+,2024
3193,텔코웨어,B,D,B,B,2020
3194,텔코웨어,C,D,C,B,2021
3195,텔코웨어,D,D,D,C,2022
3196,텔코웨어,C,D,D,B,2023
3197,텔코웨어,C,D,D,B,2024
3198,토니모리,C,D,C,B+,2020
3199,토니모리,C,D,C,B+,2021
3200,토니모리,C,D,D,B+,2022
3201,토니모리,C,D,D,B,2023
3202,토니모리,C,D,D,B,2024
3203,티비에이치글로벌,B,C,B,B+,2020
3204,티비에이치글로벌,B,D,B+,B+,2021
3205,티비에이치글로벌,D,D,D,C,2022
3206,티비에이치글로벌,D,D,D,C,2023
3207,티비에이치글로벌,D,D,D,C,2024
3208,티에이치엔,B,B,B,B,2020
3209,티에이치엔,B,C,B,B+,2021
3210,티에이치엔,D,D,C,D,2022
3211,티에이치엔,C,C,B,C,2023
3212,티에이치엔,C,C,B,C,2024
3213,티와이홀딩스,B+,B+,B,B+,2022
3214,티와이홀딩스,B+,A,A,B,2023
3215,티와이홀딩스,B+,A,A,B,2024
3216,티웨이항공,B,C,B,B,2020
3217,티웨이항공,B,C,B+,B,2021
3218,티웨이항공,C,D,C,B,2022
3219,티웨이항공,B,B,C,B,2023
3220,티웨이항공,B,B,C,B,2024
3221,티웨이홀딩스,C,D,B,C,2020
3222,티웨이홀딩스,C,D,D,B,2021
3223,티웨이홀딩스,D,D,C,D,2022
3224,티웨이홀딩스,D,C,C,D,2023
3225,티웨이홀딩스,D,C,C,D,2024
3226,티케이지휴켐스,C,B,B+,C,2020
3227,티케이지휴켐스,B+,B,A,B+,2021
3228,티케이지휴켐스,B,B,B+,B,2022
3229,티케이지휴켐스,B+,B+,A,B,2023
3230,티케이지휴켐스,B+,B+,A,B,2024
3231,파라다이스,B,D,B+,B+,2020
3232,파라다이스,B,D,B,B+,2021
3233,파라다이스,NAN,NAN,NAN,NAN,2022
3234,파라다이스,NAN,NAN,NAN,NAN,2023
3235,파라다이스,NAN,NAN,NAN,NAN,2024
3236,파미셀,B,B,C,B,2020
3237,파미셀,B,C,B,B+,2021
3238,파미셀,D,D,D,D,2022
3239,파미셀,D,C,D,D,2023
3240,파미셀,D,C,D,D,2024
3241,팜스코,B,D,B+,B+,2020
3242,팜스코,B+,B+,A,B+,2021
3243,팜스코,B,B,A,C,2022
3244,팜스코,A,B+,A,A,2023
3245,팜스코,A,B+,A,A,2024
3246,팜젠사이언스,C,D,B,C,2020
3247,팜젠사이언스,C,D,C,C,2021
3248,팜젠사이언스,D,D,D,D,2022
3249,팜젠사이언스,D,D,C,D,2023
3250,팜젠사이언스,D,D,C,D,2024
3251,팬오션,B+,B,B,A,2020
3252,팬오션,B+,B+,D,A,2021
3253,팬오션,B,A,B+,C,2022
3254,팬오션,A,A+,A,A,2023
3255,팬오션,A,A+,A,A,2024
3256,퍼스텍,C,B,B,C,2020
3257,퍼스텍,C,C,C,B,2021
3258,퍼스텍,D,D,D,C,2022
3259,퍼스텍,C,C,C,C,2023
3260,퍼스텍,C,C,C,C,2024
3261,퍼시스,B,B,B,B,2020
3262,퍼시스,B,C,B+,B,2021
3263,퍼시스,D,D,C,D,2022
3264,퍼시스,D,C,C,D,2023
3265,퍼시스,D,C,C,D,2024
3266,페이퍼코리아,C,C,B,C,2020
3267,페이퍼코리아,B,B,C,B,2021
3268,페이퍼코리아,D,C,D,D,2022
3269,페이퍼코리아,D,C,C,D,2023
3270,페이퍼코리아,D,C,C,D,2024
3271,평화산업,B,B,B,B,2020
3272,평화산업,B,B+,C,B+,2021
3273,평화산업,C,D,C,B,2022
3274,평화산업,D,D,C,C,2023
3275,평화산업,D,D,C,C,2024
3276,평화홀딩스,B,C,B,B+,2020
3277,평화홀딩스,B,B+,C,B+,2021
3278,평화홀딩스,C,D,D,B+,2022
3279,평화홀딩스,C,D,C,B+,2023
3280,평화홀딩스,C,D,C,B+,2024
3281,포스코DX,B+,B,A,B+,2020
3282,포스코DX,A,A,A+,A,2021
3283,포스코DX,NAN,NAN,NAN,NAN,2022
3284,포스코DX,NAN,NAN,NAN,NAN,2023
3285,포스코DX,NAN,NAN,NAN,NAN,2024
3286,포스코스틸리온,A,B+,A+,B+,2020
3287,포스코스틸리온,A,A,A+,A,2021
3288,포스코스틸리온,A,B+,A+,B+,2022
3289,포스코스틸리온,A,A,A+,B+,2023
3290,포스코스틸리온,A,A,A+,B+,2024
3291,포스코인터내셔널,A+,A,A+,A+,2020
3292,포스코인터내셔널,A+,A,A+,A+,2021
3293,포스코인터내셔널,A,B+,A+,A,2022
3294,포스코인터내셔널,A,A,A+,A,2023
3295,포스코인터내셔널,A,A,A+,A,2024
3296,포스코퓨처엠,A,A,A+,B+,2020
3297,포스코퓨처엠,A,A,A+,B+,2021
3298,포스코퓨처엠,B+,B+,A,B,2022
3299,포스코퓨처엠,A,A,A+,A,2023
3300,포스코퓨처엠,A,A,A+,A,2024
3301,풀무원,A+,A,A+,A+,2020
3302,풀무원,A+,A,A+,A+,2021
3303,풀무원,A,B+,A+,A,2022
3304,풀무원,A,A,A+,A,2023
3305,풀무원,A,A,A+,A,2024
3306,풍산,B+,B+,A,B+,2020
3307,풍산,B+,B,A,A,2021
3308,풍산,B,C,B+,B+,2022
3309,풍산,B+,B+,B+,B+,2023
3310,풍산,B+,B+,B+,B+,2024
3311,풍산홀딩스,B,B,B+,B,2020
3312,풍산홀딩스,B,D,A,B+,2021
3313,풍산홀딩스,B,C,B+,B+,2022
3314,풍산홀딩스,B+,B+,B+,B+,2023
3315,풍산홀딩스,B+,B+,B+,B+,2024
3316,플레이그램,C,D,C,C,2020
3317,플레이그램,C,D,C,C,2021
3318,플레이그램,D,D,D,D,2022
3319,플레이그램,D,D,D,D,2023
3320,플레이그램,D,D,D,D,2024
3321,하나금융지주,A,A,A,A,2020
3322,하나금융지주,A,A,A+,A,2021
3323,하나금융지주,A,A+,A+,A,2022
3324,하나금융지주,A,A+,A+,A,2023
3325,하나금융지주,A,A+,A+,A,2024
3326,하나제약,B,D,B,B+,2020
3327,하나제약,B,D,B,B+,2021
3328,하나제약,C,D,C,B,2022
3329,하나제약,C,D,C,C,2023
3330,하나제약,C,D,C,C,2024
3331,하나투어,B,D,B,B,2020
3332,하나투어,B+,B,A,B+,2021
3333,하나투어,B+,B+,B+,B+,2022
3334,하나투어,B+,B+,A,B+,2023
3335,하나투어,B+,B+,A,B+,2024
3336,하이브,NAN,NAN,NAN,NAN,2021
3337,하이브,C,D,D,B,2022
3338,하이브,C,B,B+,C,2023
3339,하이브,C,B,B+,C,2024
3340,하이스틸,B,B,C,B,2020
3341,하이스틸,B,C,B,B+,2021
3342,하이스틸,C,D,C,B,2022
3343,하이스틸,C,C,C,C,2023
3344,하이스틸,C,C,C,C,2024
3345,하이트론씨스템즈,B,D,B,B+,2020
3346,하이트론씨스템즈,C,D,C,B+,2021
3347,하이트론씨스템즈,D,D,D,D,2022
3348,하이트진로,B,B,B,B,2020
3349,하이트진로,B+,B+,A,B,2021
3350,하이트진로,B,B,B+,B,2022
3351,하이트진로,B,A,A,C,2023
3352,하이트진로,B,A,A,C,2024
3353,하이트진로홀딩스,B,C,B,B,2020
3354,하이트진로홀딩스,B+,B+,A,B,2021
3355,하이트진로홀딩스,B,B,B+,B,2022
3356,하이트진로홀딩스,B+,A,A,B,2023
3357,하이트진로홀딩스,B+,A,A,B,2024
3358,한국가스공사,A,B+,A+,B+,2020
3359,한국가스공사,B+,B+,A,B+,2021
3360,한국가스공사,B+,B+,A,B+,2022
3361,한국가스공사,A,A,A+,B+,2023
3362,한국가스공사,A,A,A+,B+,2024
3363,한국공항,C,D,B,B,2020
3364,한국공항,B,D,B,B+,2021
3365,한국공항,C,C,B+,C,2022
3366,한국공항,B+,A,B,B+,2023
3367,한국공항,B+,A,B,B+,2024
3368,한국금융지주,B,D,B+,B+,2020
3369,한국금융지주,B+,C,A,B+,2021
3370,한국금융지주,B,D,B+,B+,2022
3371,한국금융지주,B+,C,B+,B+,2023
3372,한국금융지주,B+,C,B+,B+,2024
3373,한국내화,C,C,B,D,2020
3374,한국내화,B,B,B,B,2021
3375,한국내화,C,C,B+,D,2022
3376,한국내화,C,B+,B+,D,2023
3377,한국내화,C,B+,B+,D,2024
3378,한국단자공업,C,C,B,B,2020
3379,한국단자공업,C,C,C,B+,2021
3380,한국단자공업,D,D,C,C,2022
3381,한국단자공업,C,C,B,C,2023
3382,한국단자공업,C,C,B,C,2024
3383,한국무브넥스,C,B,B+,C,2020
3384,한국무브넥스,B,B,B+,B,2021
3385,한국무브넥스,D,D,C,C,2022
3386,한국무브넥스,C,C,C,C,2023
3387,한국무브넥스,C,C,C,C,2024
3388,한국석유공업,C,C,C,B,2020
3389,한국석유공업,B+,B,B+,B+,2021
3390,한국석유공업,B,D,B,B+,2022
3391,한국석유공업,B+,B+,B+,B+,2023
3392,한국석유공업,B+,B+,B+,B+,2024
3393,한국수출포장공업,B,B,C,B,2020
3394,한국수출포장공업,B,B,C,B+,2021
3395,한국수출포장공업,D,C,D,D,2022
3396,한국수출포장공업,D,C,D,D,2023
3397,한국수출포장공업,D,C,D,D,2024
3398,한국쉘석유,B,C,B+,B,2020
3399,한국쉘석유,B,C,B+,B+,2021
3400,한국쉘석유,C,C,C,B,2022
3401,한국쉘석유,C,C,C,B+,2023
3402,한국쉘석유,C,C,C,B+,2024
3403,한국앤컴퍼니,B,B+,B+,B,2020
3404,한국앤컴퍼니,A,B+,A+,B+,2021
3405,한국앤컴퍼니,B,C,B,B+,2022
3406,한국앤컴퍼니,B+,B+,A,B+,2023
3407,한국앤컴퍼니,B+,B+,A,B+,2024
3408,한국자산신탁,C,D,B,C,2020
3409,한국자산신탁,C,C,B+,C,2021
3410,한국자산신탁,C,C,D,B,2022
3411,한국자산신탁,C,C,C,B,2023
3412,한국자산신탁,C,C,C,B,2024
3413,한국전력공사,A,B+,A,A,2020
3414,한국전력공사,B+,B+,B+,B+,2021
3415,한국전력공사,B,B,B,B+,2022
3416,한국전력공사,B+,B,A,A,2023
3417,한국전력공사,B+,B,A,A,2024
3418,한국전자홀딩스,C,C,B,C,2020
3419,한국전자홀딩스,B,B,B+,B,2021
3420,한국전자홀딩스,D,C,D,D,2022
3421,한국전자홀딩스,D,C,C,D,2023
3422,한국전자홀딩스,D,C,C,D,2024
3423,한국제지,B,B+,B,B,2020
3424,한국제지,B,B,B,B,2021
3425,한국제지,D,D,C,D,2022
3426,한국제지,C,C,C,C,2023
3427,한국제지,C,C,C,C,2024
3428,한국종합기술,B,B,C,B,2020
3429,한국종합기술,B,B,C,B+,2021
3430,한국종합기술,C,D,C,B,2022
3431,한국종합기술,C,C,C,B,2023
3432,한국종합기술,C,C,C,B,2024
3433,한국주강,C,D,C,C,2020
3434,한국주강,D,D,D,C,2021
3435,한국주강,D,D,D,D,2022
3436,한국주강,D,D,D,D,2023
3437,한국주강,D,D,D,D,2024
3438,한국주철관공업,C,C,C,B,2020
3439,한국주철관공업,C,C,C,B,2021
3440,한국주철관공업,D,C,C,D,2022
3441,한국주철관공업,D,C,D,D,2023
3442,한국주철관공업,D,C,D,D,2024
3443,한국철강,C,B+,B,C,2020
3444,한국철강,B,B,B,B+,2021
3445,한국철강,C,C,D,B,2022
3446,한국철강,C,C,D,B,2023
3447,한국철강,C,C,D,B,2024
3448,한국카본,B+,B,B,B+,2020
3449,한국카본,B,B,B+,B,2021
3450,한국카본,C,B+,A,D,2022
3451,한국카본,B,B+,B+,C,2023
3452,한국카본,B,B+,B+,C,2024
3453,한국콜마,B+,B,B+,B+,2020
3454,한국콜마,B+,B+,A,B+,2021
3455,한국콜마,B+,B+,B+,B+,2022
3456,한국콜마,A,A,A+,A,2023
3457,한국콜마,A,A,A+,A,2024
3458,한국타이어앤테크놀로지,B+,A,A,B,2020
3459,한국타이어앤테크놀로지,B+,B+,A,B,2021
3460,한국타이어앤테크놀로지,B,B,A,C,2022
3461,한국타이어앤테크놀로지,B,B+,A+,D,2023
3462,한국타이어앤테크놀로지,B,B+,A+,D,2024
3463,한국토지신탁,C,D,B,C,2020
3464,한국토지신탁,C,D,C,C,2021
3465,한국토지신탁,C,D,C,C,2022
3466,한국토지신탁,C,D,C,B,2023
3467,한국토지신탁,C,D,C,B,2024
3468,한국특강,B,B,B,B,2020
3469,한국특강,C,C,B,B,2021
3470,한국특강,D,C,C,D,2022
3471,한국특강,C,C,C,C,2023
3472,한국특강,C,C,C,C,2024
3473,한국항공우주,A,A,A+,B+,2020
3474,한국항공우주,A,A,A+,B+,2021
3475,한국항공우주,C,B,A,D,2022
3476,한국항공우주,B+,B+,A,B+,2023
3477,한국항공우주,B+,B+,A,B+,2024
3478,한국화장품,B,D,B+,B,2020
3479,한국화장품,B,D,B,B,2021
3480,한국화장품,C,D,C,C,2022
3481,한국화장품,D,D,C,D,2023
3482,한국화장품,D,D,C,D,2024
3483,한국화장품제조,C,D,B,B,2020
3484,한국화장품제조,C,C,B,B,2021
3485,한국화장품제조,D,D,C,C,2022
3486,한국화장품제조,D,D,C,D,2023
3487,한국화장품제조,D,D,C,D,2024
3488,한농화성,C,C,C,B,2020
3489,한농화성,C,C,B,B,2021
3490,한농화성,D,D,D,D,2022
3491,한농화성,D,C,C,D,2023
3492,한농화성,D,C,C,D,2024
3493,한독,B+,B+,B+,B,2020
3494,한독,A,B+,A,A,2021
3495,한독,B+,B,A,B+,2022
3496,한독,A,A,A+,B+,2023
3497,한독,A,A,A+,B+,2024
3498,한미글로벌,B+,B,B+,B+,2020
3499,한미글로벌,A,A,A,A,2021
3500,한미글로벌,B+,B+,A,B+,2022
3501,한미글로벌,B+,A,A+,B,2023
3502,한미글로벌,B+,A,A+,B,2024
3503,한미반도체,C,D,C,B,2020
3504,한미반도체,C,D,D,B,2021
3505,한미반도체,C,D,D,B,2022
3506,한미반도체,D,D,D,C,2023
3507,한미반도체,D,D,D,C,2024
3508,한미사이언스,B,B,B,B,2020
3509,한미사이언스,A,B+,A+,A,2021
3510,한미사이언스,B+,B,A+,B,2022
3511,한미사이언스,B+,A,A,B,2023
3512,한미사이언스,B+,A,A,B,2024
3513,한미약품,A,B+,A+,B+,2020
3514,한미약품,A,B+,A+,A,2021
3515,한미약품,B+,B,A+,B,2022
3516,한미약품,B+,A,A,B,2023
3517,한미약품,B+,A,A,B,2024
3518,한샘,B+,B+,A+,B,2020
3519,한샘,A,B+,A+,A,2021
3520,한샘,A,B+,A,A,2022
3521,한샘,A,A,A,A,2023
3522,한샘,A,A,A,A,2024
3523,한섬,A,B+,A,A,2020
3524,한섬,A,A,A+,A,2021
3525,한섬,B+,A,A,B,2022
3526,한섬,A,A,A+,A,2023
3527,한섬,A,A,A+,A,2024
3528,한성기업,C,D,B,C,2020
3529,한성기업,C,D,B,B,2021
3530,한성기업,D,D,D,D,2022
3531,한성기업,C,B,B,D,2023
3532,한성기업,C,B,B,D,2024
3533,한세실업,B,C,B,B+,2020
3534,한세실업,B,B,B,B+,2021
3535,한세실업,C,C,B+,C,2022
3536,한세실업,B+,B+,A,B+,2023
3537,한세실업,B+,B+,A,B+,2024
3538,한세엠케이,C,C,C,B,2020
3539,한세엠케이,C,D,C,B+,2021
3540,한세엠케이,C,C,B,C,2022
3541,한세엠케이,C,B,B+,C,2023
3542,한세엠케이,C,B,B+,C,2024
3543,한세예스24홀딩스,B,C,B,B,2020
3544,한세예스24홀딩스,B,D,B,B+,2021
3545,한세예스24홀딩스,B+,C,B+,B+,2022
3546,한세예스24홀딩스,A,B+,A,A,2023
3547,한세예스24홀딩스,A,B+,A,A,2024
3548,한솔로지스틱스,B+,B,B+,A,2020
3549,한솔로지스틱스,B+,B,B+,B+,2021
3550,한솔로지스틱스,B+,C,A,B+,2022
3551,한솔로지스틱스,B,C,B+,B+,2023
3552,한솔로지스틱스,B,C,B+,B+,2024
3553,한솔제지,A,A,A,A,2020
3554,한솔제지,A,A,A,A,2021
3555,한솔제지,B+,B+,A,B+,2022
3556,한솔제지,A,A,A,A,2023
3557,한솔제지,A,A,A,A,2024
3558,한솔케미칼,B+,B,B+,B+,2020
3559,한솔케미칼,A,A,A,A,2021
3560,한솔케미칼,B,C,B+,B+,2022
3561,한솔케미칼,B+,B+,B+,B+,2023
3562,한솔케미칼,B+,B+,B+,B+,2024
3563,한솔테크닉스,B+,B+,B+,A,2020
3564,한솔테크닉스,A,B+,A,A,2021
3565,한솔테크닉스,B+,B,A,B+,2022
3566,한솔테크닉스,B+,B+,A,B+,2023
3567,한솔테크닉스,B+,B+,A,B+,2024
3568,한솔피엔에스,A,B+,B+,A,2020
3569,한솔피엔에스,A,B+,B+,A,2021
3570,한솔피엔에스,B,C,B,B+,2022
3571,한솔피엔에스,B+,B,B,A,2023
3572,한솔피엔에스,B+,B,B,A,2024
3573,한솔홀딩스,A,B+,A,A,2020
3574,한솔홀딩스,A,B+,A,A,2021
3575,한솔홀딩스,A,B+,A,A,2022
3576,한솔홀딩스,A,B+,A,A,2023
3577,한솔홀딩스,A,B+,A,A,2024
3578,한솔홈데코,B+,B,B+,A,2020
3579,한솔홈데코,A,B+,A,A,2021
3580,한솔홈데코,B,C,B,B+,2022
3581,한솔홈데코,B+,B+,B+,B+,2023
3582,한솔홈데코,B+,B+,B+,B+,2024
3583,한신공영,C,C,B,B,2020
3584,한신공영,C,C,C,B,2021
3585,한신공영,D,D,C,D,2022
3586,한신공영,D,C,C,D,2023
3587,한신공영,D,C,C,D,2024
3588,한신기계공업,C,B,C,C,2020
3589,한신기계공업,C,D,C,B+,2021
3590,한신기계공업,D,D,D,D,2022
3591,한신기계공업,D,C,D,D,2023
3592,한신기계공업,D,C,D,D,2024
3593,한양증권,C,D,B+,C,2020
3594,한양증권,C,D,B+,C,2021
3595,한양증권,D,D,D,C,2022
3596,한양증권,C,D,B,C,2023
3597,한양증권,C,D,B,C,2024
3598,한온시스템,B,B,B,B+,2020
3599,한온시스템,B+,B+,B+,B+,2021
3600,한온시스템,B,B+,A,C,2022
3601,한온시스템,B+,B+,A+,B,2023
3602,한온시스템,B+,B+,A+,B,2024
3603,한올바이오파마,B,D,B+,B,2020
3604,한올바이오파마,B,D,B,B+,2021
3605,한올바이오파마,C,D,C,C,2022
3606,한올바이오파마,B,B,D,B+,2023
3607,한올바이오파마,B,B,D,B+,2024
3608,한익스프레스,C,B,C,D,2020
3609,한익스프레스,C,B,B,C,2021
3610,한익스프레스,D,D,C,D,2022
3611,한익스프레스,C,C,C,C,2023
3612,한익스프레스,C,C,C,C,2024
3613,한일시멘트,B,C,B+,B,2020
3614,한일시멘트,B+,B+,B+,B,2021
3615,한일시멘트,C,B+,A,D,2022
3616,한일시멘트,A,A,A+,B+,2023
3617,한일시멘트,A,A,A+,B+,2024
3618,한일철강,D,D,D,C,2020
3619,한일철강,C,D,C,B,2021
3620,한일철강,D,D,D,D,2022
3621,한일철강,D,D,D,D,2023
3622,한일철강,D,D,D,D,2024
3623,한일현대시멘트,B+,B,B+,B+,2020
3624,한일현대시멘트,B+,B+,B+,B+,2021
3625,한일현대시멘트,B+,B+,B+,B,2022
3626,한일현대시멘트,B+,A,A+,B,2023
3627,한일현대시멘트,B+,A,A+,B,2024
3628,한일홀딩스,B,D,B+,B+,2020
3629,한일홀딩스,B,B+,B+,B,2021
3630,한일홀딩스,C,B+,A,D,2022
3631,한일홀딩스,A,A,A+,B+,2023
3632,한일홀딩스,A,A,A+,B+,2024
3633,한전KPS,B+,B+,A,B+,2020
3634,한전KPS,B,B,B,B+,2021
3635,한전KPS,A,B+,A,A,2022
3636,한전KPS,A,A,A,A,2023
3637,한전KPS,A,A,A,A,2024
3638,한전기술,B+,B+,A,B+,2020
3639,한전기술,B+,B,B+,B+,2021
3640,한전기술,B+,B,B+,B+,2022
3641,한전기술,A,B+,A+,A,2023
3642,한전기술,A,B+,A+,A,2024
3643,한전산업,B+,B,B+,B+,2020
3644,한전산업,B+,B,B+,B+,2021
3645,한전산업,C,C,B,C,2022
3646,한전산업,C,C,D,B,2023
3647,한전산업,C,C,D,B,2024
3648,한진,B,B,C,B+,2020
3649,한진,A,A,B+,A,2021
3650,한진,B+,B+,A,B+,2022
3651,한진,A,A,A,A,2023
3652,한진,A,A,A,A,2024
3653,한진중공업홀딩스,B,D,C,B+,2020
3654,한진중공업홀딩스,B,D,C,B+,2021
3655,한진중공업홀딩스,C,D,D,B+,2022
3656,한진중공업홀딩스,C,D,C,B+,2023
3657,한진중공업홀딩스,C,D,C,B+,2024
3658,한진칼,B+,B,B,A,2020
3659,한진칼,A,A,A,A,2021
3660,한진칼,A,A,A,A,2022
3661,한진칼,A,A,A+,A,2023
3662,한진칼,A,A,A+,A,2024
3663,한창,C,D,B,C,2020
3664,한창,B,D,B,B,2021
3665,한창,D,D,D,D,2022
3666,한창,D,D,D,D,2023
3667,한창,D,D,D,D,2024
3668,한창제지,B,B,C,B,2020
3669,한창제지,C,C,C,B,2021
3670,한창제지,C,C,C,B,2022
3671,한창제지,C,C,C,C,2023
3672,한창제지,C,C,C,C,2024
3673,한컴라이프케어,C,C,B,D,2023
3674,한컴라이프케어,C,C,B,D,2024
3675,한화,A,B+,A,A,2020
3676,한화,A,A,A+,A,2021
3677,한화,A,A,A+,A,2022
3678,한화,B+,B+,B+,B+,2023
3679,한화,B+,B+,B+,B+,2024
3680,한화생명,A,A,A+,B+,2020
3681,한화생명,A,A+,A+,B+,2021
3682,한화생명,A,A,A+,B+,2022
3683,한화생명,A,A,A+,B+,2023
3684,한화생명,A,A,A+,B+,2024
3685,한화손해보험,B+,B,A,B,2020
3686,한화손해보험,A,A,A+,B+,2021
3687,한화손해보험,A,A,A,A,2022
3688,한화손해보험,A,A,A,A,2023
3689,한화손해보험,A,A,A,A,2024
3690,한화솔루션,B+,A,A,B,2020
3691,한화솔루션,A,A,A+,B+,2021
3692,한화솔루션,B,A,A,C,2022
3693,한화솔루션,B+,A,A+,B,2023
3694,한화솔루션,B+,A,A+,B,2024
3695,한화시스템,A,B+,A,A,2021
3696,한화시스템,A,B+,A+,A,2022
3697,한화시스템,A,A,A+,A,2023
3698,한화시스템,A,A,A+,A,2024
3699,한화에어로스페이스,A,A,A,A,2020
3700,한화에어로스페이스,A,A,A,A,2021
3701,한화에어로스페이스,B+,B+,A,B,2022
3702,한화에어로스페이스,A,A,A,A,2023
3703,한화에어로스페이스,A,A,A,A,2024
3704,한화엔진,A,B+,A,A,2020
3705,한화엔진,A,B+,A,A,2021
3706,한화엔진,B+,B,A,B+,2022
3707,한화엔진,B+,B,A,B+,2023
3708,한화엔진,B+,B,A,B+,2024
3709,한화오션,B+,B+,B,A,2020
3710,한화오션,A,B,A+,A,2021
3711,한화오션,B+,B,B+,B+,2022
3712,한화오션,B+,B+,B+,B+,2023
3713,한화오션,B+,B+,B+,B+,2024
3714,한화투자증권,B+,B,A,B+,2020
3715,한화투자증권,B+,B+,A,B+,2021
3716,한화투자증권,B+,B+,A,B+,2022
3717,한화투자증권,A,A,A+,B+,2023
3718,한화투자증권,A,A,A+,B+,2024
3719,해성디에스,A,A,A,A,2020
3720,해성디에스,A,A,A+,A,2021
3721,해성디에스,B+,B+,A,B+,2022
3722,해성디에스,A,A,A+,B+,2023
3723,해성디에스,A,A,A+,B+,2024
3724,해태제과식품,B,D,B+,B,2020
3725,해태제과식품,B,D,B+,B+,2021
3726,해태제과식품,C,D,B,C,2022
3727,해태제과식품,D,D,C,D,2023
3728,해태제과식품,D,D,C,D,2024
3729,핸즈코퍼레이션,B,B,B,B+,2020
3730,핸즈코퍼레이션,B,B,B,B+,2021
3731,핸즈코퍼레이션,C,C,B,D,2022
3732,핸즈코퍼레이션,C,C,B,D,2023
3733,핸즈코퍼레이션,C,C,B,D,2024
3734,현대건설,A,A+,A,A,2020
3735,현대건설,A,A,A,A,2021
3736,현대건설,A,A,A,B+,2022
3737,현대건설,A,A,A,A,2023
3738,현대건설,A,A,A,A,2024
3739,현대글로비스,A,A,A+,A,2020
3740,현대글로비스,A,A,A+,A,2021
3741,현대글로비스,A,A,A+,A,2022
3742,현대글로비스,A+,A+,A+,A,2023
3743,현대글로비스,A+,A+,A+,A,2024
3744,현대로템,B+,B,A,B+,2020
3745,현대로템,A,A,A+,A,2021
3746,현대로템,A,A,A+,A,2022
3747,현대로템,A,A,A+,A,2023
3748,현대로템,A,A,A+,A,2024
3749,현대리바트,A,B,A,A,2020
3750,현대리바트,A,A,A+,A,2021
3751,현대리바트,A,A,A,A,2022
3752,현대리바트,A,A,A+,B+,2023
3753,현대리바트,A,A,A+,B+,2024
3754,현대모비스,A,B+,A+,A,2020
3755,현대모비스,A,A,A+,A,2021
3756,현대모비스,A,A,A+,B+,2022
3757,현대모비스,A,A+,A+,B+,2023
3758,현대모비스,A,A+,A+,B+,2024
3759,현대백화점,A,B+,A,A,2020
3760,현대백화점,A,A,A+,A,2021
3761,현대백화점,A,A,A,A,2022
3762,현대백화점,A+,A+,A+,A,2023
3763,현대백화점,A+,A+,A+,A,2024
3764,현대비앤지스틸,B+,B+,A,B+,2020
3765,현대비앤지스틸,A,B+,A+,B+,2021
3766,현대비앤지스틸,C,B+,B+,D,2022
3767,현대비앤지스틸,B,A,B+,C,2023
3768,현대비앤지스틸,B,A,B+,C,2024
3769,현대약품,B,B,B+,B,2020
3770,현대약품,B,C,B,B+,2021
3771,현대약품,D,D,C,D,2022
3772,현대약품,C,C,C,B,2023
3773,현대약품,C,C,C,B,2024
3774,현대엘리베이터,A,B+,A,A,2020
3775,현대엘리베이터,A,B+,A,A,2021
3776,현대엘리베이터,B,C,B,B,2022
3777,현대엘리베이터,B+,B+,A,B+,2023
3778,현대엘리베이터,B+,B+,A,B+,2024
3779,현대오토에버,A,A,A+,A,2021
3780,현대오토에버,B+,B+,A,B+,2022
3781,현대오토에버,A,A+,A+,B+,2023
3782,현대오토에버,A,A+,A+,B+,2024
3783,현대위아,A,A,A+,A,2020
3784,현대위아,A,A,A+,A,2021
3785,현대위아,A,A,A,B+,2022
3786,현대위아,A+,A+,A+,A,2023
3787,현대위아,A+,A+,A+,A,2024
3788,현대자동차,A,A,A+,A,2020
3789,현대자동차,A,A,A,A,2021
3790,현대자동차,B+,A,B+,B,2022
3791,현대자동차,A,A,A,B+,2023
3792,현대자동차,A,A,A,B+,2024
3793,현대제철,B+,B+,B,B+,2020
3794,현대제철,B+,B+,B+,A,2021
3795,현대제철,A,A,A,B+,2022
3796,현대제철,A,A+,A,B+,2023
3797,현대제철,A,A+,A,B+,2024
3798,현대지에프홀딩스,A,B+,A,A,2020
3799,현대지에프홀딩스,A,A,A+,A,2021
3800,현대지에프홀딩스,A,A,A,A,2022
3801,현대지에프홀딩스,A,A,A+,A,2023
3802,현대지에프홀딩스,A,A,A+,A,2024
3803,현대차증권,A,B,A+,A,2020
3804,현대차증권,A,B+,A+,A,2021
3805,현대차증권,A,B+,A+,B+,2022
3806,현대차증권,A,B+,A+,B+,2023
3807,현대차증권,A,B+,A+,B+,2024
3808,현대코퍼레이션,B,D,B,B,2020
3809,현대코퍼레이션,B+,B+,A,B+,2021
3810,현대코퍼레이션,B,C,B,B,2022
3811,현대코퍼레이션,B+,B,B+,B+,2023
3812,현대코퍼레이션,B+,B,B+,B+,2024
3813,현대코퍼레이션홀딩스,C,D,C,B,2020
3814,현대코퍼레이션홀딩스,B+,C,A,B+,2021
3815,현대코퍼레이션홀딩스,B,C,B,B+,2022
3816,현대코퍼레이션홀딩스,B+,B,B+,B+,2023
3817,현대코퍼레이션홀딩스,B+,B,B+,B+,2024
3818,현대퓨처넷,B+,C,A,A,2020
3819,현대퓨처넷,A,A,A,A,2022
3820,현대퓨처넷,A,A,A+,A,2023
3821,현대퓨처넷,A,A,A+,A,2024
3822,현대해상,A,B+,A,A,2020
3823,현대해상,A,A,A+,A,2021
3824,현대해상,B+,A,A,B+,2022
3825,현대해상,A,A,A+,A,2023
3826,현대해상,A,A,A+,A,2024
3827,현대홈쇼핑,A,A,A,A,2020
3828,현대홈쇼핑,A,A,A+,A,2021
3829,현대홈쇼핑,A,A,A+,A,2022
3830,현대홈쇼핑,A,A,A+,A,2023
3831,현대홈쇼핑,A,A,A+,A,2024
3832,형지엘리트,C,D,B,C,2020
3833,형지엘리트,C,D,B,B,2021
3834,형지엘리트,D,D,C,D,2022
3835,형지엘리트,D,D,D,D,2023
3836,형지엘리트,D,D,D,D,2024
3837,혜인,C,B,C,C,2020
3838,혜인,B,B,B,B,2021
3839,혜인,D,D,D,D,2022
3840,혜인,D,D,D,D,2023
3841,혜인,D,D,D,D,2024
3842,호전실업,C,D,C,B+,2020
3843,호전실업,C,D,C,B+,2021
3844,호전실업,D,D,D,C,2022
3845,호전실업,C,D,D,B,2023
3846,호전실업,C,D,D,B,2024
3847,호텔신라,A,A,A,A,2020
3848,호텔신라,A,B+,A+,A,2021
3849,호텔신라,A,B+,A,A,2022
3850,호텔신라,A,A,A,A,2023
3851,호텔신라,A,A,A,A,2024
3852,화승알앤에이,B,B,B+,B,2023
3853,화승알앤에이,B,B,B+,B,2024
3854,화승엔터프라이즈,B+,B+,B,A,2020
3855,화승엔터프라이즈,B+,B,B+,A,2021
3856,화승엔터프라이즈,B+,B,B,A,2022
3857,화승엔터프라이즈,B+,B+,B+,B+,2023
3858,화승엔터프라이즈,B+,B+,B+,B+,2024
3859,화승인더스트리,B,B,B,B+,2020
3860,화승인더스트리,B+,B,B+,A,2021
3861,화승인더스트리,C,C,C,B+,2022
3862,화승인더스트리,B+,B+,B+,B+,2023
3863,화승인더스트리,B+,B+,B+,B+,2024
3864,화승코퍼레이션,B+,B+,B,B+,2020
3865,화승코퍼레이션,B+,B+,B,B+,2021
3866,화승코퍼레이션,C,C,C,B,2022
3867,화승코퍼레이션,B,C,B,B+,2023
3868,화승코퍼레이션,B,C,B,B+,2024
3869,화신,C,D,B+,B,2020
3870,화신,B+,B+,A,B+,2021
3871,화신,C,C,A,C,2022
3872,화신,B+,B,A,B,2023
3873,화신,B+,B,A,B,2024
3874,화인베스틸,B,B,C,B,2020
3875,화인베스틸,B,B,C,B,2021
3876,화인베스틸,D,C,D,D,2022
3877,화인베스틸,D,C,C,D,2023
3878,화인베스틸,D,C,C,D,2024
3879,화천기계,C,B,B,C,2020
3880,화천기계,C,D,C,B,2021
3881,화천기계,D,D,D,D,2022
3882,화천기계,C,D,C,C,2023
3883,화천기계,C,D,C,C,2024
3884,화천기공,C,D,C,B,2020
3885,화천기공,B,D,B,B+,2021
3886,화천기공,D,D,D,C,2022
3887,화천기공,C,D,C,C,2023
3888,화천기공,C,D,C,C,2024
3889,환인제약,B,D,B+,B+,2020
3890,환인제약,B,D,B,B+,2021
3891,환인제약,B,D,B+,B+,2022
3892,환인제약,B,C,C,B+,2023
3893,환인제약,B,C,C,B+,2024
3894,황금에스티,D,D,C,C,2020
3895,황금에스티,C,D,C,B,2021
3896,황금에스티,C,D,D,B,2022
3897,황금에스티,C,D,D,B,2023
3898,황금에스티,C,D,D,B,2024
3899,효성,B+,A,A+,B,2020
3900,효성,A,A,A+,B+,2021
3901,효성,B+,A,A+,B,2022
3902,효성,A,A,A+,B+,2023
3903,효성,A,A,A+,B+,2024
3904,효성 ITX,B+,C,B+,B+,2020
3905,효성 ITX,B+,C,B+,B+,2021
3906,효성 ITX,B+,B,A,B+,2022
3907,효성 ITX,B+,B+,A+,B,2023
3908,효성 ITX,B+,B+,A+,B,2024
3909,효성중공업,A,A,A+,A,2020
3910,효성중공업,A,A,A+,A,2021
3911,효성중공업,A,A,A+,B+,2022
3912,효성중공업,A,A,A+,B+,2023
3913,효성중공업,A,A,A+,B+,2024
3914,효성티앤씨,A+,A+,A+,A,2020
3915,효성티앤씨,A,A,A+,A,2021
3916,효성티앤씨,A,A,A+,B+,2022
3917,효성티앤씨,A,A+,A+,B+,2023
3918,효성티앤씨,A,A+,A+,B+,2024
3919,효성화학,A+,A+,A+,A,2020
3920,효성화학,A,A,A+,A,2021
3921,효성화학,A,A,A+,B+,2022
3922,효성화학,A,A,A+,B+,2023
3923,효성화학,A,A,A+,B+,2024
3924,후성,C,B,C,C,2020
3925,후성,B+,A,B,B,2021
3926,후성,B,B,B+,B,2022
3927,후성,B+,A,A,B,2023
3928,후성,B+,A,A,B,2024
3929,휠라홀딩스,B+,B,B+,B+,2020
3930,휠라홀딩스,A,B+,A+,A,2021
3931,휠라홀딩스,B+,B,A,B+,2022
3932,휠라홀딩스,A,A,A,B+,2023
3933,휠라홀딩스,A,A,A,B+,2024
3934,휴니드테크놀러지스,C,C,B,B,2020
3935,휴니드테크놀러지스,B,C,B+,B+,2021
3936,휴니드테크놀러지스,D,D,C,C,2022
3937,휴니드테크놀러지스,D,C,D,D,2023
3938,휴니드테크놀러지스,D,C,D,D,2024
3939,휴비스,B+,B+,B+,B+,2020
3940,휴비스,A,B+,A+,A,2021
3941,휴비스,B+,B+,A,B+,2022
3942,휴비스,A,B+,A+,B+,2023
3943,휴비스,A,B+,A+,B+,2024
3944,휴스틸,C,B,B,C,2020
3945,휴스틸,C,C,C,B,2021
3946,휴스틸,D,D,D,C,2022
3947,휴스틸,C,C,C,C,2023
3948,휴스틸,C,C,C,C,2024
3949,흥국화재,B,D,A,B,2020
3950,흥국화재,B+,B,A,B,2021
3951,흥국화재,B+,C,B+,B+,2022
3952,흥국화재,B+,B,B+,B+,2023
3953,흥국화재,B+,B,B+,B+,2024
3954,흥아해운,D,D,C,D,2020
3955,흥아해운,D,D,C,D,2021
3956,흥아해운,C,C,B,C,2022
3957,흥아해운,B,B,B+,B,2023
3958,흥아해운,B,B,B+,B,2024
