컬럼_1,컬럼_2,컬럼_3,컬럼_4,컬럼_5,컬럼_6,컬럼_7,컬럼_8,컬럼_9,컬럼_10,컬럼_11,컬럼_12
AJ네트웍스,B+,C,A,B+,-,-,-,-,-,,
AK홀딩스,A,A,A+,B+,-,-,-,-,10,,
BGF,A,A,A+,B+,-,-,-,-,20,,
BGF리테일,A,A,A+,A,A,A,23,-,55,,
BNK금융지주,A,A,A+,A,A,BB,37,-,49,,
BYC,D,D,D,D,-,-,-,-,-,,
CJ,A,A,A+,B+,A,A,47,-,38,,
CJ CGV,A,A,A+,B+,-,-,-,-,38,,
CJ대한통운,A,A,A+,B+,A,BB,39,-,66,,
CJ씨푸드,B+,B+,A,B,-,-,-,-,-,,
CJ제일제당,A,A,A+,A,A,BB,36,AA,78,,
CS홀딩스,C,D,D,B,-,-,-,-,-,,
DB,C,D,B,C,-,-,-,-,-,,
DB금융투자,B,C,B,B+,-,-,-,-,8,,
DB손해보험,B+,B+,A,B+,B+,BB,34,A,33,,
DB하이텍,B+,A,A,B,A,AA,-,-,31,,
DGB금융지주,A,A+,A,A,B+,BB,31,-,64,,
DL,A,A,A,A,B+,B,20,-,32,,
DL건설,A,A,A+,B+,-,-,-,-,-,,
DL이앤씨,A,A,B+,A,A,BB,-,-,67,,
DN오토모티브,C,C,B,D,-,-,-,-,-,,
DRB동일,B+,B,A,B+,-,-,-,-,-,,
DSR,D,C,C,D,-,-,-,-,-,,
DSR제강,C,C,C,B,-,-,-,-,-,,
E1,A,A,A,B+,-,-,-,-,-,,
ESR켄달스퀘어리츠,-,-,-,-,-,-,-,-,7,,
F&F,B+,B+,A+,B,B+,BB,-,-,67,,
F&F 홀딩스,A,B+,A+,B+,-,-,-,-,45,,
GKL,B+,B,A,B+,A,A,-,-,43,,
GS,B,B+,A+,C,B+,A,23,BBB,29,,
GS건설,A,A,B+,A,B+,B,32,-,46,,
GS글로벌,B+,B+,B+,B+,-,-,-,-,24,,
GS리테일,A,A+,A,A,A,AA,10,-,38,,
HDC,B+,B+,A,B,-,-,-,-,10,,
HDC랩스,D,D,D,C,-,-,-,-,-,,
HDC현대EP,B+,B+,B+,B,-,-,-,-,25,,
HDC현대산업개발,B+,B+,A,B,B+,B,19,-,36,,
HD한국조선해양,A,A,A+,A,A,B,30,BB,52,,
HD현대,A,B+,A+,B+,B+,B,17,BBB,34,,
HD현대건설기계,A+,A+,A+,A,-,-,35,-,41,,
HD현대마린엔진,C,C,C,B,-,-,-,-,-,,
HD현대미포,A,A,A+,B+,A,BB,35,-,53,,
HD현대에너지솔루션,A,A,A,B+,-,-,-,-,42,,
HD현대인프라코어,A,A+,A+,B+,A,A,32,-,62,,
HD현대일렉트릭,A,A,A+,A,A,A,-,BBB,42,,
HD현대중공업,A,A,A,B+,A,B,-,BB,50,,
HJ중공업,B+,B,B+,B+,-,-,-,-,-,,
HL D&I,A,A,A+,B+,-,-,-,-,-,,
HLB글로벌,D,D,D,D,-,-,-,-,11,,
HL만도,A,B+,A+,A,A,BB,41,-,65,,
HL홀딩스,A,A,A+,A,-,-,-,-,39,,
HMM,A,A+,A+,B+,B+,A,-,BBB,45,,
HS애드,B,D,C,B+,-,-,-,-,-,,
HS화성,C,C,C,B+,-,-,-,-,22,,
HS효성첨단소재,A,A,A+,A,A,B,-,-,67,,
JB금융지주,A,A+,A,A,B+,BB,-,-,80,,
JW생명과학,B+,B+,A,B,-,-,-,-,25,,
JW중외제약,B+,B,A,B+,-,-,-,-,25,,
JW홀딩스,B+,B,A,B+,-,-,-,-,29,,
KB금융,A+,A+,A+,A+,A,BB,38,AAA,86,,
KC그린홀딩스,C,C,D,C,-,-,-,-,-,,
KC코트렐,C,C,D,C,-,-,-,-,-,,
KEC,D,C,C,D,-,-,-,-,-,,
KG모빌리티,D,C,C,D,B+,D,-,-,6,,
KG스틸,B,B+,A,C,B+,BB,-,-,-,,
KG케미칼,C,C,D,C,-,-,-,-,6,,
KH 필룩스,D,C,C,D,-,-,-,-,-,,
KIB플러그에너지,D,D,D,D,-,-,-,-,-,,
KISCO홀딩스,D,C,D,D,-,-,-,-,-,,
KPX케미칼,C,C,C,C,-,-,-,-,-,,
KPX홀딩스,C,C,C,C,-,-,-,-,-,,
KR모터스,D,D,D,D,-,-,-,-,-,,
KSS해운,B+,B+,A,B+,-,-,-,-,-,,
KTcs,A,A,A,A,-,-,-,-,-,,
KTis,B+,B+,A,B+,-,-,-,-,-,,
LF,B+,B,B,B+,-,-,-,-,19,,
LG,A,A,A+,A,B+,BB,23,BB,49,,
LG디스플레이,B+,A,A+,B,A,BB,48,AA,79,,
LG생활건강,A,A,A+,A,A,A,39,A,79,,
LG에너지솔루션,-,-,-,-,A+,BB,-,BBB,54,,
LG유플러스,A,A,A,A,A,B,41,BBB,60,,
LG이노텍,A,A,A+,A,A+,AA,44,BB,67,,
LG전자,A,A+,A,A,A+,BB,43,A,71,,
LG헬로비전,A,B+,A+,A,-,-,-,-,16,,
LG화학,A,B+,A+,A,A,A,45,A,63,,
LIG넥스원,A,A,A+,A,A,A,-,-,29,,
LS,A,A,A,A,B+,B,13,-,10,,
LS네트웍스,B+,B,A,B+,-,-,-,-,-,,
LS에코에너지,C,D,C,B,-,-,-,-,-,,
LX세미콘,B+,A,A,B+,-,-,-,-,34,,
LX인터내셔널,B+,B+,A+,B,B+,B,-,-,33,,
LX하우시스,A,A,A,B+,-,-,-,-,53,,
LX홀딩스,B+,B+,A,B+,-,-,-,-,24,,
MH에탄올,D,D,D,C,-,-,-,-,-,,
NAVER,A+,A,A+,A+,A,AA,31,AA,44,,
NH투자증권,A,A,A,A,B+,B,33,BBB,27,,
NICE,B+,B,A,B+,-,-,-,-,10,,
NICE평가정보,-,-,-,-,-,-,-,-,30,,
NI스틸,D,D,D,D,-,-,-,-,-,,
OCI,-,-,-,-,-,-,-,-,47,,
OCI홀딩스,A,A,A,A,A,B,42,-,58,,
PI첨단소재,B+,B+,A,B,A,AA,-,-,25,,
POSCO홀딩스,A+,A,A+,A+,A,AA,47,A,61,,
S-Oil,A+,A,A+,A+,A+,A,41,BB,65,,
SBS,B+,B+,A,B+,-,-,-,-,-,,
SGC에너지,B+,A,A,B,-,-,-,-,27,,
SG글로벌,D,C,D,D,-,-,-,-,-,,
SG세계물산,D,D,D,D,-,-,-,-,-,,
SHD,C,D,D,B,-,-,-,-,-,,
SH에너지화학,C,C,D,B,-,-,-,-,-,,
SIMPAC,D,C,C,D,-,-,-,-,-,,
SJG세종,D,C,C,D,-,-,-,-,-,,
SK,A+,A,A+,A+,A,C,34,AAA,83,,
SKC,A+,A+,A+,A,A+,B,37,A,51,,
SK가스,A+,A+,A+,A,-,-,-,-,56,,
SK네트웍스,A,A,A+,A,A,BB,33,-,53,,
SK디스커버리,A,A+,A+,A,-,-,-,-,41,,
SK디앤디,A,A,A+,A,-,-,-,-,39,,
SK렌터카,A,A+,A+,A,-,-,-,-,-,,
SK바이오사이언스,A,B+,A,A,A,BB,-,A,43,,
SK스퀘어,A,A,A+,A,A,AA,-,A,54,,
SK아이이테크놀로지,A,A,A+,B+,A,BB,-,-,59,,
SK이노베이션,A+,A,A+,A+,A,A,39,AA,59,,
SK증권,B+,B,B+,B+,-,-,-,-,32,,
SK케미칼,A+,A+,A+,A,A+,BB,-,-,71,,
SK텔레콤,A,A,A,A,A,BB,48,AA,86,,
SK하이닉스,A,A,A+,A,A,A,39,A,70,,
SNT다이내믹스,C,C,C,C,-,-,-,-,12,,
SNT모티브,C,C,C,C,-,-,-,-,14,,
SNT에너지,D,D,C,D,-,-,-,-,-,,
SNT홀딩스,B,C,C,B+,-,-,-,-,-,,
SPC삼립,D,C,C,D,-,-,-,-,10,,
STX,C,D,C,C,-,-,-,-,-,,
STX엔진,C,C,B,D,-,-,-,-,-,,
SUN&L,C,C,C,C,-,-,-,-,-,,
TCC스틸,C,B+,B+,D,B+,BB,-,-,-,,
TP,D,D,C,D,-,-,-,-,15,,
TYM,B+,B+,A,B,-,-,-,-,-,,
WISCOM,C,C,C,B,-,-,-,-,-,,
YG PLUS,D,D,D,D,-,-,-,-,-,,
가온전선,B+,B+,A,B,-,-,-,-,-,,
강남제비스코,B+,B+,B+,B+,-,-,-,-,-,,
강원랜드,A,A+,A+,A,A+,A,25,-,37,,
갤럭시아에스엠,D,D,D,D,-,-,-,-,-,,
경농,C,C,D,B+,-,-,-,-,-,,
경동나비엔,B,B+,A,C,-,-,-,-,42,,
경동도시가스,C,C,B+,D,-,-,-,-,-,,
경동인베스트,C,C,B+,C,-,-,-,-,-,,
경방,C,C,D,C,-,-,-,-,-,,
경보제약,B+,B+,A,B+,-,-,-,-,31,,
경인양행,C,B+,B+,D,-,-,-,-,22,,
경인전자,D,D,D,C,-,-,-,-,-,,
계룡건설산업,B+,B+,B+,B,-,-,-,-,32,,
계양전기,C,C,C,C,-,-,-,-,-,,
고려산업,D,D,D,C,-,-,-,-,-,,
고려아연,B,A,A,C,A+,AA,38,BB,50,,
고려제강,C,C,B,D,-,-,-,-,-,,
광동제약,C,C,B,C,-,-,-,-,19,,
광명전기,D,C,C,D,-,-,-,-,-,,
광전자,D,C,D,D,-,-,-,-,-,,
광주신세계,A,A,A+,A,-,-,-,-,-,,
교보증권,B+,A,A,B+,-,-,-,-,26,,
교촌에프앤비,C,C,C,B,-,-,-,-,-,,
국도화학,D,C,D,D,-,-,-,-,7,,
국동,C,D,C,C,-,-,-,-,-,,
국보,D,C,D,D,-,-,-,-,-,,
국제약품,C,D,C,B,-,-,-,-,-,,
그린케미칼,C,C,C,B,-,-,-,-,-,,
극동유화,D,D,D,D,-,-,-,-,-,,
금강공업,C,C,D,B,-,-,-,-,-,,
금비,D,C,D,D,-,-,-,-,-,,
금양,D,D,D,D,D,B,-,CCC,5,,
금호건설,B,B,B+,B,-,-,-,-,20,,
금호석유화학,A,A,A+,A,A+,BB,47,BB,68,,
금호에이치티,D,C,C,D,-,-,-,-,-,,
금호전기,D,C,C,D,-,-,-,-,-,,
금호타이어,A,A,A+,B+,A,B,-,-,54,,
기신정기,D,D,D,D,-,-,-,-,-,,
기아,B,A,A+,C,A+,BB,32,B,71,,
기업은행,A,A+,A+,A,A,A,39,A,56,,
까뮤이앤씨,C,D,D,B,-,-,-,-,-,,
깨끗한나라,B+,B+,B+,B,-,-,-,-,-,,
남광토건,D,C,D,D,-,-,-,-,-,,
남선알미늄,D,C,C,D,-,-,-,-,11,,
남성,D,D,D,C,-,-,-,-,-,,
남양유업,B,B+,A,C,-,-,-,-,19,,
남해화학,C,C,C,C,-,-,-,-,10,,
넥센,B+,B+,A,B,-,-,-,-,-,,
넥센타이어,B+,A,A,B,-,-,-,-,54,,
넷마블,B+,B+,A,B+,B+,B,32,A,39,,
노루페인트,B+,A,A+,B,-,-,-,-,-,,
노루홀딩스,A,A,A+,B+,-,-,-,-,-,,
녹십자,B+,B+,A,B,B+,BB,-,-,35,,
녹십자홀딩스,B+,B+,A,B+,B+,BB,-,-,43,,
농심,B+,A,A,B,A,A,13,-,37,,
농심홀딩스,B+,B+,A,B,-,-,-,-,-,,
다스코,C,C,C,C,-,-,-,-,-,,
다올투자증권,B+,B+,B+,B+,-,-,-,-,18,,
다우기술,B+,A,A+,B,-,-,-,-,15,,
다이나믹디자인,D,D,D,D,-,-,-,-,-,,
대교,B+,C,B+,B+,-,-,-,-,14,,
대구백화점,C,D,C,B,-,-,-,-,-,,
대덕,B+,A,A,B,-,-,-,-,26,,
대덕전자,A,A,A,B+,-,-,-,-,31,,
대동,C,B,A,D,-,-,-,-,-,,
대동전자,D,D,D,C,-,-,-,-,-,,
대림비앤코,C,C,C,C,-,-,-,-,-,,
대림통상,D,C,C,D,-,-,-,-,-,,
대상,A,A,A+,B+,A,BB,-,-,42,,
대상홀딩스,B+,A,A+,B,-,-,-,-,-,,
대성산업,D,D,D,D,-,-,-,-,-,,
대성에너지,C,C,C,C,-,-,-,-,-,,
대성홀딩스,C,C,C,C,-,-,-,-,-,,
대신증권,B+,B,A,B+,-,-,-,-,19,,
대양금속,D,C,C,D,-,-,-,-,-,,
대영포장,D,D,C,D,-,-,-,-,-,,
대우건설,A,A+,B+,A,B+,C,33,-,46,,
대우부품,D,D,D,D,-,-,-,-,-,,
대웅,B+,A,A,B+,B+,B,-,-,39,,
대웅제약,B+,A,A,B,B+,A,-,-,32,,
대원강업,C,B,B+,C,-,-,-,-,12,,
대원전선,D,C,D,D,-,-,-,-,-,,
대원제약,B,C,B,B+,-,-,-,-,18,,
대원화성,D,C,D,D,-,-,-,-,-,,
대유에이텍,C,C,B,D,-,-,-,-,-,,
대유플러스,D,C,D,D,-,-,-,-,-,,
대창,D,C,D,D,-,-,-,-,-,,
대창단조,C,C,D,C,-,-,-,-,-,,
대한방직,C,C,D,B,-,-,-,-,-,,
대한유화,B+,B+,B+,B,B+,BB,-,-,30,,
대한전선,A,A,A+,B+,A,A,-,-,23,,
대한제강,C,C,C,C,-,-,-,-,-,,
대한제당,C,C,C,C,-,-,-,-,-,,
대한제분,D,C,D,D,-,-,-,-,14,,
대한항공,A,A,A+,A,A,A,38,A,46,,
대한해운,C,B,B+,D,-,-,-,-,29,,
대한화섬,C,C,D,B,-,-,-,-,-,,
대현,C,D,D,B+,-,-,-,-,-,,
대호에이엘,C,C,D,B,-,-,-,-,-,,
더블유게임즈,B,D,C,B+,B,BB,-,-,11,,
더존비즈온,C,D,B,D,-,-,-,-,15,,
덕성,C,C,D,B,-,-,-,-,-,,
덕양산업,C,D,B,D,-,-,-,-,-,,
덴티움,D,D,D,D,B,B,-,-,19,,
도화엔지니어링,B,C,B,B,-,-,-,-,13,,
동국홀딩스,A,A,A,B+,-,-,-,-,29,,
동남합성,D,D,D,C,-,-,-,-,-,,
동방,C,C,B,D,-,-,-,-,-,,
동방아그로,C,D,C,B,-,-,-,-,-,,
동부건설,B+,B+,B+,B,-,-,-,-,-,,
동서,D,C,C,D,B,C,9,-,7,,
동성제약,C,D,C,C,-,-,-,-,14,,
동성케미컬,A,A+,A+,B+,-,-,-,-,40,,
동아쏘시오홀딩스,A,B+,A+,A,-,-,-,-,29,,
동아에스티,A,B+,A+,A,-,-,-,-,31,,
동아지질,D,D,D,D,-,-,-,-,8,,
동아타이어,D,D,D,D,-,-,-,-,-,,
동양,D,D,D,C,-,-,-,-,13,,
동양고속,C,C,D,C,-,-,-,-,-,,
동양생명,B,C,B,B+,-,-,-,-,24,,
동양철관,C,C,C,C,-,-,-,-,8,,
동양피스톤,C,C,B,D,-,-,-,-,-,,
동원F&B,B,B+,A,C,-,-,-,-,19,,
동원금속,C,C,C,C,-,-,-,-,-,,
동원산업,B+,B+,B+,B,-,-,-,-,31,,
동원수산,D,D,D,D,-,-,-,-,-,,
동원시스템즈,B,A,A,C,A,BB,-,-,32,,
동일고무벨트,A,A,A,B+,-,-,-,-,-,,
동일산업,C,C,D,B,-,-,-,-,-,,
동일제강,C,C,D,C,-,-,-,-,-,,
동화약품,C,C,B,C,-,-,-,-,20,,
두산,B+,A,A+,B,A,BB,-,-,76,,
두산로보틱스,-,-,-,-,-,B,-,-,-,,
두산밥캣,A,B,A,A,B+,BB,33,BBB,28,,
두산에너빌리티,B+,A,A+,B,B+,BB,28,BBB,67,,
두산퓨얼셀,A,B+,A+,A,A,AA,-,-,48,,
두올,C,C,B,D,-,-,-,-,-,,
드림텍,C,C,C,B+,-,-,-,-,-,,
디씨엠,C,D,C,B,-,-,-,-,-,,
디아이,D,C,C,D,-,-,-,-,-,,
디아이동일,D,D,D,C,-,-,-,-,-,,
디아이씨,D,C,C,D,-,-,-,-,-,,
디와이,C,D,C,B,-,-,-,-,-,,
디와이파워,C,C,D,C,-,-,-,-,-,,
락앤락,C,C,C,B,-,-,-,-,41,,
롯데관광개발,D,D,C,D,B,C,-,-,9,,
롯데렌탈,B+,A,A,B,-,-,-,-,-,,
롯데손해보험,B+,B,B+,B+,-,-,-,-,9,,
롯데쇼핑,A,A,A+,A,A,A,37,-,32,,
롯데에너지머티리얼즈,C,B,B,C,B,D,-,-,32,,
롯데웰푸드,B+,B+,A,B+,A,A,31,-,35,,
롯데이노베이트,A,A,A+,A,-,-,-,-,-,,
롯데정밀화학,A+,A+,A+,A,A+,A,36,-,43,,
롯데지주,A,A,A+,A,A,BB,-,-,24,,
롯데칠성음료,A,A+,A,B+,A,B,28,-,51,,
롯데케미칼,B+,A,A+,B,A,BB,44,A,52,,
롯데하이마트,A,A,A+,A,-,-,-,-,40,,
마니커,D,D,D,C,-,-,-,-,-,,
만호제강,C,C,C,B+,-,-,-,-,-,,
맵스리얼티1,-,-,-,-,-,-,-,-,3,,
메리츠금융지주,B+,B,A,B+,B+,C,-,B,8,,
메리츠증권,-,-,-,-,-,-,28,-,-,,
메타랩스,D,D,D,D,-,-,-,-,-,,
메타케어,D,D,D,C,-,-,-,-,-,,
명문제약,C,D,D,B,-,-,-,-,-,,
명신산업,D,C,C,D,C,B,-,-,-,,
모나리자,B+,B+,A,B,-,-,-,-,-,,
모나미,D,D,C,D,-,-,-,-,-,,
모나용평,D,C,D,D,-,-,-,-,-,,
모토닉,C,C,C,B,-,-,-,-,-,,
메리츠금융지주,B+,B,A,B+,B+,C,-,B,8,,
메리츠증권,-,-,-,-,-,-,28,-,-,,
메타랩스,D,D,D,D,-,-,-,-,-,,
메타케어,D,D,D,C,-,-,-,-,-,,
명문제약,C,D,D,B,-,-,-,-,-,,
명신산업,D,C,C,D,C,B,-,-,-,,
모나리자,B+,B+,A,B,-,-,-,-,-,,
모나미,D,D,C,D,-,-,-,-,-,,
모나용평,D,C,D,D,-,-,-,-,-,,
모토닉,C,C,C,B,-,-,-,-,-,,
메리츠금융지주,B+,B,A,B+,B+,C,-,B,8,,
메리츠증권,-,-,-,-,-,-,28,-,-,,
메타랩스,D,D,D,D,-,-,-,-,-,,
메타케어,D,D,D,C,-,-,-,-,-,,
명문제약,C,D,D,B,-,-,-,-,-,,
명신산업,D,C,C,D,C,B,-,-,-,,
모나리자,B+,B+,A,B,-,-,-,-,-,,
모나미,D,D,C,D,-,-,-,-,-,,
모나용평,D,C,D,D,-,-,-,-,-,,
모토닉,C,C,C,B,-,-,-,-,-,,
메리츠금융지주,B+,B,A,B+,B+,C,-,B,8,,
메리츠증권,-,-,-,-,-,-,28,-,-,,
메타랩스,D,D,D,D,-,-,-,-,-,,
메타케어,D,D,D,C,-,-,-,-,-,,
명문제약,C,D,D,B,-,-,-,-,-,,
명신산업,D,C,C,D,C,B,-,-,-,,
모나리자,B+,B+,A,B,-,-,-,-,-,,
모나미,D,D,C,D,-,-,-,-,-,,
모나용평,D,C,D,D,-,-,-,-,-,,
모토닉,C,C,C,B,-,-,-,-,-,,
빙그레,A,A,A+,B+,-,-,-,-,39,,
사조대림,B,B+,A,C,-,-,-,-,-,,
사조동아원,C,B+,B,C,-,-,-,-,-,,
사조산업,B,B+,B+,C,-,-,-,-,14,,
사조씨푸드,B,B,B+,B,-,-,-,-,-,,
사조오양,C,B,B+,C,-,-,-,-,-,,
삼부토건,C,C,C,C,-,-,-,-,-,,
삼성E&A,A,A+,A+,A,A,BB,38,A,68,,
삼성SDI,A,A+,A+,B+,A+,A,42,A,75,,
삼성공조,C,C,C,C,-,-,-,-,-,,
삼성물산,A+,A+,A+,A+,A,B,39,AA,73,,
삼성바이오로직스,A+,A,A,A+,A,BB,24,BB,69,,
삼성생명,A,A+,A+,B+,B+,B,17,A,63,,
삼성에스디에스,A,A,A+,B+,A,BB,42,A,77,,
삼성전기,A,A,A+,A,A+,A,41,A,75,,
삼성전자,A,A,A+,B+,A+,A,46,AA,55,,
삼성제약,D,D,D,C,-,-,-,-,11,,
삼성중공업,A,A,A+,B+,A,BB,30,BB,56,,
삼성증권,B+,A,A+,B,A,A,36,-,72,,
삼성출판사,C,D,D,B,-,-,-,-,-,,
삼성카드,A,A+,A+,A,A,A,40,-,31,,
삼성화재해상보험,A,A,A+,A,A,BB,48,A,73,,
삼아알미늄,C,C,D,C,B+,A,-,-,12,,
삼양사,B+,A+,A,B,-,-,-,-,43,,
삼양식품,A,A,A+,A,A,AA,-,-,25,,
삼양통상,C,C,D,B+,-,-,-,-,-,,
삼양패키징,B,B+,B+,C,-,-,-,-,-,,
삼양홀딩스,B+,A,A,B+,-,-,-,-,34,,
삼영,C,C,D,C,-,-,-,-,-,,
삼영무역,C,D,D,B+,-,-,-,-,12,,
삼영전자공업,D,C,C,D,-,-,-,-,15,,
삼원강재,B,B,B,B+,-,-,-,-,-,,
삼익THK,C,C,C,B,-,-,-,-,16,,
삼익악기,C,C,D,C,-,-,-,-,-,,
삼일씨엔에스,D,C,D,D,-,-,-,-,-,,
삼일제약,C,D,C,C,-,-,-,-,-,,
삼정펄프,D,C,C,D,-,-,-,-,-,,
삼진제약,C,D,D,B+,-,-,-,-,18,,
삼천리,C,B,B,C,-,-,-,-,13,,
삼호개발,B+,B,A,B+,-,-,-,-,-,,
삼화왕관,D,C,D,D,-,-,-,-,-,,
삼화전기,D,C,C,D,-,-,-,-,-,,
삼화전자공업,D,D,D,D,-,-,-,-,-,,
삼화콘덴서공업,D,C,C,D,-,-,-,-,11,,
삼화페인트공업,B+,B+,A,B+,-,-,-,-,-,,
상상인증권,D,D,C,D,-,-,-,-,-,,
상신브레이크,C,D,B,C,-,-,-,-,-,,
새론오토모티브,D,C,D,D,-,-,-,-,-,,
샘표,C,C,B,D,-,-,-,-,-,,
샘표식품,C,C,B,D,-,-,-,-,-,,
서연,B+,B+,A,B+,-,-,-,-,-,,
서연이화,B+,B+,A,B,-,-,-,-,-,,
서울도시가스,C,C,B,C,-,-,-,-,-,,
서울식품공업,D,C,D,D,-,-,-,-,-,,
서원,C,C,D,C,-,-,-,-,-,,
서흥,B+,B+,A,B,-,-,-,-,42,,
선도전기,D,C,C,D,-,-,-,-,-,,
선진,B+,C,B,A,-,-,-,-,11,,
성문전자,C,C,D,C,-,-,-,-,-,,
성보화학,D,D,C,C,-,-,-,-,-,,
성신양회,B,B,A,C,-,-,-,-,34,,
성안머티리얼스,D,D,D,D,-,-,-,-,-,,
성창기업지주,D,D,D,C,-,-,-,-,-,,
세기상사,C,D,D,B,-,-,-,-,-,,
세방,B+,B+,B+,B,-,-,-,-,-,,
세방전지,C,C,C,C,A,A,-,-,37,,
세아베스틸지주,A,A,A,A,B+,B,-,-,15,,
세아제강,A,B+,A,A,-,-,-,-,49,,
세아제강지주,B+,B+,A,B+,-,BB,-,-,17,,
세아특수강,A,B+,A,A,-,-,-,-,-,,
세아홀딩스,B+,A,A+,B,-,-,-,-,-,,
세우글로벌,D,D,D,D,-,-,-,-,-,,
세원이앤씨,D,D,D,D,-,-,-,-,5,,
세원정공,C,C,C,C,-,-,-,-,-,,
세이브존I&C,C,D,C,C,-,-,-,-,-,,
세진중공업,C,C,D,C,-,-,-,-,-,,
셀트리온,B,B+,A+,C,B+,BB,17,B,69,,
솔루스첨단소재,B,C,B+,B,-,-,16,-,12,,
솔루엠,C,D,D,B,-,-,-,-,12,,
송원산업,C,B+,B+,D,-,-,-,-,36,,
수산중공업,C,C,D,B,-,-,-,-,-,,
스타에스엠리츠,D,D,D,C,-,-,-,-,-,,
스틱인베스트먼트,B,C,A,B,-,-,-,-,-,,
시디즈,D,C,D,D,-,-,-,-,-,,
시알홀딩스,D,C,D,D,-,-,-,-,13,,
신대양제지,D,C,D,D,-,-,-,-,-,,
신도리코,C,C,D,C,-,-,-,-,9,,
신라교역,D,D,D,C,-,-,-,-,-,,
신성이엔지,D,C,D,D,-,-,-,-,9,,
신성통상,D,D,D,D,-,-,-,-,-,,
신세계,A,A,A+,A,A,BB,24,-,36,,
신세계I&C,A,A,A+,A,-,-,-,-,39,,
신세계건설,B+,B+,A,B+,-,-,-,-,-,,
신세계인터내셔날,A,A,A,A,A,AA,-,-,12,,
신세계푸드,A,B+,A,A,-,-,-,-,20,,
신송홀딩스,C,D,D,B,-,-,-,-,-,,
신영와코루,D,D,D,D,-,-,-,-,-,,
신영증권,B+,B,A,B+,-,-,-,-,-,,
신원,C,C,B,D,-,-,-,-,15,,
신일전자,D,D,D,D,-,-,-,-,4,,
신풍,D,D,D,C,-,-,-,-,-,,
신풍제약,D,D,D,D,B,BB,-,-,9,,
신한지주,A+,A+,A+,A+,A,A,44,AAA,77,,
신흥,C,D,C,C,-,-,-,-,-,,
쌍방울,D,D,D,D,-,-,-,-,3,,
쌍용씨앤이,B+,B+,B,A,A,A,-,-,29,,
써니전자,D,C,C,D,-,-,-,-,-,,
씨아이테크,D,D,D,D,-,-,-,-,-,,
씨에스윈드,A,B+,B+,A,B+,BB,-,-,27,,
씨티알모빌리티,C,D,C,B,-,-,-,-,-,,
아남전자,D,D,C,C,-,-,-,-,5,,
아모레퍼시픽,A,A,A+,A,A,A,39,A,68,,
아모레퍼시픽그룹,A,A,A+,A,A,A,38,-,57,,
아세아,A,B+,B+,A,-,-,-,-,-,,
아세아시멘트,B+,B+,A,B,-,-,-,-,33,,
아세아제지,C,B,B+,D,-,-,-,-,40,,
아센디오,D,D,D,D,-,-,-,-,-,,
아시아나IDT,D,C,C,D,-,-,-,-,-,,
아시아나항공,B+,A,A,B,A,BB,-,-,34,,
아이마켓코리아,C,C,B+,C,-,-,-,-,23,,
아이에스동서,B+,B+,A,B+,A,BB,-,-,33,,
아이에이치큐,D,D,C,D,-,-,-,-,9,,
아주스틸,C,C,C,C,-,-,-,-,-,,
알루코,D,C,C,D,-,-,-,-,25,,
애경산업,A,A,A+,A,-,-,-,-,29,,
애경케미칼,A,A,A,B+,-,-,-,-,24,,
에넥스,C,C,C,C,-,-,-,-,-,,
에스디바이오센서,D,C,C,D,B,D,-,-,15,,
에스엘,B+,B+,A,B+,B+,BB,-,-,49,,
에스엠벡셀,D,D,C,C,-,-,-,-,-,,
아이에스동서,B+,B+,A,B+,A,BB,-,-,33,,
아이에이치큐,D,D,C,D,-,-,-,-,9,,
아주스틸,C,C,C,C,-,-,-,-,-,,
알루코,D,C,C,D,-,-,-,-,25,,
애경산업,A,A,A+,A,-,-,-,-,29,,
애경케미칼,A,A,A,B+,-,-,-,-,24,,
에넥스,C,C,C,C,-,-,-,-,-,,
에스디바이오센서,D,C,C,D,B,D,-,-,15,,
에스엘,B+,B+,A,B+,B+,BB,-,-,49,,
에스엠벡셀,D,D,C,C,-,-,-,-,-,,
아이에스동서,B+,B+,A,B+,A,BB,-,-,33,,
아이에이치큐,D,D,C,D,-,-,-,-,9,,
아주스틸,C,C,C,C,-,-,-,-,-,,
알루코,D,C,C,D,-,-,-,-,25,,
애경산업,A,A,A+,A,-,-,-,-,29,,
애경케미칼,A,A,A,B+,-,-,-,-,24,,
에넥스,C,C,C,C,-,-,-,-,-,,
에스디바이오센서,D,C,C,D,B,D,-,-,15,,
에스엘,B+,B+,A,B+,B+,BB,-,-,49,,
에스엠벡셀,D,D,C,C,-,-,-,-,-,,
아이에스동서,B+,B+,A,B+,A,BB,-,-,33,,
아이에이치큐,D,D,C,D,-,-,-,-,9,,
아주스틸,C,C,C,C,-,-,-,-,-,,
알루코,D,C,C,D,-,-,-,-,25,,
애경산업,A,A,A+,A,-,-,-,-,29,,
애경케미칼,A,A,A,B+,-,-,-,-,24,,
에넥스,C,C,C,C,-,-,-,-,-,,
에스디바이오센서,D,C,C,D,B,D,-,-,15,,
에스엘,B+,B+,A,B+,B+,BB,-,-,49,,
에스엠벡셀,D,D,C,C,-,-,-,-,-,,
아이에스동서,B+,B+,A,B+,A,BB,-,-,33,,
아이에이치큐,D,D,C,D,-,-,-,-,9,,
아주스틸,C,C,C,C,-,-,-,-,-,,
알루코,D,C,C,D,-,-,-,-,25,,
애경산업,A,A,A+,A,-,-,-,-,29,,
애경케미칼,A,A,A,B+,-,-,-,-,24,,
에넥스,C,C,C,C,-,-,-,-,-,,
에스디바이오센서,D,C,C,D,B,D,-,-,15,,
에스엘,B+,B+,A,B+,B+,BB,-,-,49,,
에스엠벡셀,D,D,C,C,-,-,-,-,-,,
오뚜기,B+,B+,A,B+,A,BB,22,-,29,,
오리엔트바이오,D,D,D,D,-,-,-,-,7,,
오리온,A,A,A,B+,A,A,23,B,23,,
오리온홀딩스,A,A,A,A,A,A,-,-,22,,
와이투솔루션,C,C,C,C,-,-,-,-,6,,
우리금융지주,A,A+,A+,A,A,BB,45,AAA,76,,
우리종금,B+,B+,A,B+,-,-,-,-,-,,
우성,C,D,C,C,-,-,-,-,-,,
우신시스템,C,D,D,B,-,-,-,-,-,,
우진,C,D,C,C,-,-,-,-,-,,
오뚜기,B+,B+,A,B+,A,BB,22,-,29,,
오리엔트바이오,D,D,D,D,-,-,-,-,7,,
오리온,A,A,A,B+,A,A,23,B,23,,
오리온홀딩스,A,A,A,A,A,A,-,-,22,,
와이투솔루션,C,C,C,C,-,-,-,-,6,,
우리금융지주,A,A+,A+,A,A,BB,45,AAA,76,,
우리종금,B+,B+,A,B+,-,-,-,-,-,,
우성,C,D,C,C,-,-,-,-,-,,
우신시스템,C,D,D,B,-,-,-,-,-,,
우진,C,D,C,C,-,-,-,-,-,,
오뚜기,B+,B+,A,B+,A,BB,22,-,29,,
오리엔트바이오,D,D,D,D,-,-,-,-,7,,
오리온,A,A,A,B+,A,A,23,B,23,,
오리온홀딩스,A,A,A,A,A,A,-,-,22,,
와이투솔루션,C,C,C,C,-,-,-,-,6,,
우리금융지주,A,A+,A+,A,A,BB,45,AAA,76,,
우리종금,B+,B+,A,B+,-,-,-,-,-,,
우성,C,D,C,C,-,-,-,-,-,,
우신시스템,C,D,D,B,-,-,-,-,-,,
우진,C,D,C,C,-,-,-,-,-,,
오뚜기,B+,B+,A,B+,A,BB,22,-,29,,
오리엔트바이오,D,D,D,D,-,-,-,-,7,,
오리온,A,A,A,B+,A,A,23,B,23,,
오리온홀딩스,A,A,A,A,A,A,-,-,22,,
와이투솔루션,C,C,C,C,-,-,-,-,6,,
우리금융지주,A,A+,A+,A,A,BB,45,AAA,76,,
우리종금,B+,B+,A,B+,-,-,-,-,-,,
우성,C,D,C,C,-,-,-,-,-,,
우신시스템,C,D,D,B,-,-,-,-,-,,
우진,C,D,C,C,-,-,-,-,-,,
인터지스,C,C,C,C,-,-,-,-,-,,
인팩,C,C,C,B,-,-,-,-,-,,
일동제약,B+,B+,A+,B,-,-,-,-,-,,
일동홀딩스,A,B+,A+,B+,-,-,-,-,-,,
일성건설,D,C,D,D,-,-,-,-,-,,
일성아이에스,C,D,C,B,-,-,-,-,-,,
일신방직,D,C,C,D,-,-,-,-,-,,
일신석재,D,D,D,C,-,-,-,-,4,,
일양약품,C,D,C,B+,-,-,-,-,15,,
일정실업,D,D,D,C,-,-,-,-,-,,
일진다이아,D,D,D,C,-,-,-,-,-,,
일진디스플,C,C,D,C,-,-,-,-,-,,
일진전기,D,C,C,D,-,-,-,-,-,,
일진하이솔루스,C,C,B,C,C,A,-,-,-,,
일진홀딩스,B,D,C,B+,-,-,-,-,-,,
잇츠한불,C,C,C,B,-,-,-,-,10,,
자이에스앤디,C,C,B,B,-,-,-,-,-,,
자화전자,D,C,C,D,-,-,-,-,15,,
전방,D,C,C,D,-,-,-,-,-,,
제이에스코퍼레이션,D,D,D,C,-,-,-,-,-,,
제이준코스메틱,D,D,D,D,-,-,-,-,-,,
제일기획,A,A,A+,A,A,B,32,-,35,,
제일약품,C,C,B+,D,-,-,-,-,-,,
제일연마,C,C,D,B,-,-,-,-,-,,
제일파마홀딩스,C,C,B+,D,-,-,-,-,-,,
제주은행,B+,B+,A,B+,-,-,-,-,-,,
제주항공,A,A,A+,B+,-,-,-,-,28,,
조광페인트,C,C,B,C,-,-,-,-,-,,
조광피혁,C,D,D,B,-,-,-,-,-,,
조비,D,D,D,D,-,-,-,-,-,,
조선선재,D,D,D,D,-,-,-,-,-,,
조일알미늄,C,C,C,B,-,-,-,-,-,,
조흥,C,C,B,C,-,-,-,-,-,,
종근당,B+,A,A,B,B+,AA,-,-,40,,
종근당바이오,B+,A,A,B,-,-,-,-,-,,
종근당홀딩스,B+,A,A,B+,-,-,-,-,33,,
주성코퍼레이션,D,C,D,D,-,-,-,-,-,,
주연테크,D,D,D,D,-,-,-,-,-,,
지누스,A,A,A,A,B+,A,-,-,25,,
지엠비코리아,D,D,C,D,-,-,-,-,-,,
지역난방공사,A+,A+,A+,A,-,-,-,-,42,,
진도,D,D,D,D,-,-,-,-,-,,
진양산업,C,D,D,B,-,-,-,-,-,,
진양폴리우레탄,D,D,D,C,-,-,-,-,-,,
진양홀딩스,C,D,D,B,-,-,-,-,-,,
진양화학,C,C,D,C,-,-,-,-,-,,
진에어,A,A,A,A,-,-,-,-,-,,
진원생명과학,D,D,C,D,-,-,-,-,14,,
진흥기업,C,C,C,B,-,-,-,-,-,,
참엔지니어링,D,D,D,D,-,-,-,-,-,,
천일고속,D,C,D,D,-,-,-,-,-,,
청호ICT,D,D,D,D,-,-,-,-,-,,
체시스,D,C,D,D,-,-,-,-,-,,
카카오,A,A+,A+,B+,A,A,24,A,66,,
카카오뱅크,B+,B+,A,B+,B+,A,-,AA,26,,
카카오페이,A,A,A+,A,A,BB,-,-,57,,
카프로,C,C,C,C,-,-,-,-,11,,
케이비아이동국실업,D,D,D,D,-,-,-,-,-,,
케이씨,C,C,A,D,-,-,-,-,16,,
케이씨씨,A,A,A,B+,A,A,33,-,50,,
케이씨씨글라스,A,A,A+,A,-,-,-,-,39,,
케이씨텍,B,C,B,B,-,-,-,-,-,,
케이씨티시,D,C,C,D,-,-,-,-,-,,
케이카,B,C,B,B,B+,BB,-,-,-,,
케이탑리츠,D,D,D,D,-,-,-,-,-,,
케이티,A,B+,A,A,A,AA,47,A,53,,
케이티스카이라이프,B+,B+,A,B+,-,-,-,-,31,,
케이티앤지,A+,A+,A+,A+,A+,A,37,AA,85,,
코리아써키트,D,C,C,D,-,-,-,-,-,,
코리안리,A,A,A,A,-,-,-,-,30,,
코스맥스,B,A,A,D,A,AA,-,-,37,,
코스맥스비티아이,B,A,A,C,-,-,-,-,-,,
코스모신소재,C,C,C,C,-,A,-,BB,13,,
코스모화학,D,C,C,D,B+,A,-,-,18,,
코아스,B,C,C,B+,-,-,-,-,-,,
코오롱,B+,B+,A,B,-,-,-,-,13,,
코오롱ENP,B,C,B,B+,-,-,-,-,-,,
코오롱글로벌,C,B,B+,C,-,-,-,-,-,,
코오롱인더,B+,B+,A+,B,A,A,-,-,50,,
코웨이,A,A,A+,B+,A,A,31,AA,57,,
콘텐트리중앙,D,D,D,D,-,-,-,-,-,,
콜마홀딩스,A,A,A+,A,-,-,-,-,37,,
콤텍시스템,D,D,D,D,-,-,-,-,-,,
쿠쿠홀딩스,D,D,C,D,-,-,-,-,6,,
쿠쿠홈시스,D,D,C,D,B,BB,-,-,10,,
크라운제과,C,C,B,C,-,-,-,-,-,,
크라운해태홀딩스,D,C,C,D,-,-,-,-,-,,
크래프톤,B+,C,A,A,B+,C,-,BBB,16,,
키다리스튜디오,D,D,D,D,-,-,-,-,-,,
키움증권,B+,B,A,B,B+,B,-,-,23,,
태경비케이,C,C,C,C,-,-,-,-,-,,
태경산업,C,C,C,C,-,-,-,-,-,,
태경케미컬,D,D,D,D,-,-,-,-,-,,
태광산업,C,C,C,C,B+,C,-,-,21,,
태림포장,B,A,A,D,-,-,-,-,32,,
태양금속공업,D,C,C,D,-,-,-,-,-,,
태영건설,A,A,A,B+,-,-,-,-,30,,
태원물산,D,D,D,D,-,-,-,-,-,,
테이팩스,A,A,A,B+,-,-,-,-,-,,
텔코웨어,C,D,D,B,-,-,-,-,-,,
토니모리,C,D,D,B,-,-,-,-,-,,
티비에이치글로벌,D,D,D,C,-,-,-,-,-,,
티에이치엔,C,C,B,C,-,-,-,-,-,,
티와이홀딩스,B+,A,A,B,-,-,-,-,-,,
티웨이항공,B,B,C,B,-,-,-,-,-,,
티웨이홀딩스,D,C,C,D,-,-,-,-,-,,
티케이지휴켐스,B+,B+,A,B,A,AA,-,-,32,,
파라다이스,-,-,-,-,-,-,13,-,13,,
파미셀,D,C,D,D,-,-,-,-,18,,
팜스코,A,B+,A,A,-,-,-,-,-,,
팜젠사이언스,D,D,C,D,-,-,-,-,-,,
팬오션,A,A+,A,A,B+,BB,21,-,40,,
퍼스텍,C,C,C,C,-,-,-,-,-,,
퍼시스,D,C,C,D,-,-,-,-,-,,
페이퍼코리아,D,C,C,D,-,-,-,-,-,,
평화산업,D,D,C,C,-,-,-,-,-,,
평화홀딩스,C,D,C,B+,-,-,-,-,-,,
포스코DX,-,-,-,-,A,AA,-,BBB,43,,
포스코스틸리온,A,A,A+,B+,-,-,-,-,-,,
포스코인터내셔널,A,A,A+,A,A,A,30,BB,39,,
포스코퓨처엠,A,A,A+,A,A,A,44,BBB,69,,
풀무원,A,A,A+,A,-,-,-,-,78,,
풍산,B+,B+,B+,B+,B+,BB,-,-,19,,
풍산홀딩스,B+,B+,B+,B+,-,-,-,-,11,,
플레이그램,D,D,D,D,-,-,-,-,-,,
하나금융지주,A,A+,A+,A,A,A,38,AA,80,,
하나제약,C,D,C,C,-,-,-,-,-,,
하나투어,B+,B+,A,B+,A,AA,-,-,20,,
하이브,C,B,B+,C,B+,B,-,BBB,9,,
하이스틸,C,C,C,C,-,-,-,-,-,,
하이트진로,B,A,A,C,A,BB,-,-,32,,
하이트진로홀딩스,B+,A,A,B,-,-,-,-,-,,
한국가스공사,A,A,A+,B+,A,A,31,-,68,,
한국공항,B+,A,B,B+,-,-,-,-,-,,
한국금융지주,B+,C,B+,B+,B+,BB,14,B,22,,
한국내화,C,B+,B+,D,-,-,-,-,-,,
한국단자공업,C,C,B,C,-,-,-,-,13,,
한국무브넥스,C,C,C,C,-,-,-,-,-,,
한국석유공업,B+,B+,B+,B+,-,-,-,-,-,,
한국수출포장공업,D,C,D,D,-,-,-,-,-,,
한국쉘석유,C,C,C,B+,-,-,-,-,19,,
한국앤컴퍼니,B+,B+,A,B+,B+,C,-,-,21,,
한국자산신탁,C,C,C,B,-,-,-,-,-,,
한국전력공사,B+,B,A,A,A,BB,38,BB,71,,
한국전자홀딩스,D,C,C,D,-,-,-,-,-,,
한국제지,C,C,C,C,-,-,-,-,-,,
한국종합기술,C,C,C,B,-,-,-,-,-,,
한국주강,D,D,D,D,-,-,-,-,-,,
한국주철관공업,D,C,D,D,-,-,-,-,-,,
한국철강,C,C,D,B,-,-,-,-,13,,
한국카본,B,B+,B+,C,-,-,-,-,15,,
한국콜마,A,A,A+,A,A+,A,-,-,53,,
한국타이어앤테크놀로지,B,B+,A+,D,A,C,40,BB,74,,
한국토지신탁,C,D,C,B,-,-,-,-,5,,
한국특강,C,C,C,C,-,-,-,-,-,,
한국항공우주,B+,B+,A,B+,B+,BB,17,BB,33,,
한국화장품,D,D,C,D,-,-,-,-,-,,
한국화장품제조,D,D,C,D,-,-,-,-,-,,
한농화성,D,C,C,D,-,-,-,-,-,,
한독,A,A,A+,B+,-,-,-,-,34,,
한미글로벌,B+,A,A+,B,-,-,-,-,-,,
한미반도체,D,D,D,C,-,BB,-,CCC,6,,
한미사이언스,B+,A,A,B,B+,AA,22,-,15,,
한미약품,B+,A,A,B,A,A,28,BB,42,,
한샘,A,A,A,A,A,AA,30,-,33,,
한섬,A,A,A+,A,A,A,-,-,26,,
한성기업,C,B,B,D,-,-,-,-,-,,
한세실업,B+,B+,A,B+,B+,AA,-,-,40,,
한세엠케이,C,B,B+,C,-,-,-,-,-,,
한세예스24홀딩스,A,B+,A,A,-,-,-,-,23,,
한솔로지스틱스,B,C,B+,B+,-,-,-,-,-,,
한솔제지,A,A,A,A,-,-,-,-,-,,
한솔케미칼,B+,B+,B+,B+,A,AA,-,-,36,,
한솔테크닉스,B+,B+,A,B+,-,-,-,-,33,,
한솔피엔에스,B+,B,B,A,-,-,-,-,-,,
한솔홀딩스,A,B+,A,A,-,-,-,-,17,,
한솔홈데코,B+,B+,B+,B+,-,-,-,-,-,,
한신공영,D,C,C,D,-,-,-,-,18,,
한신기계공업,D,C,D,D,-,-,-,-,-,,
한양증권,C,D,B,C,-,-,-,-,-,,
한온시스템,B+,B+,A+,B,A,A,31,-,63,,
한올바이오파마,B,B,D,B+,B+,BB,-,-,14,,
한익스프레스,C,C,C,C,-,-,-,-,-,,
한일시멘트,A,A,A+,B+,B+,C,-,-,-,,
한일철강,D,D,D,D,-,-,-,-,-,,
한일현대시멘트,B+,A,A+,B,-,-,-,-,-,,
한일홀딩스,A,A,A+,B+,-,-,-,-,29,,
한전KPS,A,A,A,A,A,A,28,-,59,,
한전기술,A,B+,A+,A,B+,AA,-,-,35,,
한전산업,C,C,D,B,-,-,-,-,-,,
한진,A,A,A,A,-,-,-,-,31,,
한진중공업홀딩스,C,D,C,B+,-,-,-,-,-,,
한진칼,A,A,A+,A,A,A,-,BBB,25,,
한창,D,D,D,D,-,-,-,-,-,,
한창제지,C,C,C,C,-,-,-,-,-,,
한컴라이프케어,C,C,B,D,-,-,-,-,-,,
한화,B+,B+,B+,B+,A,C,32,-,52,,
한화생명,A,A,A+,B+,B+,A,25,-,31,,
한화손해보험,A,A,A,A,-,-,-,-,28,,
한화솔루션,B+,A,A+,B,A+,A,48,A,47,,
한화시스템,A,A,A+,A,A,A,-,-,46,,
한화에어로스페이스,A,A,A,A,A,A,30,A,41,,
한화엔진,B+,B,A,B+,-,-,-,-,-,,
한화오션,B+,B+,B+,B+,B+,B,-,CCC,32,,
한화투자증권,A,A,A+,B+,-,-,-,-,35,,
해성디에스,A,A,A+,B+,-,-,-,-,-,,
해태제과식품,D,D,C,D,-,-,-,-,-,,
핸즈코퍼레이션,C,C,B,D,-,-,-,-,-,,
현대건설,A,A,A,A,B+,B,36,BBB,78,,
현대글로비스,A+,A+,A+,A,A+,BB,37,BB,76,,
현대로템,A,A,A+,A,A,BB,-,-,49,,
현대리바트,A,A,A+,B+,-,-,-,-,23,,
현대모비스,A,A+,A+,B+,A+,A,46,B,74,,
현대백화점,A+,A+,A+,A,A,A,13,-,36,,
현대비앤지스틸,B,A,B+,C,-,-,-,-,-,,
현대약품,C,C,C,B,-,-,-,-,-,,
현대엘리베이터,B+,B+,A,B+,A,A,-,-,40,,
현대오토에버,A,A+,A+,B+,-,-,-,-,51,,
현대위아,A+,A+,A+,A,A+,BB,36,-,49,,
현대자동차,A,A,A,B+,A,B,35,CCC,72,,
현대제철,A,A+,A,B+,A,A,46,B,74,,
현대지에프홀딩스,A,A,A+,A,-,-,-,-,22,,
현대차증권,A,B+,A+,B+,-,-,-,-,16,,
현대코퍼레이션,B+,B,B+,B+,-,-,-,-,22,,
현대코퍼레이션홀딩스,B+,B,B+,B+,-,-,-,-,-,,
현대퓨처넷,A,A,A+,A,-,-,-,-,-,,
현대해상,A,A,A+,A,B+,BB,37,-,35,,
현대홈쇼핑,A,A,A+,A,A+,AA,-,-,36,,
형지엘리트,D,D,D,D,-,-,-,-,-,,
혜인,D,D,D,D,-,-,-,-,-,,
호전실업,C,D,D,B,-,-,-,-,-,,
호텔신라,A,A,A,A,A,A,14,-,8,,
화승알앤에이,B,B,B+,B,-,-,-,-,-,,
화승엔터프라이즈,B+,B+,B+,B+,-,-,-,-,-,,
화승인더스트리,B+,B+,B+,B+,-,-,-,-,-,,
화승코퍼레이션,B,C,B,B+,-,-,-,-,-,,
화신,B+,B,A,B,-,-,-,-,-,,
화인베스틸,D,C,C,D,-,-,-,-,-,,
화천기계,C,D,C,C,-,-,-,-,-,,
화천기공,C,D,C,C,-,-,-,-,-,,
환인제약,B,C,C,B+,-,-,-,-,17,,
황금에스티,C,D,D,B,-,-,-,-,-,,
효성,A,A,A+,B+,A,BB,-,-,42,,
효성 ITX,B+,B+,A+,B,-,-,-,-,-,,
효성중공업,A,A,A+,B+,-,-,-,-,42,,
효성티앤씨,A,A+,A+,B+,A,B,-,-,51,,
효성화학,A,A,A+,B+,-,-,-,-,48,,
후성,B+,A,A,B,B+,BB,-,-,22,,
휠라홀딩스,A,A,A,B+,B+,BB,33,-,43,,
휴니드테크놀러지스,D,C,D,D,-,-,-,-,-,,
휴비스,A,B+,A+,B+,-,-,-,-,21,,
휴스틸,C,C,C,C,-,-,-,-,-,,
흥국화재,B+,B,B+,B+,-,-,-,-,-,,
흥아해운,B,B,B+,B,-,-,-,-,-,,
