회사명,종합등급,환경,사회,지배구조,연도
AJ네트웍스,B,D,B,B,2020
AJ네트웍스,B,D,B,B,2021
AJ네트웍스,B+,C,B+,B+,2022
AJ네트웍스,B,D,B,B,2023
AJ네트웍스,B+,C,A,B+,2024
AK홀딩스,B+,C,B+,B+,2020
AK홀딩스,B+,B,B+,B+,2021
AK홀딩스,B+,B,A,B,2022
AK홀딩스,B+,B,B+,B+,2023
AK홀딩스,A,A,A+,B+,2024
BGF,B+,B,A,B+,2020
BGF,A,A,A+,A,2021
BGF,B+,A,A+,B,2022
BGF,A,A,A+,A,2023
BGF,A,A,A+,B+,2024
BGF리테일,A,B+,B+,A,2020
BGF리테일,A,A,A+,A,2021
BGF리테일,A,A,A+,A,2022
BGF리테일,A,A,A+,A,2023
BGF리테일,A,A,A+,A,2024
BNK금융지주,A+,B+,A+,A+,2020
BNK금융지주,A+,A,A+,A+,2021
BNK금융지주,A,A,A,A,2022
BNK금융지주,A+,A,A+,A+,2023
BNK금융지주,A,A,A+,A,2024
BYC,B,D,B,B+,2020
BYC,B,D,B,B+,2021
BYC,D,D,D,D,2022
BYC,B,D,B,B+,2023
BYC,D,D,D,D,2024
CJ,A,B,A,A,2020
CJ,A,B+,A+,A,2021
CJ,B+,B+,A,B+,2022
CJ,A,B+,A+,A,2023
CJ,A,A,A+,B+,2024
CJ CGV,A,B,A,A,2020
CJ CGV,A,B,A,A,2021
CJ CGV,B+,B,B+,B+,2022
CJ CGV,A,B,A,A,2023
CJ CGV,A,A,A+,B+,2024
CJ대한통운,A,A,B,A,2020
CJ대한통운,A,A,A+,A,2021
CJ대한통운,B+,B+,A+,B,2022
CJ대한통운,A,A,A+,A,2023
CJ대한통운,A,A,A+,B+,2024
CJ씨푸드,B,C,B+,B+,2020
CJ씨푸드,B,C,B+,B+,2021
CJ씨푸드,B,C,B,B,2022
CJ씨푸드,B,C,B+,B+,2023
CJ씨푸드,B+,B+,A,B,2024
CJ제일제당,A,A,A+,A,2020
CJ제일제당,A,A,A+,A,2021
CJ제일제당,A,A,A+,A,2021
CJ제일제당,A,A,A,B+,2022
CJ제일제당,A,A,A+,A,2023
CJ제일제당,A,A,A+,A,2023
CJ제일제당,A,A,A+,A,2024
CS홀딩스,C,D,C,B,2020
CS홀딩스,B,D,C,B+,2021
CS홀딩스,B,D,C,B+,2021
CS홀딩스,C,D,D,B,2022
CS홀딩스,B,D,C,B+,2023
CS홀딩스,B,D,C,B+,2023
CS홀딩스,C,D,D,B,2024
DB,B,D,B,B,2020
DB,B,D,B+,B+,2021
DB,B,D,B+,B+,2021
DB,B,D,B,B+,2022
DB,B,D,B+,B+,2023
DB,B,D,B+,B+,2023
DB,C,D,B,C,2024
DB금융투자,B,D,A,B,2020
DB금융투자,B,D,B+,B,2021
DB금융투자,B,D,B+,B,2021
DB금융투자,B,C,B,B,2022
DB금융투자,B,D,B+,B,2023
DB금융투자,B,D,B+,B,2023
DB금융투자,B,C,B,B+,2024
DB손해보험,B+,A,A,B+,2020
DB손해보험,A,A,A+,B+,2021
DB손해보험,A,A,A+,B+,2021
DB손해보험,B+,B+,A,B+,2022
DB손해보험,A,A,A+,B+,2023
DB손해보험,A,A,A+,B+,2023
DB손해보험,B+,B+,A,B+,2024
DB하이텍,B+,B+,A,B+,2020
DB하이텍,A,A,A,A,2021
DB하이텍,A,A,A,A,2021
DB하이텍,B,B,B+,B,2022
DB하이텍,A,A,A,A,2023
DB하이텍,A,A,A,A,2023
DB하이텍,B+,A,A,B,2024
DGB금융지주,A+,A,A+,A+,2020
DGB금융지주,A+,A,A+,A+,2021
DGB금융지주,A+,A,A+,A+,2021
DGB금융지주,A,A+,A+,A,2022
DGB금융지주,A+,A,A+,A+,2023
DGB금융지주,A+,A,A+,A+,2023
DGB금융지주,A,A+,A,A,2024
DL,B+,A,B+,B+,2020
DL,A,A+,A+,B+,2021
DL,A,A+,A+,B+,2021
DL,A,A,A+,A,2022
DL,A,A+,A+,B+,2023
DL,A,A+,A+,B+,2023
DL,A,A,A,A,2024
DL건설,B,B,B+,B,2020
DL건설,B+,B+,A,B+,2021
DL건설,B+,B+,A,B+,2021
DL건설,A,A,A,B+,2022
DL건설,B+,B+,A,B+,2023
DL건설,B+,B+,A,B+,2023
DL건설,A,A,A+,B+,2024
DL이앤씨,-,-,-,-,2021
DL이앤씨,-,-,-,-,2021
DL이앤씨,A,A,A,A,2022
DL이앤씨,-,-,-,-,2023
DL이앤씨,-,-,-,-,2023
DL이앤씨,A,A,B+,A,2024
DN오토모티브,B,B,C,B,2020
DN오토모티브,B,B,C,B+,2021
DN오토모티브,C,C,D,B,2022
DN오토모티브,B,B,C,B+,2023
DN오토모티브,C,C,B,D,2024
DRB동일,B,B,B,B,2020
DRB동일,B+,B,B+,B+,2021
DRB동일,C,D,B+,B,2022
DRB동일,B+,B,B+,B+,2023
DRB동일,B+,B,A,B+,2024
DSR,C,B,B,C,2020
DSR,B,B,B,B,2021
DSR,D,D,C,D,2022
DSR,B,B,B,B,2023
DSR,D,C,C,D,2024
DSR제강,C,C,B,C,2020
DSR제강,C,C,C,B+,2021
DSR제강,C,D,C,B,2022
DSR제강,C,C,C,B+,2023
DSR제강,C,C,C,B,2024
E1,B,C,A,B+,2020
E1,B+,B+,A,B+,2021
E1,B+,B+,B+,B+,2022
E1,B+,B+,A,B+,2023
E1,A,A,A,B+,2024
ESR켄달스퀘어리츠,-,-,-,-,2022
ESR켄달스퀘어리츠,-,-,-,-,2024
F&F,-,-,-,-,2021
F&F,-,-,-,-,2022
F&F,-,-,-,-,2023
F&F,B+,B+,A+,B,2024
F&F 홀딩스,D,D,C,C,2020
F&F 홀딩스,B+,B+,A,B+,2021
F&F 홀딩스,B,B,B+,B,2022
F&F 홀딩스,B+,B+,A,B+,2023
F&F 홀딩스,A,B+,A+,B+,2024
GKL,B+,C,A,A,2020
GKL,B+,B+,B+,B+,2021
GKL,A,B,A,A,2022
GKL,B+,B+,B+,B+,2023
GKL,B+,B,A,B+,2024
GS,B+,C,A,A,2020
GS,A,A,A,A,2021
GS,A,B+,A+,A,2022
GS,A,A,A,A,2023
GS,B,B+,A+,C,2024
GS건설,A,A,B+,A,2020
GS건설,A,A,A+,A,2021
GS건설,A,A,A,A,2022
GS건설,A,A,A+,A,2023
GS건설,A,A,B+,A,2024
GS글로벌,B,D,B+,B+,2020
GS글로벌,B+,B,B+,A,2021
GS글로벌,B+,C,B+,B+,2022
GS글로벌,B+,B,B+,A,2023
GS글로벌,B+,B+,B+,B+,2024
GS리테일,B,C,B,B+,2020
GS리테일,A,A,A,A,2021
GS리테일,A,B+,A,A,2022
GS리테일,A,A,A,A,2023
GS리테일,A,A+,A,A,2024
HDC,B+,C,B+,B+,2020
HDC,B+,B,B+,A,2021
HDC,C,D,B,C,2022
HDC,B+,B,B+,A,2023
HDC,B+,B+,A,B,2024
HDC랩스,C,D,C,B,2020
HDC랩스,B,C,B,B+,2021
HDC랩스,D,D,D,D,2022
HDC랩스,B,C,B,B+,2023
HDC랩스,D,D,D,C,2024
HDC현대EP,B,B,B+,B,2020
HDC현대EP,B+,B,B+,B+,2021
HDC현대EP,C,C,B,C,2022
HDC현대EP,B+,B,B+,B+,2023
HDC현대EP,B+,B+,B+,B,2024
HDC현대산업개발,C,C,C,B+,2020
HDC현대산업개발,B,B,C,B+,2021
HDC현대산업개발,C,D,C,B,2022
HDC현대산업개발,B,B,C,B+,2023
HDC현대산업개발,B+,B+,A,B,2024
HD한국조선해양,B+,B+,C,A,2020
HD한국조선해양,A,A,B+,A,2021
HD한국조선해양,B+,B+,A,B+,2022
HD한국조선해양,A,A,B+,A,2023
HD한국조선해양,A,A,A+,A,2024
HD현대,A,B+,A,A,2020
HD현대,A,A,A+,A,2021
HD현대,A,B+,A,A,2022
HD현대,A,A,A+,A,2023
HD현대,A,B+,A+,B+,2024
HD현대건설기계,A,B+,A,A,2020
HD현대건설기계,A,B+,A+,A,2021
HD현대건설기계,A,B+,A,A,2022
HD현대건설기계,A,B+,A+,A,2023
HD현대건설기계,A+,A+,A+,A,2024
HD현대마린엔진,B,C,B+,B+,2020
HD현대마린엔진,B,C,B,B+,2021
HD현대마린엔진,C,D,B,B,2022
HD현대마린엔진,B,C,B,B+,2023
HD현대마린엔진,C,C,C,B,2024
HD현대미포,A,A,A+,A,2020
HD현대미포,A,A,A+,A,2021
HD현대미포,B+,B+,A,B+,2022
HD현대미포,A,A,A+,A,2023
HD현대미포,A,A,A+,B+,2024
HD현대에너지솔루션,A,A,A+,B+,2021
HD현대에너지솔루션,A,A,A+,B+,2022
HD현대에너지솔루션,A,A,A+,B+,2023
HD현대에너지솔루션,A,A,A,B+,2024
HD현대인프라코어,A,A,A+,A,2020
HD현대인프라코어,A,A,A+,A,2021
HD현대인프라코어,B+,B+,A,B+,2022
HD현대인프라코어,A,A,A+,A,2023
HD현대인프라코어,A,A+,A+,B+,2024
HD현대일렉트릭,A,A,A+,A,2020
HD현대일렉트릭,A,A,A+,A,2021
HD현대일렉트릭,B+,B+,A,B+,2022
HD현대일렉트릭,A,A,A+,A,2023
HD현대일렉트릭,A,A,A+,A,2024
HD현대중공업,-,-,-,-,2021
HD현대중공업,B+,B+,A,B+,2022
HD현대중공업,-,-,-,-,2023
HD현대중공업,A,A,A,B+,2024
HJ중공업,B,B,B,B+,2020
HJ중공업,B,C,B,B+,2021
HJ중공업,B,C,B+,B+,2022
HJ중공업,B,C,B,B+,2023
HJ중공업,B+,B,B+,B+,2024
HL D&I,B+,B,B+,B+,2020
HL D&I,B+,B+,B+,B+,2021
HL D&I,B+,B+,A,B+,2022
HL D&I,B+,B+,B+,B+,2023
HL D&I,A,A,A+,B+,2024
HLB글로벌,C,D,B,C,2020
HLB글로벌,C,D,C,B,2021
HLB글로벌,D,D,C,D,2022
HLB글로벌,C,D,C,B,2023
HLB글로벌,D,D,D,D,2024
HL만도,A,A,A+,A,2020
HL만도,A,B+,A+,A,2021
HL만도,A,A,A,B+,2022
HL만도,A,B+,A+,A,2023
HL만도,A,B+,A+,A,2024
HL홀딩스,B+,B,B+,A,2020
HL홀딩스,A,B,A+,A,2021
HL홀딩스,B+,B+,A,B+,2022
HL홀딩스,A,B,A+,A,2023
HL홀딩스,A,A,A+,A,2024
HMM,A,A,A+,A,2020
HMM,A,A,A+,A,2021
HMM,A,A+,A,B+,2022
HMM,A,A,A+,A,2023
HMM,A,A+,A+,B+,2024
HS애드,B,D,B+,B+,2020
HS애드,B,D,B,B,2021
HS애드,B,D,B,B+,2022
HS애드,B,D,B,B,2023
HS애드,B,D,C,B+,2024
HS화성,B,C,B,B+,2020
HS화성,B,C,B+,B+,2021
HS화성,B,C,B+,B,2022
HS화성,B,C,B+,B+,2023
HS화성,C,C,C,B+,2024
HS효성첨단소재,A+,A+,A+,A,2020
HS효성첨단소재,A,A,A+,A,2021
HS효성첨단소재,A,B+,A+,A,2022
HS효성첨단소재,A,A,A+,A,2023
HS효성첨단소재,A,A,A+,A,2024
JB금융지주,A+,A,A,A+,2020
JB금융지주,A+,A,A+,A+,2021
JB금융지주,A,A,A+,A,2022
JB금융지주,A+,A,A+,A+,2023
JB금융지주,A,A+,A,A,2024
JW생명과학,B+,B+,B+,B+,2020
JW생명과학,B,B,B+,B,2021
JW생명과학,C,C,B+,C,2022
JW생명과학,B,B,B+,B,2023
JW생명과학,B+,B+,A,B,2024
JW중외제약,B,B,B+,B,2020
JW중외제약,B,C,B+,B+,2021
JW중외제약,C,B,B+,D,2022
JW중외제약,B,C,B+,B+,2023
JW중외제약,B+,B,A,B+,2024
JW홀딩스,B+,C,B+,B+,2020
JW홀딩스,B,D,B+,B+,2021
JW홀딩스,B+,C,B+,B+,2022
JW홀딩스,B,D,B+,B+,2023
JW홀딩스,B+,B,A,B+,2024
KB금융,A+,A+,A+,A+,2020
KB금융,A+,A+,A+,A+,2021
KB금융,A+,A+,A+,A+,2022
KB금융,A+,A+,A+,A+,2023
KB금융,A+,A+,A+,A+,2024
KC그린홀딩스,B,B,B+,B,2020
KC그린홀딩스,B,D,C,B+,2021
KC그린홀딩스,D,D,D,C,2022
KC그린홀딩스,B,D,C,B+,2023
KC그린홀딩스,C,C,D,C,2024
KC코트렐,B,B,B,B,2020
KC코트렐,C,D,C,B+,2021
KC코트렐,D,D,D,C,2022
KC코트렐,C,D,C,B+,2023
KC코트렐,C,C,D,C,2024
KEC,B,B+,B+,C,2020
KEC,B,B,B+,B,2021
KEC,C,C,D,C,2022
KEC,B,B,B+,B,2023
KEC,D,C,C,D,2024
KG모빌리티,B+,B+,B,B+,2020
KG모빌리티,D,C,C,D,2024
KG스틸,B,B,B+,B,2020
KG스틸,B,B+,B,B,2021
KG스틸,C,B,B+,D,2022
KG스틸,B,B+,B,B,2023
KG스틸,B,B+,A,C,2024
KG케미칼,D,C,C,D,2020
KG케미칼,C,C,C,B,2021
KG케미칼,D,D,D,D,2022
KG케미칼,C,C,C,B,2023
KG케미칼,C,C,D,C,2024
KH 필룩스,C,C,B,B,2020
KH 필룩스,C,C,B,C,2021
KH 필룩스,D,D,C,D,2022
KH 필룩스,C,C,B,C,2023
KH 필룩스,D,C,C,D,2024
KIB플러그에너지,C,B,C,C,2020
KIB플러그에너지,C,D,C,B,2021
KIB플러그에너지,D,D,C,D,2022
KIB플러그에너지,C,D,C,B,2023
KIB플러그에너지,D,D,D,D,2024
KISCO홀딩스,C,B,B,C,2020
KISCO홀딩스,B,B,B,B,2021
KISCO홀딩스,C,C,D,C,2022
KISCO홀딩스,B,B,B,B,2023
KISCO홀딩스,D,C,D,D,2024
KPX케미칼,B,B,C,B,2020
KPX케미칼,C,B,C,C,2021
KPX케미칼,D,C,C,D,2022
KPX케미칼,C,B,C,C,2023
KPX케미칼,C,C,C,C,2024
KPX홀딩스,C,C,C,B,2020
KPX홀딩스,B,B,C,B+,2021
KPX홀딩스,C,D,C,C,2022
KPX홀딩스,B,B,C,B+,2023
KPX홀딩스,C,C,C,C,2024
KR모터스,C,D,C,B,2020
KR모터스,C,D,C,B,2021
KR모터스,D,D,D,D,2022
KR모터스,C,D,C,B,2023
KR모터스,D,D,D,D,2024
KSS해운,B+,B,B+,B+,2020
KSS해운,A,B+,A+,A,2021
KSS해운,B+,B+,A,B+,2022
KSS해운,A,B+,A+,A,2023
KSS해운,B+,B+,A,B+,2024
KTcs,B,D,B+,B+,2020
KTcs,A,B+,A,A,2021
KTcs,A,B+,A,A,2022
KTcs,A,B+,A,A,2023
KTcs,A,A,A,A,2024
KTis,B,D,B+,B+,2020
KTis,A,B+,A+,A,2021
KTis,B+,B+,B+,B+,2022
KTis,A,B+,A+,A,2023
KTis,B+,B+,A,B+,2024
LF,B,D,B,B+,2020
LF,B,D,B,B+,2021
LF,B,D,B,B+,2022
LF,B,D,B,B+,2023
LF,B+,B,B,B+,2024
LG,A,B+,A+,B+,2020
LG,A,A,A+,A,2021
LG,A,B+,A+,A,2022
LG,A,A,A+,A,2023
LG,A,A,A+,A,2024
LG디스플레이,B+,B,A,B+,2020
LG디스플레이,B+,B,A,B+,2021
LG디스플레이,A,A,A,B+,2022
LG디스플레이,B+,B,A,B+,2023
LG디스플레이,B+,A,A+,B,2024
LG생활건강,A,A,A+,A,2020
LG생활건강,A,A,A+,A,2021
LG생활건강,A,A,A+,A,2022
LG생활건강,A,A,A+,A,2023
LG생활건강,A,A,A+,A,2024
LG에너지솔루션,-,-,-,-,2021
LG에너지솔루션,-,-,-,-,2022
LG에너지솔루션,-,-,-,-,2023
LG에너지솔루션,-,-,-,-,2024
LG유플러스,B,B+,B+,B,2020
LG유플러스,A,A,A+,A,2021
LG유플러스,A,A,B+,A,2022
LG유플러스,A,A,A+,A,2023
LG유플러스,A,A,A,A,2024
LG이노텍,A,A,A+,B+,2020
LG이노텍,A,A,A+,A,2021
LG이노텍,A,A,A+,A,2022
LG이노텍,A,A,A+,A,2023
LG이노텍,A,A,A+,A,2024
LG전자,B+,A,A+,B,2020
LG전자,A,A,A+,A,2021
LG전자,A,A,A+,A,2022
LG전자,A,A,A+,A,2023
LG전자,A,A+,A,A,2024
LG헬로비전,B+,D,B+,A,2020
LG헬로비전,B+,C,A,A,2021
LG헬로비전,A,B,A,A,2022
LG헬로비전,B+,C,A,A,2023
LG헬로비전,A,B+,A+,A,2024
LG화학,B,C,A,B+,2020
LG화학,B+,B+,A,B+,2021
LG화학,B,C,A,B+,2022
LG화학,B+,B+,A,B+,2023
LG화학,A,B+,A+,A,2024
LIG넥스원,A,B+,A,A,2020
LIG넥스원,A,A,A+,A,2021
LIG넥스원,A,A,A+,A,2022
LIG넥스원,A,A,A+,A,2023
LIG넥스원,A,A,A+,A,2024
LS,B+,B,B+,A,2020
LS,A,B+,A+,B+,2021
LS,C,B+,A,C,2022
LS,A,B+,A+,B+,2023
LS,A,A,A,A,2024
LS네트웍스,B,D,B+,B,2020
LS네트웍스,C,D,C,B,2021
LS네트웍스,B,C,B+,B,2022
LS네트웍스,C,D,C,B,2023
LS네트웍스,B+,B,A,B+,2024
LS에코에너지,B,D,C,B+,2020
LS에코에너지,B,D,C,B+,2021
LS에코에너지,C,D,D,B,2022
LS에코에너지,B,D,C,B+,2023
LS에코에너지,C,D,C,B,2024
LX세미콘,B,C,B+,B+,2020
LX세미콘,B+,B,B+,B+,2021
LX세미콘,A,A,A+,B+,2022
LX세미콘,B+,B,B+,B+,2023
LX세미콘,B+,A,A,B+,2024
LX인터내셔널,A,A,A+,A,2020
LX인터내셔널,A,A,A+,A,2021
LX인터내셔널,A,B+,A,A,2022
LX인터내셔널,A,A,A+,A,2023
LX인터내셔널,B+,B+,A+,B,2024
LX하우시스,A,A,A+,A,2020
LX하우시스,A,A,A+,A,2021
LX하우시스,A,B+,A,A,2022
LX하우시스,A,A,A+,A,2023
LX하우시스,A,A,A,B+,2024
LX홀딩스,-,-,-,-,2022
LX홀딩스,B+,B+,A,B+,2024
MH에탄올,B,C,B,B+,2020
MH에탄올,B,B,D,B+,2021
MH에탄올,C,C,D,B,2022
MH에탄올,B,B,D,B+,2023
MH에탄올,D,D,D,C,2024
NAVER,A,B+,B+,A+,2020
NAVER,A+,A,A,A+,2021
NAVER,A,A,A,A,2022
NAVER,A+,A,A,A+,2023
NAVER,A+,A,A+,A+,2024
NH투자증권,B+,B,A+,B+,2020
NH투자증권,A,A,A+,A,2021
NH투자증권,B+,A,A,B+,2022
NH투자증권,A,A,A+,A,2023
NH투자증권,A,A,A,A,2024
NICE,B,D,B,B+,2020
NICE,B+,B,A,B+,2021
NICE,B+,C,B+,B+,2022
NICE,B+,B,A,B+,2023
NICE,B+,B,A,B+,2024
NICE평가정보,B,D,B,B,2020
NICE평가정보,B+,B,A,B,2021
NICE평가정보,-,-,-,-,2022
NICE평가정보,B+,B,A,B,2023
NICE평가정보,-,-,-,-,2024
NI스틸,C,D,C,B,2020
NI스틸,C,D,C,B,2021
NI스틸,D,D,D,C,2022
NI스틸,C,D,C,B,2023
NI스틸,D,D,D,D,2024
OCI,-,-,-,-,2024
OCI홀딩스,A,A,A+,A,2020
OCI홀딩스,A,B+,A+,A,2021
OCI홀딩스,A,B+,A,A,2022
OCI홀딩스,A,B+,A+,A,2023
OCI홀딩스,A,A,A,A,2024
PI첨단소재,B,C,B,B+,2020
PI첨단소재,B+,B+,B,B+,2021
PI첨단소재,-,-,-,-,2022
PI첨단소재,B+,B+,B,B+,2023
PI첨단소재,B+,B+,A,B,2024
POSCO홀딩스,A,A,B,A+,2020
POSCO홀딩스,A,A,B+,A+,2021
POSCO홀딩스,A,A,A,A+,2022
POSCO홀딩스,A,A,B+,A+,2023
POSCO홀딩스,A+,A,A+,A+,2024
S-Oil,A+,A,A+,A+,2020
S-Oil,A,B+,A+,A+,2021
S-Oil,A,B,A+,A+,2022
S-Oil,A,B+,A+,A+,2023
S-Oil,A+,A,A+,A+,2024
SBS,B,C,B,B+,2020
SBS,B,D,B+,B+,2021
SBS,C,D,D,B+,2022
SBS,B,D,B+,B+,2023
SBS,B+,B+,A,B+,2024
SGC에너지,C,C,B,C,2020
SGC에너지,B+,B+,A,B+,2021
SGC에너지,B+,B+,A,B+,2022
SGC에너지,B+,B+,A,B+,2023
SGC에너지,B+,A,A,B,2024
SG글로벌,D,C,C,D,2020
SG글로벌,C,C,C,C,2021
SG글로벌,D,D,D,D,2022
SG글로벌,C,C,C,C,2023
SG글로벌,D,C,D,D,2024
SG세계물산,C,D,B,C,2020
SG세계물산,C,D,B,C,2021
SG세계물산,D,D,D,D,2022
SG세계물산,C,D,B,C,2023
SG세계물산,D,D,D,D,2024
SHD,D,D,C,D,2020
SHD,C,D,C,B,2021
SHD,D,D,D,C,2022
SHD,C,D,C,B,2023
SHD,C,D,D,B,2024
SH에너지화학,C,C,C,B+,2020
SH에너지화학,B,B,D,B+,2021
SH에너지화학,C,C,D,B+,2022
SH에너지화학,B,B,D,B+,2023
SH에너지화학,C,C,D,B,2024
SIMPAC,C,C,B,C,2020
SIMPAC,B,B,B,B,2021
SIMPAC,D,D,C,D,2022
SIMPAC,B,B,B,B,2023
SIMPAC,D,C,C,D,2024
SJG세종,C,B,B+,C,2020
SJG세종,B,B,B,B,2021
SJG세종,C,D,B,D,2022
SJG세종,B,B,B,B,2023
SJG세종,D,C,C,D,2024
SK,A+,A,A+,A+,2020
SK,A+,A+,A+,A+,2021
SK,A+,A,A,A+,2022
SK,A+,A+,A+,A+,2023
SK,A+,A,A+,A+,2024
SKC,B+,B+,A+,B,2020
SKC,A,A,A+,B+,2021
SKC,A,B+,A+,A,2022
SKC,A,A,A+,B+,2023
SKC,A+,A+,A+,A,2024
SK가스,A,B+,A+,A,2020
SK가스,A,A,A+,A,2021
SK가스,A,A,A+,A,2022
SK가스,A,A,A+,A,2023
SK가스,A+,A+,A+,A,2024
SK네트웍스,A,B+,A+,A,2020
SK네트웍스,A,B+,A+,A,2021
SK네트웍스,A,A,A+,B+,2022
SK네트웍스,A,B+,A+,A,2023
SK네트웍스,A,A,A+,A,2024
SK디스커버리,A,B,A,A,2020
SK디스커버리,A,A,A+,A,2021
SK디스커버리,A,A,A+,B+,2022
SK디스커버리,A,A,A+,A,2023
SK디스커버리,A,A+,A+,A,2024
SK디앤디,B,C,B,B+,2020
SK디앤디,A,A,A+,A,2021
SK디앤디,A,A,A,A,2022
SK디앤디,A,A,A+,A,2023
SK디앤디,A,A,A+,A,2024
SK렌터카,B,B,C,B,2020
SK렌터카,A,B+,A+,B+,2021
SK렌터카,B+,A,A,B+,2022
SK렌터카,A,B+,A+,B+,2023
SK렌터카,A,A+,A+,A,2024
SK바이오사이언스,-,-,-,-,2021
SK바이오사이언스,A,A,A+,A,2022
SK바이오사이언스,-,-,-,-,2023
SK바이오사이언스,A,B+,A,A,2024
SK스퀘어,-,-,-,-,2022
SK스퀘어,A,A,A+,A,2024
SK아이이테크놀로지,-,-,-,-,2021
SK아이이테크놀로지,-,-,-,-,2022
SK아이이테크놀로지,-,-,-,-,2023
SK아이이테크놀로지,A,A,A+,B+,2024
SK이노베이션,A,A,A,A,2020
SK이노베이션,A+,A,A+,A+,2021
SK이노베이션,A,B+,A+,A+,2022
SK이노베이션,A+,A,A+,A+,2023
SK이노베이션,A+,A,A+,A+,2024
SK증권,B,D,A,B,2020
SK증권,B+,C,A,B+,2021
SK증권,B+,C,B+,B+,2022
SK증권,B+,C,A,B+,2023
SK증권,B+,B,B+,B+,2024
SK케미칼,B+,B+,A,B+,2020
SK케미칼,A,A,A+,A,2021
SK케미칼,A+,A+,A+,A,2022
SK케미칼,A,A,A+,A,2023
SK케미칼,A+,A+,A+,A,2024
SK텔레콤,A,A+,A,A,2020
SK텔레콤,A,A,A+,A,2021
SK텔레콤,A,A+,A,A,2022
SK텔레콤,A,A,A+,A,2023
SK텔레콤,A,A,A,A,2024
SK하이닉스,A,A,A+,A,2020
SK하이닉스,A,B+,A+,A,2021
SK하이닉스,B+,B+,A,B+,2022
SK하이닉스,A,B+,A+,A,2023
SK하이닉스,A,A,A+,A,2024
SNT다이내믹스,B+,B+,B+,B+,2020
SNT다이내믹스,B,B,C,B,2021
SNT다이내믹스,C,C,C,B,2022
SNT다이내믹스,B,B,C,B,2023
SNT다이내믹스,C,C,C,C,2024
SNT모티브,B+,B,B+,B+,2020
SNT모티브,B,C,B,B+,2021
SNT모티브,C,C,D,B,2022
SNT모티브,B,C,B,B+,2023
SNT모티브,C,C,C,C,2024
SNT에너지,B+,B,B,B+,2020
SNT에너지,B,B,B,B,2021
SNT에너지,C,D,C,C,2022
SNT에너지,B,B,B,B,2023
SNT에너지,D,D,C,D,2024
SNT홀딩스,B+,C,B+,B+,2020
SNT홀딩스,B+,B,B,B+,2021
SNT홀딩스,C,C,C,B,2022
SNT홀딩스,B+,B,B,B+,2023
SNT홀딩스,B,C,C,B+,2024
SPC삼립,B+,B,A,B,2020
SPC삼립,B+,B,A,B+,2021
SPC삼립,B,C,B+,B,2022
SPC삼립,B+,B,A,B+,2023
SPC삼립,D,C,C,D,2024
STX,B,C,B+,B,2020
STX,B,D,B,B+,2021
STX,C,D,C,C,2022
STX,B,D,B,B+,2023
STX,C,D,C,C,2024
STX엔진,B+,B+,B+,B,2020
STX엔진,B+,B,B,B+,2021
STX엔진,C,D,B,D,2022
STX엔진,B+,B,B,B+,2023
STX엔진,C,C,B,D,2024
SUN&L,B+,B,B,B+,2020
SUN&L,B+,B,B,B+,2021
SUN&L,C,D,C,B,2022
SUN&L,B+,B,B,B+,2023
SUN&L,C,C,C,C,2024
TCC스틸,C,B,B,C,2020
TCC스틸,B,B,C,B,2021
TCC스틸,C,C,C,C,2022
TCC스틸,B,B,C,B,2023
TCC스틸,C,B+,B+,D,2024
TP,C,D,B+,B,2020
TP,B,C,B+,B,2021
TP,C,D,B,D,2022
TP,B,C,B+,B,2023
TP,D,D,C,D,2024
TYM,B+,B,B+,B+,2020
TYM,A,B+,A+,B+,2021
TYM,B+,B,B+,B+,2022
TYM,A,B+,A+,B+,2023
TYM,B+,B+,A,B,2024
WISCOM,C,C,C,B+,2020
WISCOM,C,C,C,B+,2021
WISCOM,C,D,D,B,2022
WISCOM,C,C,C,B+,2023
WISCOM,C,C,C,B,2024
YG PLUS,B,D,B,B,2020
YG PLUS,C,D,C,B,2021
YG PLUS,D,D,D,D,2022
YG PLUS,C,D,C,B,2023
YG PLUS,D,D,D,D,2024
가온전선,B+,B,B+,B+,2020
가온전선,B+,B,B+,B+,2021
가온전선,B,C,B+,B+,2022
가온전선,B+,B,B+,B+,2023
가온전선,B+,B+,A,B,2024
강남제비스코,B,B,C,B,2020
강남제비스코,B,B,B,B+,2021
강남제비스코,C,C,B,B,2022
강남제비스코,B,B,B,B+,2023
강남제비스코,B+,B+,B+,B+,2024
강원랜드,A,B,A,A,2020
강원랜드,A,B+,A,A,2021
강원랜드,A,B+,A+,A,2022
강원랜드,A,B+,A,A,2023
강원랜드,A,A+,A+,A,2024
갤럭시아에스엠,C,D,C,C,2020
갤럭시아에스엠,C,D,D,B,2021
갤럭시아에스엠,D,D,D,D,2022
갤럭시아에스엠,C,D,D,B,2023
갤럭시아에스엠,D,D,D,D,2024
경농,C,B,B+,C,2020
경농,B,B,B,B,2021
경농,C,C,D,B,2022
경농,B,B,B,B,2023
경농,C,C,D,B+,2024
경동나비엔,B+,B,B+,B+,2020
경동나비엔,B+,B+,B+,B+,2021
경동나비엔,C,C,B,D,2022
경동나비엔,B+,B+,B+,B+,2023
경동나비엔,B,B+,A,C,2024
경동도시가스,B+,B,A,B+,2020
경동도시가스,A,B+,A,A,2021
경동도시가스,B,C,B+,B,2022
경동도시가스,A,B+,A,A,2023
경동도시가스,C,C,B+,D,2024
경동인베스트,B,C,B,B+,2020
경동인베스트,B+,B+,A,B+,2021
경동인베스트,C,C,B+,C,2022
경동인베스트,B+,B+,A,B+,2023
경동인베스트,C,C,B+,C,2024
경방,C,C,B,B,2020
경방,C,C,C,B+,2021
경방,D,C,D,D,2022
경방,C,C,C,B+,2023
경방,C,C,D,C,2024
경보제약,B,B,B,B,2020
경보제약,B+,B+,A,B+,2021
경보제약,B+,B,A,B+,2022
경보제약,B+,B+,A,B+,2023
경보제약,B+,B+,A,B+,2024
경인양행,B,B,C,B,2020
경인양행,C,C,B,B,2021
경인양행,C,B,B+,D,2022
경인양행,C,C,B,B,2023
경인양행,C,B+,B+,D,2024
경인전자,C,D,C,B,2020
경인전자,C,D,C,B,2021
경인전자,D,D,D,D,2022
경인전자,C,D,C,B,2023
경인전자,D,D,D,C,2024
계룡건설산업,B,B,B,B+,2020
계룡건설산업,C,D,D,B+,2021
계룡건설산업,C,B,B,C,2022
계룡건설산업,C,D,D,B+,2023
계룡건설산업,B+,B+,B+,B,2024
계양전기,B,B,B+,B,2020
계양전기,B,B,B+,B,2021
계양전기,C,C,B,D,2022
계양전기,B,B,B+,B,2023
계양전기,C,C,C,C,2024
고려산업,C,C,C,C,2020
고려산업,C,C,D,B,2021
고려산업,D,D,D,D,2022
고려산업,C,C,D,B,2023
고려산업,D,D,D,C,2024
고려아연,B,B+,C,B+,2020
고려아연,B,B+,C,B+,2021
고려아연,B,B+,A,C,2022
고려아연,B,B+,C,B+,2023
고려아연,B,A,A,C,2024
고려제강,B,B+,B+,C,2020
고려제강,B+,B+,B,B+,2021
고려제강,D,C,C,D,2022
고려제강,B+,B+,B,B+,2023
고려제강,C,C,B,D,2024
광동제약,B,C,B+,B+,2020
광동제약,B,C,B+,B+,2021
광동제약,C,D,B,B,2022
광동제약,B,C,B+,B+,2023
광동제약,C,C,B,C,2024
광명전기,C,C,C,C,2020
광명전기,C,C,D,B,2021
광명전기,D,D,C,D,2022
광명전기,C,C,D,B,2023
광명전기,D,C,C,D,2024
광전자,B,C,B,B+,2020
광전자,B,C,B,B+,2021
광전자,D,D,D,C,2022
광전자,B,C,B,B+,2023
광전자,D,C,D,D,2024
광주신세계,B+,C,A,B+,2020
광주신세계,A,B+,A,A,2021
광주신세계,B+,B+,A,B+,2022
광주신세계,A,B+,A,A,2023
광주신세계,A,A,A+,A,2024
교보증권,B,D,B+,B,2020
교보증권,B,D,B+,B,2021
교보증권,B+,B+,B+,B+,2022
교보증권,B,D,B+,B,2023
교보증권,B+,A,A,B+,2024
교촌에프앤비,C,D,C,B,2022
교촌에프앤비,C,C,C,B,2024
국도화학,B,B,B,B,2020
국도화학,B,B,C,B+,2021
국도화학,D,C,D,D,2022
국도화학,B,B,C,B+,2023
국도화학,D,C,D,D,2024
국동,B,D,C,B+,2020
국동,B,D,B,B+,2021
국동,D,D,C,D,2022
국동,B,D,B,B+,2023
국동,C,D,C,C,2024
국보,C,B,C,C,2020
국보,D,D,D,C,2021
국보,D,D,D,D,2022
국보,D,D,D,C,2023
국보,D,C,D,D,2024
국제약품,C,D,B,C,2020
국제약품,B,D,B,B+,2021
국제약품,C,D,C,B,2022
국제약품,B,D,B,B+,2023
국제약품,C,D,C,B,2024
그린케미칼,B,B,B,B,2020
그린케미칼,B,B,C,B,2021
그린케미칼,D,D,D,D,2022
그린케미칼,B,B,C,B,2023
그린케미칼,C,C,C,B,2024
극동유화,B,B,C,B,2020
극동유화,B,B,C,B,2021
극동유화,D,D,C,D,2022
극동유화,B,B,C,B,2023
극동유화,D,D,D,D,2024
금강공업,C,C,B,B,2020
금강공업,C,C,C,B+,2021
금강공업,C,D,D,B,2022
금강공업,C,C,C,B+,2023
금강공업,C,C,D,B,2024
금비,C,C,B,C,2020
금비,C,C,C,B,2021
금비,D,D,D,D,2022
금비,C,C,C,B,2023
금비,D,C,D,D,2024
금양,D,D,C,C,2020
금양,C,D,C,B+,2021
금양,D,D,D,C,2022
금양,C,D,C,B+,2023
금양,D,D,D,D,2024
금호건설,C,B,B+,C,2020
금호건설,C,C,D,C,2021
금호건설,C,C,B+,D,2022
금호건설,C,C,D,C,2023
금호건설,B,B,B+,B,2024
금호석유화학,A,B+,A,A,2020
금호석유화학,B+,B,A,A,2021
금호석유화학,A,B+,A,A,2022
금호석유화학,B+,B,A,A,2023
금호석유화학,A,A,A+,A,2024
금호에이치티,D,D,C,C,2020
금호에이치티,C,C,C,B,2021
금호에이치티,D,D,D,D,2022
금호에이치티,C,C,C,B,2023
금호에이치티,D,C,C,D,2024
금호전기,B,B,B,B,2020
금호전기,B,C,B,B+,2021
금호전기,D,D,C,D,2022
금호전기,B,C,B,B+,2023
금호전기,D,C,C,D,2024
금호타이어,B,B,C,B+,2020
금호타이어,B+,B+,A,B+,2021
금호타이어,B+,B,A,B,2022
금호타이어,B+,B+,A,B+,2023
금호타이어,A,A,A+,B+,2024
기신정기,C,D,B,B,2020
기신정기,C,D,C,B,2021
기신정기,D,D,D,D,2022
기신정기,C,D,C,B,2023
기신정기,D,D,D,D,2024
기아,A,A,A+,B+,2020
기아,A+,A+,A+,A,2021
기아,B+,A,A,B,2022
기아,A+,A+,A+,A,2023
기아,B,A,A+,C,2024
기업은행,B+,B+,A,B+,2020
기업은행,A,A,A+,A,2021
기업은행,A,A+,A+,B+,2022
기업은행,A,A,A+,A,2023
기업은행,A,A+,A+,A,2024
까뮤이앤씨,C,D,C,B,2020
까뮤이앤씨,C,D,C,B+,2021
까뮤이앤씨,C,D,D,B,2022
까뮤이앤씨,C,D,C,B+,2023
까뮤이앤씨,C,D,D,B,2024
깨끗한나라,B+,B,B+,B+,2020
깨끗한나라,B,B+,B,B,2021
깨끗한나라,C,C,B,C,2022
깨끗한나라,B,B+,B,B,2023
깨끗한나라,B+,B+,B+,B,2024
남광토건,B,B,B,B,2020
남광토건,C,D,C,B,2021
남광토건,C,D,D,B,2022
남광토건,C,D,C,B,2023
남광토건,D,C,D,D,2024
남선알미늄,B,C,B+,B,2020
남선알미늄,C,C,B,B,2021
남선알미늄,D,D,D,C,2022
남선알미늄,C,C,B,B,2023
남선알미늄,D,C,C,D,2024
남성,C,D,B,B,2020
남성,C,D,C,B,2021
남성,D,D,D,D,2022
남성,C,D,C,B,2023
남성,D,D,D,C,2024
남양유업,B,C,B,B+,2020
남양유업,B+,B+,B+,B+,2021
남양유업,C,B,B+,D,2022
남양유업,B+,B+,B+,B+,2023
남양유업,B,B+,A,C,2024
남해화학,B,B,B,B+,2020
남해화학,B,C,B,B+,2021
남해화학,C,C,C,C,2022
남해화학,B,C,B,B+,2023
남해화학,C,C,C,C,2024
넥센,B+,B,B+,B+,2020
넥센,B+,B+,A,B,2021
넥센,B+,B+,A,B,2022
넥센,B+,B+,A,B,2023
넥센,B+,B+,A,B,2024
넥센타이어,B+,B+,B+,B,2020
넥센타이어,B+,B+,A,B+,2021
넥센타이어,B+,B+,A,B,2022
넥센타이어,B+,B+,A,B+,2023
넥센타이어,B+,A,A,B,2024
넷마블,B,D,B+,B+,2020
넷마블,B+,D,B+,A,2021
넷마블,B,C,B+,B,2022
넷마블,B+,D,B+,A,2023
넷마블,B+,B+,A,B+,2024
노루페인트,B,B,B,B,2020
노루페인트,A,A,A+,B+,2021
노루페인트,A,B+,A+,B+,2022
노루페인트,A,A,A+,B+,2023
노루페인트,B+,A,A+,B,2024
노루홀딩스,C,C,B,C,2020
노루홀딩스,A,A,A+,B+,2021
노루홀딩스,A,B+,A+,B+,2022
노루홀딩스,A,A,A+,B+,2023
노루홀딩스,A,A,A+,B+,2024
녹십자,B+,B,A,B,2020
녹십자,B+,B+,B+,B+,2021
녹십자,B+,B,A,B,2022
녹십자,B+,B+,B+,B+,2023
녹십자,B+,B+,A,B,2024
녹십자홀딩스,B,C,B+,B,2020
녹십자홀딩스,B+,B+,B+,B+,2021
녹십자홀딩스,B+,B,A,B+,2022
녹십자홀딩스,B+,B+,B+,B+,2023
녹십자홀딩스,B+,B+,A,B+,2024
농심,B+,B+,A,B,2020
농심,B+,B,A,B,2021
농심,C,B,A,D,2022
농심,B+,B,A,B,2023
농심,B+,A,A,B,2024
농심홀딩스,B+,B,B+,B+,2020
농심홀딩스,B+,B,A,B+,2021
농심홀딩스,C,B,B+,C,2022
농심홀딩스,B+,B,A,B+,2023
농심홀딩스,B+,B+,A,B,2024
다스코,B,C,B,B+,2020
다스코,B,B,C,B+,2021
다스코,D,D,D,C,2022
다스코,B,B,C,B+,2023
다스코,C,C,C,C,2024
다올투자증권,C,D,B,C,2020
다올투자증권,B+,C,A,B+,2021
다올투자증권,B+,B,B,B+,2022
다올투자증권,B+,C,A,B+,2023
다올투자증권,B+,B+,B+,B+,2024
다우기술,B,C,B+,B,2020
다우기술,B+,B,A,B+,2021
다우기술,C,B+,A,C,2022
다우기술,B+,B,A,B+,2023
다우기술,B+,A,A+,B,2024
다이나믹디자인,C,D,C,C,2020
다이나믹디자인,C,C,C,C,2021
다이나믹디자인,D,D,D,C,2022
다이나믹디자인,C,C,C,C,2023
다이나믹디자인,D,D,D,D,2024
대교,B+,D,B+,A,2020
대교,B+,D,B+,A,2021
대교,B,D,B+,B+,2022
대교,B+,D,B+,A,2023
대교,B+,C,B+,B+,2024
대구백화점,B,D,B,B+,2020
대구백화점,B,D,B+,B+,2021
대구백화점,C,D,D,B+,2022
대구백화점,B,D,B+,B+,2023
대구백화점,C,D,C,B,2024
대덕,A,B+,A,A,2020
대덕,A,B+,A,A,2021
대덕,B+,B,A,B,2022
대덕,A,B+,A,A,2023
대덕,B+,A,A,B,2024
대덕전자,B+,B,A,B+,2022
대덕전자,A,A,A,B+,2024
대동,B,B,B,B,2020
대동,B+,B,B,B+,2021
대동,D,C,C,D,2022
대동,B+,B,B,B+,2023
대동,C,B,A,D,2024
대동전자,C,B,C,C,2020
대동전자,C,C,C,B+,2021
대동전자,C,D,D,B,2022
대동전자,C,C,C,B+,2023
대동전자,D,D,D,C,2024
대림비앤코,B,C,B,B+,2020
대림비앤코,C,C,C,B+,2021
대림비앤코,D,D,D,C,2022
대림비앤코,C,C,C,B+,2023
대림비앤코,C,C,C,C,2024
대림통상,B,B,B,B,2020
대림통상,C,C,C,C,2021
대림통상,D,D,D,D,2022
대림통상,C,C,C,C,2023
대림통상,D,C,C,D,2024
대상,B,B,B+,B,2020
대상,A,A,A+,B+,2021
대상,B+,A,A+,B,2022
대상,A,A,A+,B+,2023
대상,A,A,A+,B+,2024
대상홀딩스,B,C,B,B,2020
대상홀딩스,A,A,A+,B+,2021
대상홀딩스,B+,A,A+,B,2022
대상홀딩스,A,A,A+,B+,2023
대상홀딩스,B+,A,A+,B,2024
대성산업,C,C,B,C,2020
대성산업,C,C,C,B+,2021
대성산업,D,D,C,D,2022
대성산업,C,C,C,B+,2023
대성산업,D,D,D,D,2024
대성에너지,B,B,B+,B,2020
대성에너지,B,B,B,B,2021
대성에너지,C,D,B,C,2022
대성에너지,B,B,B,B,2023
대성에너지,C,C,C,C,2024
대성홀딩스,B,C,B+,B,2020
대성홀딩스,B,C,B+,B,2021
대성홀딩스,C,D,B,C,2022
대성홀딩스,B,C,B+,B,2023
대성홀딩스,C,C,C,C,2024
대신증권,B,D,B+,B+,2020
대신증권,A,B,A+,A,2021
대신증권,B+,B,B+,B+,2022
대신증권,A,B,A+,A,2023
대신증권,B+,B,A,B+,2024
대양금속,B,B,C,B,2020
대양금속,C,C,C,B,2021
대양금속,D,D,D,D,2022
대양금속,C,C,C,B,2023
대양금속,D,C,C,D,2024
대영포장,C,B,C,D,2020
대영포장,C,C,C,C,2021
대영포장,D,D,D,D,2022
대영포장,C,C,C,C,2023
대영포장,D,D,C,D,2024
대우건설,B+,A,B,B+,2020
대우건설,A,B+,A,A,2021
대우건설,B+,B+,B+,B+,2022
대우건설,A,B+,A,A,2023
대우건설,A,A+,B+,A,2024
대우부품,D,D,C,C,2020
대우부품,C,C,C,B,2021
대우부품,D,D,D,D,2022
대우부품,C,C,C,B,2023
대우부품,D,D,D,D,2024
대웅,C,C,B+,C,2020
대웅,B,D,B+,B,2021
대웅,B+,B,A,B,2022
대웅,B,D,B+,B,2023
대웅,B+,A,A,B+,2024
대웅제약,B+,B,B+,B+,2020
대웅제약,C,D,B,B,2021
대웅제약,B+,B,A,B,2022
대웅제약,C,D,B,B,2023
대웅제약,B+,A,A,B,2024
대원강업,B,B,B+,B,2020
대원강업,B,B,C,B+,2021
대원강업,C,C,D,C,2022
대원강업,B,B,C,B+,2023
대원강업,C,B,B+,C,2024
대원전선,C,C,C,C,2020
대원전선,C,C,C,B,2021
대원전선,D,D,D,D,2022
대원전선,C,C,C,B,2023
대원전선,D,C,D,D,2024
대원제약,B,D,B+,B+,2020
대원제약,B,D,B,B+,2021
대원제약,B,D,B,B+,2022
대원제약,B,D,B,B+,2023
대원제약,B,C,B,B+,2024
대원화성,B+,B+,B,B+,2020
대원화성,B,B,B,B+,2021
대원화성,D,C,C,D,2022
대원화성,B,B,B,B+,2023
대원화성,D,C,D,D,2024
대유에이텍,C,C,C,C,2020
대유에이텍,C,C,C,B,2021
대유에이텍,D,D,C,D,2022
대유에이텍,C,C,C,B,2023
대유에이텍,C,C,B,D,2024
대유플러스,C,C,C,C,2020
대유플러스,C,C,C,C,2021
대유플러스,D,D,D,D,2022
대유플러스,C,C,C,C,2023
대유플러스,D,C,D,D,2024
대창,C,B+,B,C,2020
대창,C,B,B,C,2021
대창,D,D,C,D,2022
대창,C,B,B,C,2023
대창,D,C,D,D,2024
대창단조,B,B,B,B,2020
대창단조,B,B,C,B+,2021
대창단조,C,C,C,C,2022
대창단조,B,B,C,B+,2023
대창단조,C,C,D,C,2024
대한방직,C,C,C,B+,2020
대한방직,C,C,C,B+,2021
대한방직,C,D,D,B,2022
대한방직,C,C,C,B+,2023
대한방직,C,C,D,B,2024
대한유화,B,B+,B+,C,2020
대한유화,B,B,B,B+,2021
대한유화,C,B,B,D,2022
대한유화,B,B,B,B+,2023
대한유화,B+,B+,B+,B,2024
대한전선,B+,B,B+,B+,2020
대한전선,A,A,A+,A,2021
대한전선,A,B+,A+,B+,2022
대한전선,A,A,A+,A,2023
대한전선,A,A,A+,B+,2024
대한제강,B,B+,B,B,2020
대한제강,B,B,B,B,2021
대한제강,D,D,D,C,2022
대한제강,B,B,B,B,2023
대한제강,C,C,C,C,2024
대한제당,C,C,C,B,2020
대한제당,B,B,C,B+,2021
대한제당,D,D,D,C,2022
대한제당,B,B,C,B+,2023
대한제당,C,C,C,C,2024
대한제분,C,C,B,C,2020
대한제분,B,C,C,B+,2021
대한제분,D,C,D,D,2022
대한제분,B,C,C,B+,2023
대한제분,D,C,D,D,2024
대한항공,A,A,A+,B+,2020
대한항공,A,A,A+,A,2021
대한항공,A,A,A,A,2022
대한항공,A,A,A+,A,2023
대한항공,A,A,A+,A,2024
대한해운,B,C,B,B,2020
대한해운,B,D,B,B+,2021
대한해운,C,C,B+,C,2022
대한해운,B,D,B,B+,2023
대한해운,C,B,B+,D,2024
대한화섬,C,B,B+,C,2020
대한화섬,B+,B,B+,B+,2021
대한화섬,C,C,C,B,2022
대한화섬,B+,B,B+,B+,2023
대한화섬,C,C,D,B,2024
대현,C,D,C,B,2020
대현,B,D,B,B+,2021
대현,C,D,D,B+,2022
대현,B,D,B,B+,2023
대현,C,D,D,B+,2024
대호에이엘,B,B,C,B,2020
대호에이엘,B,B,C,B,2021
대호에이엘,D,C,D,D,2022
대호에이엘,B,B,C,B,2023
대호에이엘,C,C,D,B,2024
더블유게임즈,B,D,B+,B+,2020
더블유게임즈,B,D,B+,B+,2021
더블유게임즈,B,D,C,B+,2022
더블유게임즈,B,D,B+,B+,2023
더블유게임즈,B,D,C,B+,2024
더존비즈온,B,C,B+,B,2020
더존비즈온,B,C,B,B,2021
더존비즈온,D,D,C,D,2022
더존비즈온,B,C,B,B,2023
더존비즈온,C,D,B,D,2024
덕성,B,B,C,B+,2020
덕성,C,C,C,B+,2021
덕성,D,D,C,C,2022
덕성,C,C,C,B+,2023
덕성,C,C,D,B,2024
덕양산업,B,B,B,B,2020
덕양산업,C,C,C,B,2021
덕양산업,D,D,C,D,2022
덕양산업,C,C,C,B,2023
덕양산업,C,D,B,D,2024
덴티움,C,D,C,B+,2020
덴티움,B,D,B,B+,2021
덴티움,D,D,C,D,2022
덴티움,B,D,B,B+,2023
덴티움,D,D,D,D,2024
도화엔지니어링,B+,B,B,B+,2020
도화엔지니어링,B+,B,B,B+,2021
도화엔지니어링,C,D,C,C,2022
도화엔지니어링,B+,B,B,B+,2023
도화엔지니어링,B,C,B,B,2024
동국홀딩스,B+,B+,B+,B,2020
동국홀딩스,B+,B+,B,B+,2021
동국홀딩스,B,B+,B,B,2022
동국홀딩스,B+,B+,B,B+,2023
동국홀딩스,A,A,A,B+,2024
동남합성,C,D,C,B,2020
동남합성,C,D,C,B,2021
동남합성,C,D,D,B,2022
동남합성,C,D,C,B,2023
동남합성,D,D,D,C,2024
동방,C,B,C,C,2020
동방,C,B,D,B,2021
동방,D,C,C,D,2022
동방,C,B,D,B,2023
동방,C,C,B,D,2024
동방아그로,C,D,C,B,2020
동방아그로,C,D,C,B+,2021
동방아그로,D,D,D,C,2022
동방아그로,C,D,C,B+,2023
동방아그로,C,D,C,B,2024
동부건설,C,C,B,B,2020
동부건설,C,C,D,B+,2021
동부건설,C,C,B+,C,2022
동부건설,C,C,D,B+,2023
동부건설,B+,B+,B+,B,2024
동서,C,D,B,C,2020
동서,C,D,C,B,2021
동서,D,C,C,D,2022
동서,C,D,C,B,2023
동서,D,C,C,D,2024
동성제약,C,D,B,B,2020
동성제약,C,D,C,B+,2021
동성제약,C,D,D,B,2022
동성제약,C,D,C,B+,2023
동성제약,C,D,C,C,2024
동성케미컬,B,B,B+,B,2020
동성케미컬,B+,B,B+,B+,2021
동성케미컬,B+,B+,A,B,2022
동성케미컬,B+,B,B+,B+,2023
동성케미컬,A,A+,A+,B+,2024
동아쏘시오홀딩스,B+,C,A,A,2020
동아쏘시오홀딩스,A,B+,A+,A,2021
동아쏘시오홀딩스,A,B,A,A,2022
동아쏘시오홀딩스,A,B+,A+,A,2023
동아쏘시오홀딩스,A,B+,A+,A,2024
동아에스티,B+,D,B+,A,2020
동아에스티,A,B+,A+,A,2021
동아에스티,A,B,A,A,2022
동아에스티,A,B+,A+,A,2023
동아에스티,A,B+,A+,A,2024
동아지질,C,C,C,C,2020
동아지질,C,D,D,B,2021
동아지질,D,D,D,D,2022
동아지질,C,D,D,B,2023
동아지질,D,D,D,D,2024
동아타이어,B,C,B,B,2020
동아타이어,C,D,C,B+,2021
동아타이어,D,D,D,C,2022
동아타이어,C,D,C,B+,2023
동아타이어,D,D,D,D,2024
동양,C,C,C,B,2020
동양,C,C,C,B+,2021
동양,D,D,D,C,2022
동양,C,C,C,B+,2023
동양,D,D,D,C,2024
동양고속,B,C,B,B+,2020
동양고속,B,C,C,B+,2021
동양고속,D,D,D,D,2022
동양고속,B,C,C,B+,2023
동양고속,C,C,D,C,2024
동양생명,B,D,B+,B+,2020
동양생명,B+,C,A,B+,2021
동양생명,B,D,B,B+,2022
동양생명,B+,C,A,B+,2023
동양생명,B,C,B,B+,2024
동양철관,C,C,C,C,2020
동양철관,C,D,D,B,2021
동양철관,D,D,D,D,2022
동양철관,C,D,D,B,2023
동양철관,C,C,C,C,2024
동양피스톤,B,B,B,B+,2020
동양피스톤,B,B,C,B+,2021
동양피스톤,C,D,B,D,2022
동양피스톤,B,B,C,B+,2023
동양피스톤,C,C,B,D,2024
동원F&B,B,B,B+,B,2020
동원F&B,B+,B,A,B,2021
동원F&B,B,B,A,C,2022
동원F&B,B+,B,A,B,2023
동원F&B,B,B+,A,C,2024
동원금속,B,C,B,B+,2020
동원금속,C,D,C,B+,2021
동원금속,D,D,D,C,2022
동원금속,C,D,C,B+,2023
동원금속,C,C,C,C,2024
동원산업,B,C,B,B+,2020
동원산업,B,C,B+,B+,2021
동원산업,C,B,B+,C,2022
동원산업,B,C,B+,B+,2023
동원산업,B+,B+,B+,B,2024
동원수산,C,D,B,B,2020
동원수산,C,D,C,B+,2021
동원수산,D,D,D,D,2022
동원수산,C,D,C,B+,2023
동원수산,D,D,D,D,2024
동원시스템즈,C,B,B,C,2020
동원시스템즈,B,C,B+,B,2021
동원시스템즈,C,B,B+,D,2022
동원시스템즈,B,C,B+,B,2023
동원시스템즈,B,A,A,C,2024
동일고무벨트,B+,B,B+,B+,2020
동일고무벨트,B+,B,B+,B+,2021
동일고무벨트,B,C,B+,B,2022
동일고무벨트,B+,B,B+,B+,2023
동일고무벨트,A,A,A,B+,2024
동일산업,B,B+,C,B+,2020
동일산업,B,B,C,B+,2021
동일산업,C,C,D,B+,2022
동일산업,B,B,C,B+,2023
동일산업,C,C,D,B,2024
동일제강,C,C,C,B,2020
동일제강,C,C,C,B,2021
동일제강,D,D,D,C,2022
동일제강,C,C,C,B,2023
동일제강,C,C,D,C,2024
동화약품,B,D,B+,B,2020
동화약품,B,D,B+,B,2021
동화약품,C,C,B+,C,2022
동화약품,B,D,B+,B,2023
동화약품,C,C,B,C,2024
두산,A+,A+,A+,A,2020
두산,A,A,A+,B+,2021
두산,B+,B+,A,B,2022
두산,A,A,A+,B+,2023
두산,B+,A,A+,B,2024
두산로보틱스,-,-,-,-,2024
두산밥캣,B+,D,A,A,2020
두산밥캣,B+,C,A,A,2021
두산밥캣,B+,B,A,B+,2022
두산밥캣,B+,C,A,A,2023
두산밥캣,A,B,A,A,2024
두산에너빌리티,A,A,A+,B+,2020
두산에너빌리티,A,A+,A,B+,2021
두산에너빌리티,B,B+,A,C,2022
두산에너빌리티,A,A+,A,B+,2023
두산에너빌리티,B+,A,A+,B,2024
두산퓨얼셀,B+,B,A,A,2021
두산퓨얼셀,B+,B+,A+,B,2022
두산퓨얼셀,B+,B,A,A,2023
두산퓨얼셀,A,B+,A+,A,2024
두올,B,C,B,B+,2020
두올,B,C,B,B+,2021
두올,D,D,C,C,2022
두올,B,C,B,B+,2023
두올,C,C,B,D,2024
드림텍,C,C,C,B+,2021
드림텍,D,D,D,C,2022
드림텍,C,C,C,B+,2023
드림텍,C,C,C,B+,2024
디씨엠,C,C,C,B,2020
디씨엠,C,D,C,B+,2021
디씨엠,C,D,C,B,2022
디씨엠,C,D,C,B+,2023
디씨엠,C,D,C,B,2024
디아이,B,B,B,B,2020
디아이,B,D,B,B+,2021
디아이,D,D,C,D,2022
디아이,B,D,B,B+,2023
디아이,D,C,C,D,2024
디아이동일,D,D,C,C,2020
디아이동일,C,D,C,B+,2021
디아이동일,D,D,C,C,2022
디아이동일,C,D,C,B+,2023
디아이동일,D,D,D,C,2024
디아이씨,C,C,B,C,2020
디아이씨,C,C,C,B,2021
디아이씨,D,D,C,D,2022
디아이씨,C,C,C,B,2023
디아이씨,D,C,C,D,2024
디와이,C,C,C,B+,2020
디와이,B,C,C,B+,2021
디와이,C,D,D,B+,2022
디와이,B,C,C,B+,2023
디와이,C,D,C,B,2024
디와이파워,C,D,B,B,2020
디와이파워,B,C,C,B+,2021
디와이파워,C,D,D,B,2022
디와이파워,B,C,C,B+,2023
디와이파워,C,C,D,C,2024
락앤락,C,C,B+,C,2020
락앤락,C,C,C,B+,2021
락앤락,B,B,B+,B,2022
락앤락,C,C,C,B+,2023
락앤락,C,C,C,B,2024
롯데관광개발,C,D,B,C,2020
롯데관광개발,B,D,B,B,2021
롯데관광개발,D,D,C,D,2022
롯데관광개발,B,D,B,B,2023
롯데관광개발,D,D,C,D,2024
롯데렌탈,B+,A,A,B,2024
롯데손해보험,B+,C,A,A,2020
롯데손해보험,A,B,A+,A,2021
롯데손해보험,B+,B,B+,B+,2022
롯데손해보험,A,B,A+,A,2023
롯데손해보험,B+,B,B+,B+,2024
롯데쇼핑,A,A,A+,A,2020
롯데쇼핑,A,A,A+,A,2021
롯데쇼핑,A,A,A+,A,2022
롯데쇼핑,A,A,A+,A,2023
롯데쇼핑,A,A,A+,A,2024
롯데에너지머티리얼즈,C,B,C,C,2020
롯데에너지머티리얼즈,C,C,C,B,2021
롯데에너지머티리얼즈,D,D,D,D,2022
롯데에너지머티리얼즈,C,C,C,B,2023
롯데에너지머티리얼즈,C,B,B,C,2024
롯데웰푸드,A,A,A+,B+,2020
롯데웰푸드,A,A,A,A,2021
롯데웰푸드,A,B,A,A,2022
롯데웰푸드,A,A,A,A,2023
롯데웰푸드,B+,B+,A,B+,2024
롯데이노베이트,A,B+,A,A,2020
롯데이노베이트,A,A,A,A,2021
롯데이노베이트,A,A,A,A,2022
롯데이노베이트,A,A,A,A,2023
롯데이노베이트,A,A,A+,A,2024
롯데정밀화학,A,A,A+,A,2020
롯데정밀화학,A,A,A+,A,2021
롯데정밀화학,A,A,A+,A,2022
롯데정밀화학,A,A,A+,A,2023
롯데정밀화학,A+,A+,A+,A,2024
롯데지주,B+,B,A,B,2020
롯데지주,A,B+,A+,A,2021
롯데지주,A,A,A+,B+,2022
롯데지주,A,B+,A+,A,2023
롯데지주,A,A,A+,A,2024
롯데칠성음료,B+,B+,A,B+,2020
롯데칠성음료,A,B+,A+,A,2021
롯데칠성음료,B+,A,A,B,2022
롯데칠성음료,A,B+,A+,A,2023
롯데칠성음료,A,A+,A,B+,2024
롯데케미칼,B+,B,A,A,2020
롯데케미칼,A,B,A+,A,2021
롯데케미칼,A,B+,A+,A,2022
롯데케미칼,A,B,A+,A,2023
롯데케미칼,B+,A,A+,B,2024
롯데푸드,A,B+,A+,B+,2020
롯데푸드,A,B+,A,A,2021
롯데푸드,A,B+,A,A,2023
롯데하이마트,A,B+,A+,A,2020
롯데하이마트,A,A,A+,A,2021
롯데하이마트,A,A,A+,A,2022
롯데하이마트,A,A,A+,A,2023
롯데하이마트,A,A,A+,A,2024
마니커,C,D,B+,C,2020
마니커,C,D,B,B,2021
마니커,D,D,D,D,2022
마니커,C,D,B,B,2023
마니커,D,D,D,C,2024
만호제강,C,C,B,B,2020
만호제강,C,C,C,B+,2021
만호제강,C,D,C,B+,2022
만호제강,C,C,C,B+,2023
만호제강,C,C,C,B+,2024
맵스리얼티1,-,-,-,-,2021
맵스리얼티1,-,-,-,-,2022
맵스리얼티1,-,-,-,-,2023
맵스리얼티1,-,-,-,-,2024
메리츠금융지주,B+,D,B+,A,2020
메리츠금융지주,B+,D,B+,A,2021
메리츠금융지주,B,C,C,B+,2022
메리츠금융지주,B+,D,B+,A,2023
메리츠금융지주,B+,B,A,B+,2024
메리츠증권,B+,B,A,B+,2020
메리츠증권,B+,C,A,B+,2021
메리츠증권,B+,C,A,B+,2022
메리츠증권,B+,C,A,B+,2023
메리츠증권,-,-,-,-,2024
메리츠화재,B,D,B+,B+,2020
메리츠화재,B,D,B+,B+,2021
메리츠화재,B,C,B,B+,2022
메리츠화재,B,D,B+,B+,2023
메타랩스,C,D,B,B,2020
메타랩스,C,D,C,B+,2021
메타랩스,D,D,D,D,2022
메타랩스,C,D,C,B+,2023
메타랩스,D,D,D,D,2024
메타케어,C,D,C,B,2020
메타케어,B,D,B,B,2021
메타케어,D,D,D,D,2022
메타케어,B,D,B,B,2023
메타케어,D,D,D,C,2024
명문제약,C,D,B,B,2020
명문제약,B,D,B,B+,2021
명문제약,D,D,D,C,2022
명문제약,B,D,B,B+,2023
명문제약,C,D,D,B,2024
명신산업,-,-,-,-,2021
명신산업,D,D,D,D,2022
명신산업,-,-,-,-,2023
명신산업,D,C,C,D,2024
모나리자,B,B,B,B,2020
모나리자,B,B,C,B,2021
모나리자,D,D,C,D,2022
모나리자,B,B,C,B,2023
모나리자,B+,B+,A,B,2024
모나미,C,D,C,B,2020
모나미,C,D,C,B,2021
모나미,D,D,D,D,2022
모나미,C,D,C,B,2023
모나미,D,D,C,D,2024
모나용평,B,C,B,B,2020
모나용평,C,C,C,B,2021
모나용평,D,C,D,D,2022
모나용평,C,C,C,B,2023
모나용평,D,C,D,D,2024
모토닉,B,B,B,B,2020
모토닉,B,B,B,B+,2021
모토닉,B,C,B,B+,2022
모토닉,B,B,B,B+,2023
모토닉,C,C,C,B,2024
무림P&P,B+,B+,B+,B+,2020
무림P&P,A,B+,A,A,2021
무림P&P,B+,B,A,B+,2022
무림P&P,A,B+,A,A,2023
무림P&P,B+,B+,A,B+,2024
무림페이퍼,B+,B+,B+,B+,2020
무림페이퍼,A,B+,B+,A,2021
무림페이퍼,B,B,B+,B,2022
무림페이퍼,A,B+,B+,A,2023
무림페이퍼,B+,B+,A,B,2024
무학,C,B,C,C,2020
무학,B,D,B,B+,2021
무학,C,D,C,B,2022
무학,B,D,B,B+,2023
무학,C,C,D,C,2024
문배철강,C,D,C,B,2020
문배철강,C,D,C,B,2021
문배철강,D,D,D,C,2022
문배철강,C,D,C,B,2023
문배철강,D,D,D,C,2024
미래산업,B,B,C,B,2020
미래산업,C,C,C,C,2021
미래산업,D,D,D,D,2022
미래산업,C,C,C,C,2023
미래산업,D,C,D,D,2024
미래아이앤지,C,D,C,C,2020
미래아이앤지,C,D,C,C,2021
미래아이앤지,D,D,D,D,2022
미래아이앤지,C,D,C,C,2023
미래아이앤지,D,D,D,D,2024
미래에셋생명,B,D,B+,B,2020
미래에셋생명,B+,C,A+,B+,2021
미래에셋생명,B+,B,A,B+,2022
미래에셋생명,B+,C,A+,B+,2023
미래에셋생명,B+,B,B+,B+,2024
미래에셋증권,A,B+,A+,B+,2020
미래에셋증권,B+,A,A+,B,2021
미래에셋증권,A,A,A+,B+,2022
미래에셋증권,B+,A,A+,B,2023
미래에셋증권,A,A,A+,B+,2024
미원상사,C,D,B,B,2020
미원상사,C,C,D,B,2021
미원상사,C,C,D,C,2022
미원상사,C,C,D,B,2023
미원상사,C,C,D,B,2024
미원에스씨,C,C,C,B,2020
미원에스씨,C,C,C,B+,2021
미원에스씨,C,C,C,B,2022
미원에스씨,C,C,C,B+,2023
미원에스씨,C,B,B+,C,2024
미원홀딩스,C,C,C,C,2020
미원홀딩스,C,C,C,B,2021
미원홀딩스,C,C,C,B,2022
미원홀딩스,C,C,C,B,2023
미원홀딩스,C,C,B,D,2024
미원화학,C,C,C,C,2020
미원화학,C,C,C,B+,2021
미원화학,C,C,D,C,2022
미원화학,C,C,C,B+,2023
미원화학,C,C,C,C,2024
미창석유공업,C,C,C,B,2020
미창석유공업,C,C,C,B,2021
미창석유공업,C,D,D,B,2022
미창석유공업,C,C,C,B,2023
미창석유공업,D,C,D,D,2024
방림,B,B,C,B,2020
방림,C,C,C,B+,2021
방림,D,D,D,C,2022
방림,C,C,C,B+,2023
방림,C,C,D,C,2024
백광산업,C,B,C,D,2020
백광산업,B,B,C,B,2021
백광산업,D,C,D,D,2022
백광산업,B,B,C,B,2023
백광산업,D,C,D,D,2024
백산,C,C,B,B,2020
백산,C,C,B,B,2021
백산,D,D,D,D,2022
백산,C,C,B,B,2023
백산,D,C,C,D,2024
범양건영,C,D,C,B,2020
범양건영,C,D,B,C,2021
범양건영,D,D,C,D,2022
범양건영,C,D,B,C,2023
범양건영,D,D,C,D,2024
벽산,C,B,B,C,2020
벽산,B,B+,B,B,2021
벽산,D,C,C,D,2022
벽산,B,B+,B,B,2023
벽산,C,B+,B+,D,2024
보락,C,D,C,B,2020
보락,C,D,C,B,2021
보락,D,D,D,D,2022
보락,C,D,C,B,2023
보락,D,D,D,C,2024
보령,C,D,B,B,2020
보령,B+,B,A,B+,2021
보령,B+,B+,A,B,2022
보령,B+,B,A,B+,2023
보령,B+,A,A,B,2024
보해양조,B,B,B,B,2020
보해양조,C,D,C,B,2021
보해양조,D,D,D,C,2022
보해양조,C,D,C,B,2023
보해양조,D,D,D,D,2024
부광약품,C,D,C,B,2020
부광약품,C,D,D,B+,2021
부광약품,C,D,D,B,2022
부광약품,C,D,D,B+,2023
부광약품,B+,B,A,B+,2024
부국증권,B,D,B,B,2020
부국증권,C,D,B,C,2021
부국증권,C,D,C,B,2022
부국증권,C,D,B,C,2023
부국증권,C,D,B,C,2024
부국철강,D,D,C,C,2020
부국철강,C,D,C,B,2021
부국철강,D,D,D,D,2022
부국철강,C,D,C,B,2023
부국철강,D,D,D,D,2024
부산산업,D,D,C,C,2020
부산산업,C,D,D,B,2021
부산산업,C,D,D,B,2022
부산산업,C,D,D,B,2023
부산산업,D,C,D,D,2024
부산주공,C,B,C,C,2020
부산주공,C,B,D,B,2021
부산주공,D,D,D,D,2022
부산주공,C,B,D,B,2023
부산주공,C,C,C,C,2024
비비안,C,D,B,B,2020
비비안,D,D,C,C,2021
비비안,D,D,D,D,2022
비비안,D,D,C,C,2023
비비안,D,D,D,D,2024
비상교육,B,D,B+,B,2020
비상교육,B,D,B+,B+,2021
비상교육,B,D,B,B,2022
비상교육,B,D,B+,B+,2023
비상교육,B,D,B,B,2024
비에이치,-,-,-,-,2021
비에이치,-,-,-,-,2022
비에이치,-,-,-,-,2023
비에이치,-,-,-,-,2024
비케이탑스,C,D,B,D,2020
비케이탑스,C,D,C,C,2021
비케이탑스,D,D,D,D,2022
비케이탑스,C,D,C,C,2023
비케이탑스,D,D,D,D,2024
빙그레,A,B+,A+,A,2020
빙그레,A,A,A+,A,2021
빙그레,A,A,A,B+,2022
빙그레,A,A,A+,A,2023
빙그레,A,A,A+,B+,2024
사조대림,C,D,B,B,2020
사조대림,B+,C,A,B+,2021
사조대림,C,B,B,D,2022
사조대림,B+,C,A,B+,2023
사조대림,B,B+,A,C,2024
사조동아원,C,D,C,B,2020
사조동아원,B,C,B,B+,2021
사조동아원,C,C,B+,C,2022
사조동아원,B,C,B,B+,2023
사조동아원,C,B+,B,C,2024
사조산업,D,D,C,D,2020
사조산업,B,C,B,B+,2021
사조산업,C,C,B,D,2022
사조산업,B,C,B,B+,2023
사조산업,B,B+,B+,C,2024
사조씨푸드,C,D,B,B,2020
사조씨푸드,B,C,B+,B+,2021
사조씨푸드,C,D,B,B,2022
사조씨푸드,B,C,B+,B+,2023
사조씨푸드,B,B,B+,B,2024
사조오양,C,D,B,C,2020
사조오양,C,D,B,C,2021
사조오양,C,C,B,D,2022
사조오양,C,D,B,C,2023
사조오양,C,B,B+,C,2024
삼부토건,C,C,B,B,2020
삼부토건,C,C,D,B+,2021
삼부토건,D,D,D,C,2022
삼부토건,C,C,D,B+,2023
삼부토건,C,C,C,C,2024
삼성E&A,A,A,A+,A,2020
삼성E&A,A,A,A+,A,2021
삼성E&A,A,A,A+,B+,2022
삼성E&A,A,A,A+,A,2023
삼성E&A,A,A+,A+,A,2024
삼성SDI,A,A,A,B+,2020
삼성SDI,A,A,A+,B+,2021
삼성SDI,A,A,A+,B+,2022
삼성SDI,A,A,A+,B+,2023
삼성SDI,A,A+,A+,B+,2024
삼성공조,C,C,C,B,2020
삼성공조,C,C,C,B,2021
삼성공조,C,D,C,B,2022
삼성공조,C,C,C,B,2023
삼성공조,C,C,C,C,2024
삼성물산,A,A+,A,B+,2020
삼성물산,A,A,A+,A,2021
삼성물산,A,A,A,A,2022
삼성물산,A,A,A+,A,2023
삼성물산,A+,A+,A+,A+,2024
삼성바이오로직스,B+,B,A,B+,2020
삼성바이오로직스,A,A,A+,A,2021
삼성바이오로직스,A,A,A+,A,2022
삼성바이오로직스,A,A,A+,A,2023
삼성바이오로직스,A+,A,A,A+,2024
삼성생명,B+,A,A,B+,2020
삼성생명,A,A,A+,B+,2021
삼성생명,A,A,A+,B+,2022
삼성생명,A,A,A+,B+,2023
삼성생명,A,A+,A+,B+,2024
삼성에스디에스,A,B+,A+,A,2020
삼성에스디에스,A,A,A+,A,2021
삼성에스디에스,A,A,A+,A,2022
삼성에스디에스,A,A,A+,A,2023
삼성에스디에스,A,A,A+,B+,2024
삼성전기,A,A,A+,B+,2020
삼성전기,A,A,A+,B+,2021
삼성전기,A,A,A+,A,2022
삼성전기,A,A,A+,B+,2023
삼성전기,A,A,A+,A,2024
삼성전자,B,A,A+,C,2020
삼성전자,B+,A,A+,B,2021
삼성전자,A,A,A+,B+,2022
삼성전자,B+,A,A+,B,2023
삼성전자,A,A,A+,B+,2024
삼성제약,C,B,C,D,2020
삼성제약,C,D,C,B,2021
삼성제약,D,D,D,D,2022
삼성제약,C,D,C,B,2023
삼성제약,D,D,D,C,2024
삼성중공업,B+,B+,B,A,2020
삼성중공업,B+,B,A,B+,2021
삼성중공업,B+,B,A,B+,2021
삼성중공업,B+,B,A,B+,2021
삼성중공업,B+,B,A,B+,2021
삼성중공업,B+,B+,B+,B+,2022
삼성중공업,B+,B,A,B+,2023
삼성중공업,B+,B,A,B+,2023
삼성중공업,B+,B,A,B+,2023
삼성중공업,B+,B,A,B+,2023
삼성중공업,A,A,A+,B+,2024
삼성증권,B+,B,A+,B,2020
삼성증권,A,A,A+,B+,2021
삼성증권,A,A,A+,B+,2021
삼성증권,A,A,A+,B+,2021
삼성증권,A,A,A+,B+,2021
삼성증권,A,A,A+,B+,2022
삼성증권,A,A,A+,B+,2023
삼성증권,A,A,A+,B+,2023
삼성증권,A,A,A+,B+,2023
삼성증권,A,A,A+,B+,2023
삼성증권,B+,A,A+,B,2024
삼성출판사,C,D,C,B,2020
삼성출판사,C,D,D,B+,2021
삼성출판사,C,D,D,B+,2021
삼성출판사,C,D,D,B+,2021
삼성출판사,C,D,D,B+,2021
삼성출판사,C,D,D,B+,2022
삼성출판사,C,D,D,B+,2023
삼성출판사,C,D,D,B+,2023
삼성출판사,C,D,D,B+,2023
삼성출판사,C,D,D,B+,2023
삼성출판사,C,D,D,B,2024
삼성카드,B,D,B+,B+,2020
삼성카드,A,A+,A+,A,2021
삼성카드,A,A+,A+,A,2021
삼성카드,A,A+,A+,A,2021
삼성카드,A,A+,A+,A,2021
삼성카드,A,A,A+,A,2022
삼성카드,A,A+,A+,A,2023
삼성카드,A,A+,A+,A,2023
삼성카드,A,A+,A+,A,2023
삼성카드,A,A+,A+,A,2023
삼성카드,A,A+,A+,A,2024
삼성화재해상보험,A,A+,A+,A,2020
삼성화재해상보험,A,A+,A+,B+,2021
삼성화재해상보험,A,A+,A+,B+,2021
삼성화재해상보험,A,A+,A+,B+,2021
삼성화재해상보험,A,A+,A+,B+,2021
삼성화재해상보험,A,A,A,A,2022
삼성화재해상보험,A,A+,A+,B+,2023
삼성화재해상보험,A,A+,A+,B+,2023
삼성화재해상보험,A,A+,A+,B+,2023
삼성화재해상보험,A,A+,A+,B+,2023
삼성화재해상보험,A,A,A+,A,2024
삼아알미늄,B,B,C,B,2020
삼아알미늄,B,B,C,B+,2021
삼아알미늄,B,B,C,B+,2021
삼아알미늄,B,B,C,B+,2021
삼아알미늄,B,B,C,B+,2021
삼아알미늄,C,D,D,B,2022
삼아알미늄,B,B,C,B+,2023
삼아알미늄,B,B,C,B+,2023
삼아알미늄,B,B,C,B+,2023
삼아알미늄,B,B,C,B+,2023
삼아알미늄,C,C,D,C,2024
삼양사,B+,B+,B+,B,2020
삼양사,A,A,A,B+,2021
삼양사,A,A,A,B+,2021
삼양사,A,A,A,B+,2021
삼양사,A,A,A,B+,2021
삼양사,B+,B+,A,B,2022
삼양사,A,A,A,B+,2023
삼양사,A,A,A,B+,2023
삼양사,A,A,A,B+,2023
삼양사,A,A,A,B+,2023
삼양사,B+,A+,A,B,2024
삼양식품,B,B,B,B,2020
삼양식품,A,A,A+,A,2021
삼양식품,A,A,A+,A,2021
삼양식품,A,A,A+,A,2021
삼양식품,A,A,A+,A,2021
삼양식품,B+,A,A+,B,2022
삼양식품,A,A,A+,A,2023
삼양식품,A,A,A+,A,2023
삼양식품,A,A,A+,A,2023
삼양식품,A,A,A+,A,2023
삼양식품,A,A,A+,A,2024
삼양통상,C,B,C,D,2020
삼양통상,B,C,C,B+,2021
삼양통상,B,C,C,B+,2021
삼양통상,B,C,C,B+,2021
삼양통상,B,C,C,B+,2021
삼양통상,C,D,D,B,2022
삼양통상,B,C,C,B+,2023
삼양통상,B,C,C,B+,2023
삼양통상,B,C,C,B+,2023
삼양통상,B,C,C,B+,2023
삼양통상,C,C,D,B+,2024
삼양패키징,C,C,B+,C,2020
삼양패키징,B+,B,B+,B+,2021
삼양패키징,B+,B,B+,B+,2021
삼양패키징,B+,B,B+,B+,2021
삼양패키징,B+,B,B+,B+,2021
삼양패키징,B,C,B+,B,2022
삼양패키징,B+,B,B+,B+,2023
삼양패키징,B+,B,B+,B+,2023
삼양패키징,B+,B,B+,B+,2023
삼양패키징,B+,B,B+,B+,2023
삼양패키징,B,B+,B+,C,2024
삼양홀딩스,B+,B,B+,B+,2020
삼양홀딩스,B+,B+,A,B,2022
삼양홀딩스,B+,A,A,B+,2024
삼영,C,B,C,C,2020
삼영,C,C,D,C,2022
삼영,C,C,D,C,2024
삼영무역,C,D,C,C,2020
삼영무역,B,D,C,B+,2022
삼영무역,C,D,D,B+,2024
삼영전자공업,B+,B+,B+,B,2020
삼영전자공업,C,C,D,C,2022
삼영전자공업,D,C,C,D,2024
삼원강재,B,B+,C,B,2020
삼원강재,C,C,D,C,2022
삼원강재,B,B,B,B+,2024
삼익THK,B+,B,B,B+,2020
삼익THK,C,C,C,C,2022
삼익THK,C,C,C,B,2024
삼익악기,C,D,C,B,2020
삼익악기,D,C,D,D,2022
삼익악기,C,C,D,C,2024
삼일씨엔에스,B,C,B,B+,2020
삼일씨엔에스,D,D,D,D,2022
삼일씨엔에스,D,C,D,D,2024
삼일제약,B,D,B+,B,2020
삼일제약,D,D,D,C,2022
삼일제약,C,D,C,C,2024
삼정펄프,C,C,B,C,2020
삼정펄프,D,D,C,D,2022
삼정펄프,D,C,C,D,2024
삼진제약,B,D,B+,B,2020
삼진제약,D,D,D,D,2022
삼진제약,C,D,D,B+,2024
삼천리,B+,B+,A,B+,2020
삼천리,C,C,B+,C,2022
삼천리,C,B,B,C,2024
삼호개발,D,D,C,C,2020
삼호개발,B,C,B+,B,2022
삼호개발,B+,B,A,B+,2024
삼화왕관,B,B,C,B,2020
삼화왕관,D,D,D,D,2022
삼화왕관,D,C,D,D,2024
삼화전기,C,C,B,B,2020
삼화전기,D,D,D,D,2022
삼화전기,D,C,C,D,2024
삼화전자공업,D,D,C,C,2020
삼화전자공업,D,D,D,D,2022
삼화전자공업,D,D,D,D,2024
삼화콘덴서공업,B,B,B,B,2020
삼화콘덴서공업,D,D,C,D,2022
삼화콘덴서공업,D,C,C,D,2024
삼화페인트공업,B+,B,B+,B+,2020
삼화페인트공업,B,C,B+,B+,2022
삼화페인트공업,B+,B+,A,B+,2024
상상인증권,C,D,B,C,2020
상상인증권,D,D,C,D,2022
상상인증권,D,D,C,D,2024
상신브레이크,B,B,B,B,2020
상신브레이크,D,D,C,C,2022
상신브레이크,C,D,B,C,2024
새론오토모티브,B,B,B,B,2020
새론오토모티브,C,C,C,B,2021
새론오토모티브,D,D,C,C,2022
새론오토모티브,C,C,C,B,2023
새론오토모티브,D,C,D,D,2024
샘표,C,B,B+,C,2020
샘표,B,B,B+,B,2021
샘표,C,D,C,C,2022
샘표,B,B,B+,B,2023
샘표,C,C,B,D,2024
샘표식품,C,B,B+,C,2020
샘표식품,B,B,B+,B,2021
샘표식품,C,D,C,C,2022
샘표식품,B,B,B+,B,2023
샘표식품,C,C,B,D,2024
서연,B+,C,B+,B+,2020
서연,B+,B+,A,B+,2021
서연,B+,B,A,B,2022
서연,B+,B+,A,B+,2023
서연,B+,B+,A,B+,2024
서연이화,B+,B,B+,B+,2020
서연이화,A,B+,A,A,2021
서연이화,B+,B,A,B+,2022
서연이화,A,B+,A,A,2023
서연이화,B+,B+,A,B,2024
서울도시가스,B,C,B+,B,2020
서울도시가스,B+,C,B+,A,2021
서울도시가스,C,D,B,C,2022
서울도시가스,B+,C,B+,A,2023
서울도시가스,C,C,B,C,2024
서울식품공업,B,B,B,B,2020
서울식품공업,B+,B,B,B+,2021
서울식품공업,D,D,D,D,2022
서울식품공업,B+,B,B,B+,2023
서울식품공업,D,C,D,D,2024
서원,B,B,C,B,2020
서원,B,B,C,B+,2021
서원,C,C,D,C,2022
서원,B,B,C,B+,2023
서원,C,C,D,C,2024
서흥,C,C,C,B,2020
서흥,B,C,B,B+,2021
서흥,B,C,B,B+,2022
서흥,B,C,B,B+,2023
서흥,B+,B+,A,B,2024
선도전기,B,B,C,B,2020
선도전기,C,C,C,B,2021
선도전기,D,D,D,D,2022
선도전기,C,C,C,B,2023
선도전기,D,C,C,D,2024
선진,B,D,B,B+,2020
선진,C,C,B+,C,2022
선진,B+,C,B,A,2024
성문전자,C,C,B,C,2020
성문전자,D,D,C,D,2022
성문전자,C,C,D,C,2024
성보화학,C,D,B,B,2020
성보화학,D,D,C,C,2022
성보화학,D,D,C,C,2024
성신양회,C,B+,B,C,2020
성신양회,C,C,B,C,2022
성신양회,B,B,A,C,2024
성안머티리얼스,C,C,C,B,2020
성안머티리얼스,C,D,D,B,2022
성안머티리얼스,D,D,D,D,2024
성창기업지주,C,D,C,C,2020
성창기업지주,D,D,D,D,2022
성창기업지주,D,D,D,C,2024
세기상사,C,D,C,C,2020
세기상사,D,D,D,D,2022
세기상사,C,D,D,B,2024
세방,B+,B,B+,B+,2020
세방,C,C,C,B,2022
세방,B+,B+,B+,B,2024
세방전지,B,B+,B,B,2020
세방전지,C,B,C,C,2022
세방전지,C,C,C,C,2024
세아베스틸지주,B,B,B,B+,2020
세아베스틸지주,C,C,B,B,2022
세아베스틸지주,A,A,A,A,2024
세아제강,B,B,B+,B,2020
세아제강,B+,B+,B+,B+,2021
세아제강,B+,B,B+,B+,2022
세아제강,B+,B+,B+,B+,2023
세아제강,A,B+,A,A,2024
세아제강지주,B,C,B,B,2020
세아제강지주,B+,B+,B+,B+,2021
세아제강지주,B,B,B+,B,2022
세아제강지주,B+,B+,B+,B+,2023
세아제강지주,B+,B+,A,B+,2024
세아특수강,B,B,C,B,2020
세아특수강,B+,B+,B+,B+,2021
세아특수강,B+,C,B+,A,2022
세아특수강,B+,B+,B+,B+,2023
세아특수강,A,B+,A,A,2024
세아홀딩스,B,C,B,B+,2020
세아홀딩스,B+,B+,B+,B+,2021
세아홀딩스,C,C,B+,C,2022
세아홀딩스,B+,B+,B+,B+,2023
세아홀딩스,B+,A,A+,B,2024
세우글로벌,C,B,C,C,2020
세우글로벌,D,D,C,D,2021
세우글로벌,D,D,D,D,2022
세우글로벌,D,D,C,D,2023
세우글로벌,D,D,D,D,2024
세원이앤씨,B,B,B,B,2020
세원이앤씨,C,D,C,B,2021
세원이앤씨,D,D,C,D,2022
세원이앤씨,C,D,C,B,2023
세원이앤씨,D,D,D,D,2024
세원정공,C,C,B+,D,2020
세원정공,C,C,B,C,2021
세원정공,D,D,C,D,2022
세원정공,C,C,B,C,2023
세원정공,C,C,C,C,2024
세이브존I&C,C,D,B,C,2020
세이브존I&C,C,D,C,B,2021
세이브존I&C,C,D,C,C,2022
세이브존I&C,C,D,C,B,2023
세이브존I&C,C,D,C,C,2024
세진중공업,B,D,B+,B+,2020
세진중공업,C,C,C,B+,2021
세진중공업,D,D,D,C,2022
세진중공업,C,C,C,B+,2023
세진중공업,C,C,D,C,2024
셀트리온,B+,B,B,B+,2020
셀트리온,B,C,B+,B+,2021
셀트리온,B,C,B+,B,2022
셀트리온,B,C,B+,B+,2023
셀트리온,B,B+,A+,C,2024
솔루스첨단소재,B,D,B,B+,2021
솔루스첨단소재,C,D,C,B,2022
솔루스첨단소재,B,D,B,B+,2023
솔루스첨단소재,B,C,B+,B,2024
솔루엠,-,-,-,-,2022
솔루엠,C,D,D,B,2024
송원산업,B,B+,B+,C,2020
송원산업,C,B,B,C,2021
송원산업,D,C,C,D,2022
송원산업,C,B,B,C,2023
송원산업,C,B+,B+,D,2024
수산중공업,B,B,B,B,2020
수산중공업,C,D,C,B+,2021
수산중공업,D,D,D,C,2022
수산중공업,C,D,C,B+,2023
수산중공업,C,C,D,B,2024
스타에스엠리츠,D,D,D,C,2024
스틱인베스트먼트,B,D,B,B+,2020
스틱인베스트먼트,C,D,C,B+,2021
스틱인베스트먼트,C,D,C,B+,2023
스틱인베스트먼트,B,C,A,B,2024
시디즈,C,D,C,B,2020
시디즈,C,C,C,C,2021
시디즈,C,D,C,C,2022
시디즈,C,C,C,C,2023
시디즈,D,C,D,D,2024
시알홀딩스,C,B,B,C,2020
시알홀딩스,B,B,B,B,2021
시알홀딩스,D,C,C,D,2022
시알홀딩스,B,B,B,B,2023
시알홀딩스,D,C,D,D,2024
신대양제지,C,C,C,C,2020
신대양제지,C,C,C,B,2021
신대양제지,D,D,C,D,2022
신대양제지,C,C,C,B,2023
신대양제지,D,C,D,D,2024
신도리코,B,B,B+,B,2020
신도리코,C,C,C,B+,2021
신도리코,C,C,D,B+,2022
신도리코,C,C,C,B+,2023
신도리코,C,C,D,C,2024
신라교역,C,D,C,B,2020
신라교역,C,D,D,B+,2021
신라교역,D,D,D,C,2022
신라교역,C,D,D,B+,2023
신라교역,D,D,D,C,2024
신성이엔지,C,C,C,B,2020
신성이엔지,B,B,C,B+,2021
신성이엔지,D,D,C,C,2022
신성이엔지,B,B,C,B+,2023
신성이엔지,D,C,D,D,2024
신성통상,C,C,D,C,2020
신성통상,C,C,C,B,2021
신성통상,D,D,D,D,2022
신성통상,C,C,C,B,2023
신성통상,D,D,D,D,2024
신세계,A,B+,A,A,2020
신세계,A,A,A+,A,2021
신세계,A,A,A+,B+,2022
신세계,A,A,A+,A,2023
신세계,A,A,A+,A,2024
신세계I&C,B+,B,B+,B+,2020
신세계I&C,B+,B,B+,A,2021
신세계I&C,B+,B+,A,B+,2022
신세계I&C,B+,B,B+,A,2023
신세계I&C,A,A,A+,A,2024
신세계건설,B,C,B,B+,2020
신세계건설,B+,C,A,A,2021
신세계건설,B+,B,A,B+,2022
신세계건설,B+,C,A,A,2023
신세계건설,B+,B+,A,B+,2024
신세계인터내셔날,A,B,A,A,2020
신세계인터내셔날,A,B+,A,A,2021
신세계인터내셔날,B+,C,B+,B+,2022
신세계인터내셔날,A,B+,A,A,2023
신세계인터내셔날,A,A,A,A,2024
신세계푸드,B+,B,B+,B+,2020
신세계푸드,A,B+,A,A,2021
신세계푸드,B,C,B+,B+,2022
신세계푸드,A,B+,A,A,2023
신세계푸드,A,B+,A,A,2024
신송홀딩스,B,D,B,B+,2020
신송홀딩스,C,D,C,B,2021
신송홀딩스,D,D,D,C,2022
신송홀딩스,C,D,C,B,2023
신송홀딩스,C,D,D,B,2024
신영와코루,C,D,B,C,2020
신영와코루,C,D,B,B,2021
신영와코루,D,D,D,D,2022
신영와코루,C,D,B,B,2023
신영와코루,D,D,D,D,2024
신영증권,B,D,B,B+,2020
신영증권,B,D,C,B+,2021
신영증권,B+,C,B+,B+,2022
신영증권,B,D,C,B+,2023
신영증권,B+,B,A,B+,2024
신원,D,D,C,C,2020
신원,C,D,B,B,2021
신원,D,D,C,C,2022
신원,C,D,B,B,2023
신원,C,C,B,D,2024
신일전자,C,D,C,B,2020
신일전자,C,D,D,B+,2021
신일전자,D,D,D,D,2022
신일전자,C,D,D,B+,2023
신일전자,D,D,D,D,2024
신풍,B,B+,C,B,2020
신풍,B+,B,B,B+,2021
신풍,D,D,D,C,2022
신풍,B+,B,B,B+,2023
신풍,D,D,D,C,2024
신풍제약,B,D,B,B+,2020
신풍제약,B,D,B,B+,2021
신풍제약,D,D,C,D,2022
신풍제약,B,D,B,B+,2023
신풍제약,D,D,D,D,2024
신한지주,A+,A+,A,A+,2020
신한지주,A+,A+,A+,A+,2021
신한지주,A+,A+,A+,A+,2022
신한지주,A+,A+,A+,A+,2023
신한지주,A+,A+,A+,A+,2024
신흥,B,D,B,B,2020
신흥,B,D,B,B,2021
신흥,D,D,C,D,2022
신흥,B,D,B,B,2023
신흥,C,D,C,C,2024
쌍방울,C,D,B,C,2020
쌍방울,C,D,B,C,2021
쌍방울,D,D,C,D,2022
쌍방울,C,D,B,C,2023
쌍방울,D,D,D,D,2024
쌍용씨앤이,B+,B,B+,B+,2020
쌍용씨앤이,A,A,A,B+,2021
쌍용씨앤이,B+,B+,B,B+,2022
쌍용씨앤이,A,A,A,B+,2023
쌍용씨앤이,B+,B+,B,A,2024
써니전자,C,C,B,B,2020
써니전자,C,D,B,B,2021
써니전자,D,D,D,C,2022
써니전자,C,D,B,B,2023
써니전자,D,C,C,D,2024
씨아이테크,C,D,C,C,2020
씨아이테크,C,D,C,C,2021
씨아이테크,D,D,D,D,2022
씨아이테크,C,D,C,C,2023
씨아이테크,D,D,D,D,2024
씨에스윈드,B,B,C,B,2020
씨에스윈드,B,B,C,B+,2021
씨에스윈드,C,C,B,C,2022
씨에스윈드,B,B,C,B+,2023
씨에스윈드,A,B+,B+,A,2024
씨티알모빌리티,B,D,B,B+,2021
씨티알모빌리티,B,D,B,B+,2022
씨티알모빌리티,B,D,B,B+,2023
씨티알모빌리티,C,D,C,B,2024
아남전자,C,C,C,C,2020
아남전자,C,C,C,B,2021
아남전자,D,D,C,D,2022
아남전자,C,C,C,B,2023
아남전자,D,D,C,C,2024
아모레퍼시픽,A,A,A+,A,2020
아모레퍼시픽,A,A,A+,A,2021
아모레퍼시픽,A,A,A+,A,2022
아모레퍼시픽,A,A,A+,A,2023
아모레퍼시픽,A,A,A+,A,2024
아모레퍼시픽그룹,A,A,A+,A,2020
아모레퍼시픽그룹,A,A,A+,A,2021
아모레퍼시픽그룹,A,A,A+,B+,2022
아모레퍼시픽그룹,A,A,A+,A,2023
아모레퍼시픽그룹,A,A,A+,A,2024
아세아,C,C,B,C,2020
아세아,B+,B,B+,B+,2021
아세아,B+,B,B+,B+,2022
아세아,B+,B,B+,B+,2023
아세아,A,B+,B+,A,2024
아세아시멘트,B+,B+,B+,B,2020
아세아시멘트,B+,B+,B+,B,2021
아세아시멘트,C,B,B+,C,2022
아세아시멘트,B+,B+,B+,B,2023
아세아시멘트,B+,B+,A,B,2024
아세아제지,B,C,B,B,2020
아세아제지,B,C,B+,B,2021
아세아제지,C,C,B+,D,2022
아세아제지,B,C,B+,B,2023
아세아제지,C,B,B+,D,2024
아센디오,C,D,D,B,2021
아센디오,D,D,D,D,2022
아센디오,C,D,D,B,2023
아센디오,D,D,D,D,2024
아시아나IDT,C,D,B,C,2020
아시아나IDT,D,B,C,D,2021
아시아나IDT,C,D,C,C,2022
아시아나IDT,D,B,C,D,2023
아시아나IDT,D,C,C,D,2024
아시아나항공,C,B+,B+,D,2020
아시아나항공,C,B+,A,D,2021
아시아나항공,B,B+,A,C,2022
아시아나항공,C,B+,A,D,2023
아시아나항공,B+,A,A,B,2024
아이마켓코리아,B,D,B,B+,2020
아이마켓코리아,B,D,B+,B+,2021
아이마켓코리아,C,D,B+,C,2022
아이마켓코리아,B,D,B+,B+,2023
아이마켓코리아,C,C,B+,C,2024
아이에스동서,B,B,B,B+,2020
아이에스동서,B+,B,B+,B+,2021
아이에스동서,B+,B,A,B+,2022
아이에스동서,B+,B,B+,B+,2023
아이에스동서,B+,B+,A,B+,2024
아이에이치큐,B,D,B,B+,2020
아이에이치큐,C,D,C,B,2021
아이에이치큐,D,D,D,D,2022
아이에이치큐,C,D,C,B,2023
아이에이치큐,D,D,C,D,2024
아주스틸,C,C,C,C,2024
알루코,B,B,B,B,2020
알루코,C,C,D,B,2021
알루코,D,D,C,D,2022
알루코,C,C,D,B,2023
알루코,D,C,C,D,2024
애경산업,B,C,B+,B,2020
애경산업,A,B+,A+,B+,2021
애경산업,A,B+,A+,B+,2022
애경산업,A,B+,A+,B+,2023
애경산업,A,A,A+,A,2024
애경케미칼,B,B+,C,B,2020
애경케미칼,B,B,C,B,2021
애경케미칼,B+,B+,A,B+,2022
애경케미칼,B,B,C,B,2023
애경케미칼,A,A,A,B+,2024
에넥스,B,B,B+,B,2020
에넥스,B,C,B,B,2021
에넥스,C,D,C,C,2022
에넥스,B,C,B,B,2023
에넥스,C,C,C,C,2024
에스디바이오센서,-,-,-,-,2021
에스디바이오센서,-,-,-,-,2022
에스디바이오센서,-,-,-,-,2023
에스디바이오센서,D,C,C,D,2024
에스엘,C,B,B+,D,2020
에스엘,B+,B+,B+,B+,2021
에스엘,B+,B,B+,B+,2022
에스엘,B+,B+,B+,B+,2023
에스엘,B+,B+,A,B+,2024
에스엠벡셀,C,C,C,C,2020
에스엠벡셀,D,D,D,D,2022
에스엠벡셀,D,D,C,C,2024
에스원,B+,B,A,B+,2020
에스원,A,B,A,A,2021
에스원,B+,B+,A,B,2022
에스원,A,B,A,A,2023
에스원,B+,B+,A,B+,2024
에스제이엠,C,C,B,C,2020
에스제이엠,B,C,B,B+,2021
에스제이엠,D,D,C,C,2022
에스제이엠,B,C,B,B+,2023
에스제이엠,C,C,C,C,2024
에스제이엠홀딩스,B,C,B,B,2020
에스제이엠홀딩스,B,C,B,B,2021
에스제이엠홀딩스,C,D,C,C,2022
에스제이엠홀딩스,B,C,B,B,2023
에스제이엠홀딩스,C,C,C,C,2024
에스케이바이오팜,-,-,-,-,2020
에스케이바이오팜,-,-,-,-,2021
에스케이바이오팜,A,B+,A,A,2022
에스케이바이오팜,-,-,-,-,2023
에스케이바이오팜,A,B+,A+,A,2024
에쓰씨엔지니어링,C,C,B,B,2020
에쓰씨엔지니어링,C,C,C,B,2021
에쓰씨엔지니어링,D,D,D,D,2022
에쓰씨엔지니어링,C,C,C,B,2023
에쓰씨엔지니어링,D,C,D,D,2024
에어부산,C,C,B+,C,2020
에어부산,C,C,B,D,2021
에어부산,D,C,C,D,2022
에어부산,C,C,B,D,2023
에어부산,C,C,B,D,2024
에이리츠,C,D,D,B,2024
에이블씨엔씨,C,D,B,C,2020
에이블씨엔씨,B+,C,B+,B+,2021
에이블씨엔씨,B,D,B,B,2022
에이블씨엔씨,B+,C,B+,B+,2023
에이블씨엔씨,C,C,B,C,2024
에이엔피,C,B,C,C,2020
에이엔피,C,C,C,B,2021
에이엔피,D,D,D,D,2022
에이엔피,C,C,C,B,2023
에이엔피,D,C,D,D,2024
에이프로젠,C,C,D,C,2020
에이프로젠,C,D,C,C,2021
에이프로젠,D,D,D,D,2022
에이프로젠,C,D,C,C,2023
에이프로젠,D,D,D,D,2024
에이프로젠바이오로직스,C,D,C,C,2020
에이프로젠바이오로직스,C,D,C,C,2021
에이프로젠바이오로직스,D,D,D,D,2022
에이프로젠바이오로직스,C,D,C,C,2023
에이프로젠바이오로직스,D,D,D,D,2024
에이플러스에셋,D,D,D,C,2022
에이플러스에셋,C,D,C,C,2024
에코바이브,C,D,C,C,2020
에코바이브,D,D,C,D,2021
에코바이브,D,D,D,D,2022
에코바이브,D,D,C,D,2023
에코바이브,D,D,D,D,2024
에코프로머티,-,-,-,-,2024
엔씨소프트,B+,D,B+,A,2020
엔씨소프트,A,B+,A,A,2021
엔씨소프트,A,B+,A,A,2022
엔씨소프트,A,B+,A,A,2023
엔씨소프트,A,B+,A,A,2024
엔에이치엔,B,D,B+,B+,2020
엔에이치엔,B+,C,A,A,2021
엔에이치엔,A,B+,A,A,2022
엔에이치엔,B+,C,A,A,2023
엔에이치엔,A,B+,A+,A,2024
엔케이,C,B,C,C,2020
엔케이,C,B,C,C,2021
엔케이,D,D,D,D,2022
엔케이,C,B,C,C,2023
엔케이,C,D,C,C,2024
엔피씨,C,C,C,C,2020
엔피씨,C,C,D,C,2021
엔피씨,D,D,C,D,2022
엔피씨,C,C,D,C,2023
엔피씨,D,C,C,D,2024
엘브이엠씨,D,D,D,C,2022
엘앤에프,B,B,B+,B,2020
엘앤에프,B+,B,B+,B+,2021
엘앤에프,-,-,-,-,2022
엘앤에프,B+,B,B+,B+,2023
엘앤에프,-,-,-,-,2024
엘에스일렉트릭,A,B+,A+,B+,2020
엘에스일렉트릭,A,B+,A+,B+,2021
엘에스일렉트릭,A,B+,A,A,2022
엘에스일렉트릭,A,B+,A+,B+,2023
엘에스일렉트릭,A,A,A+,A,2024
엠씨넥스,C,C,B,B,2021
엠씨넥스,-,-,-,-,2022
엠씨넥스,C,C,B,B,2023
엠씨넥스,C,C,C,B,2024
영보화학,B,B,B,B,2020
영보화학,B,B,C,B,2021
영보화학,D,C,C,D,2022
영보화학,B,B,C,B,2023
영보화학,D,C,C,D,2024
영원무역,B,D,B,B+,2020
영원무역,B+,B+,B+,B+,2021
영원무역,B+,C,B+,B+,2022
영원무역,B+,B+,B+,B+,2023
영원무역,B+,B+,B+,B+,2024
영원무역홀딩스,B,D,B,B,2020
영원무역홀딩스,A,B+,B+,A,2021
영원무역홀딩스,C,C,B+,C,2022
영원무역홀딩스,A,B+,B+,A,2023
영원무역홀딩스,B+,B+,B+,B+,2024
영진약품,B,D,B+,B+,2020
영진약품,B+,B+,A,B+,2021
영진약품,B+,B+,B+,B,2022
영진약품,B+,B+,A,B+,2023
영진약품,B+,B+,A,B+,2024
영풍,C,D,B,D,2020
영풍,C,D,C,B+,2021
영풍,B,C,B+,B,2022
영풍,C,D,C,B+,2023
영풍,B+,B+,B+,B,2024
영풍제지,B,B,C,B,2020
영풍제지,B,B,C,B,2021
영풍제지,D,C,D,D,2022
영풍제지,B,B,C,B,2023
영풍제지,D,C,D,D,2024
영화금속,B,B,C,B,2020
영화금속,C,C,C,B+,2021
영화금속,D,D,D,C,2022
영화금속,C,C,C,B+,2023
영화금속,C,C,D,C,2024
영흥,B,C,B,B+,2020
영흥,B,C,B,B+,2021
영흥,C,D,D,B,2022
영흥,B,C,B,B+,2023
영흥,C,C,C,C,2024
예스코홀딩스,B,D,B+,B+,2020
예스코홀딩스,B+,B,B+,B+,2021
예스코홀딩스,B,C,B,B,2022
예스코홀딩스,B+,B,B+,B+,2023
예스코홀딩스,B,C,B,B+,2024
오뚜기,B+,B+,A,B,2020
오뚜기,A,B+,A+,B+,2021
오뚜기,C,C,B+,C,2022
오뚜기,A,B+,A+,B+,2023
오뚜기,B+,B+,A,B+,2024
오리엔트바이오,C,B,B,C,2020
오리엔트바이오,C,D,C,C,2021
오리엔트바이오,D,D,D,D,2022
오리엔트바이오,C,D,C,C,2023
오리엔트바이오,D,D,D,D,2024
오리온,B+,B,B+,A,2020
오리온,A,A,A,B+,2021
오리온,A,B+,A,A,2022
오리온,A,A,A,B+,2023
오리온,A,A,A,B+,2024
오리온홀딩스,B+,C,B+,A,2020
오리온홀딩스,A,A,A,A,2021
오리온홀딩스,A,B+,A,A,2022
오리온홀딩스,A,A,A,A,2023
오리온홀딩스,A,A,A,A,2024
와이투솔루션,D,C,C,D,2020
와이투솔루션,D,D,D,C,2022
와이투솔루션,C,C,C,C,2024
우리금융지주,B+,B+,B+,B+,2020
우리금융지주,A,A+,A+,A,2021
우리금융지주,A,A,A+,B+,2022
우리금융지주,A,A+,A+,A,2023
우리금융지주,A,A+,A+,A,2024
우리종금,B,D,B,B,2020
우리종금,B,D,B+,B,2021
우리종금,B,C,B,B+,2022
우리종금,B,D,B+,B,2023
우리종금,B+,B+,A,B+,2024
우성,C,D,C,C,2020
우성,C,D,C,B+,2021
우성,C,D,C,B,2022
우성,C,D,C,B+,2023
우성,C,D,C,C,2024
우신시스템,B+,B,B,B+,2020
우신시스템,B,C,C,B+,2021
우신시스템,D,D,D,C,2022
우신시스템,B,C,C,B+,2023
우신시스템,C,D,D,B,2024
우진,B+,B,B,B+,2020
우진,B,C,C,B+,2021
우진,C,D,C,B,2022
우진,B,C,C,B+,2023
우진,C,D,C,C,2024
우진아이엔에스,C,C,C,B+,2020
우진아이엔에스,C,C,C,B+,2021
우진아이엔에스,C,D,D,B,2022
우진아이엔에스,C,C,C,B+,2023
우진아이엔에스,C,C,D,B,2024
우진플라임,B,B,B,B,2020
우진플라임,B,B,C,B,2021
우진플라임,D,D,D,D,2022
우진플라임,B,B,C,B,2023
우진플라임,C,C,D,C,2024
웅진,B,D,B,B+,2020
웅진,B,D,B+,B+,2021
웅진,C,C,B+,C,2022
웅진,B,D,B+,B+,2023
웅진,B+,B,A,B,2024
웅진씽크빅,B,D,B,B,2020
웅진씽크빅,B+,B,A,B+,2021
웅진씽크빅,B+,C,B+,B+,2022
웅진씽크빅,B+,B,A,B+,2023
웅진씽크빅,B+,B+,A+,B,2024
원림,C,D,B,C,2020
원림,C,D,B,B,2021
원림,D,D,D,C,2022
원림,C,D,B,B,2023
원림,C,C,D,C,2024
웰바이오텍,B,D,B,B,2020
웰바이오텍,B,D,B,B,2021
웰바이오텍,D,D,D,D,2022
웰바이오텍,B,D,B,B,2023
웰바이오텍,D,D,D,D,2024
윌비스,C,D,C,C,2020
윌비스,C,D,D,B+,2021
윌비스,D,D,D,C,2022
윌비스,C,D,D,B+,2023
윌비스,D,D,C,D,2024
유나이티드,B,B,B+,B,2020
유나이티드,B,C,B,B+,2021
유나이티드,B,C,C,B+,2022
유나이티드,B,C,B,B+,2023
유나이티드,B,C,B,B+,2024
유니드,B,B,B,B,2020
유니드,B+,B,B+,B+,2021
유니드,B,C,B+,B,2022
유니드,B+,B,B+,B+,2023
유니드,B+,B+,B+,B,2024
유니온,C,C,B,C,2020
유니온,B,B,B,B,2021
유니온,C,C,C,B,2022
유니온,B,B,B,B,2023
유니온,C,C,C,B,2024
유니온머티리얼,B,B,B,B,2020
유니온머티리얼,B,B,C,B,2021
유니온머티리얼,D,D,D,C,2022
유니온머티리얼,B,B,C,B,2023
유니온머티리얼,C,C,D,C,2024
유니켐,B,B,C,B,2020
유니켐,B,C,C,B+,2021
유니켐,D,D,D,D,2022
유니켐,B,C,C,B+,2023
유니켐,D,C,C,D,2024
유니퀘스트,B,D,C,B+,2020
유니퀘스트,B,B,C,B+,2021
유니퀘스트,D,D,D,D,2022
유니퀘스트,B,B,C,B+,2023
유니퀘스트,C,D,D,B,2024
유성기업,C,B,C,C,2020
유성기업,C,B,D,C,2021
유성기업,C,C,C,C,2022
유성기업,C,B,D,C,2023
유성기업,C,C,C,C,2024
유수홀딩스,B,C,B,B+,2020
유수홀딩스,B+,D,B,A,2021
유수홀딩스,B+,B,B+,B+,2022
유수홀딩스,B+,D,B,A,2023
유수홀딩스,B+,B+,A,B+,2024
유안타증권,B,D,B+,B,2020
유안타증권,C,D,C,B,2021
유안타증권,C,D,C,B,2022
유안타증권,C,D,C,B,2023
유안타증권,C,C,D,B,2024
유엔젤,C,B,C,C,2020
유엔젤,C,D,C,B,2021
유엔젤,D,D,D,D,2022
유엔젤,C,D,C,B,2023
유엔젤,D,D,D,D,2024
유유제약,B,B,C,B,2020
유유제약,B,D,B,B+,2021
유유제약,C,D,B,D,2022
유유제약,B,D,B,B+,2023
유유제약,D,D,C,D,2024
유진증권,B,C,B+,B,2020
유진증권,C,C,C,B,2021
유진증권,B,C,B+,B,2022
유진증권,C,C,C,B,2023
유진증권,B,C,B,B,2024
유한양행,B+,B+,B+,B+,2020
유한양행,B+,B+,A,B+,2021
유한양행,B+,B,A,B+,2022
유한양행,B+,B+,A,B+,2023
유한양행,A,B+,A+,A,2024
유화증권,C,D,C,B,2020
유화증권,C,D,C,C,2021
유화증권,D,D,D,C,2022
유화증권,C,D,C,C,2023
유화증권,C,D,C,C,2024
율촌화학,B,C,B+,B+,2020
율촌화학,B,B,B,B+,2021
율촌화학,C,C,C,C,2022
율촌화학,B,B,B,B+,2023
율촌화학,D,C,C,D,2024
이건산업,B,C,B,B,2020
이건산업,C,D,C,B+,2021
이건산업,D,D,C,D,2022
이건산업,C,D,C,B+,2023
이건산업,D,D,C,D,2024
이구산업,B,B,C,B,2020
이구산업,B,B,C,B+,2021
이구산업,C,C,C,C,2022
이구산업,B,B,C,B+,2023
이구산업,C,C,D,C,2024
이노션,B+,D,A,A,2020
이노션,A,B+,A,A,2021
이노션,B+,B,A,B+,2022
이노션,A,B+,A,A,2023
이노션,B+,A,A,B+,2024
이마트,A,A,A+,A,2020
이마트,A,A,A,A,2021
이마트,A,A+,A,B+,2022
이마트,A,A,A,A,2023
이마트,A,A,B+,A,2024
이수스페셜티케미컬,-,-,-,-,2024
이수페타시스,B,B+,B+,C,2020
이수페타시스,B,B,A,C,2021
이수페타시스,C,B,B+,D,2022
이수페타시스,B,B,A,C,2023
이수페타시스,C,B,B+,C,2024
이수화학,C,B,B,C,2020
이수화학,B,B,B+,B,2021
이수화학,C,B,B+,D,2022
이수화학,B,B,B+,B,2023
이수화학,C,B,B,D,2024
이스타코,C,D,C,B,2020
이스타코,C,D,C,B,2021
이스타코,D,D,D,C,2022
이스타코,C,D,C,B,2023
이스타코,D,D,D,C,2024
이아이디,D,D,C,C,2020
이아이디,D,D,C,C,2021
이아이디,D,D,D,D,2022
이아이디,D,D,C,C,2023
이아이디,D,D,D,D,2024
이엔플러스,B,B,C,B,2020
이엔플러스,C,D,B,B,2021
이엔플러스,D,D,C,D,2022
이엔플러스,C,D,B,B,2023
이엔플러스,D,C,D,D,2024
이연제약,C,D,B,B,2020
이연제약,B,D,B,B+,2021
이연제약,C,D,D,B+,2022
이연제약,B,D,B,B+,2023
이연제약,C,D,D,B+,2024
이월드,C,D,C,B,2020
이월드,C,D,C,B,2021
이월드,D,D,C,D,2022
이월드,C,D,C,B,2023
이월드,D,D,D,D,2024
이화산업,C,C,C,C,2020
이화산업,C,D,C,B,2021
이화산업,D,D,D,D,2022
이화산업,C,D,C,B,2023
이화산업,C,C,D,C,2024
인디에프,C,D,B,B,2020
인디에프,C,D,B,B,2021
인디에프,D,D,D,C,2022
인디에프,C,D,B,B,2023
인디에프,D,D,D,C,2024
인바이오젠,C,D,B,C,2020
인바이오젠,C,D,C,C,2021
인바이오젠,D,D,D,D,2022
인바이오젠,C,D,C,C,2023
인바이오젠,D,D,D,D,2024
인스코비,C,B,C,C,2020
인스코비,C,D,C,B,2021
인스코비,D,D,D,D,2022
인스코비,C,D,C,B,2023
인스코비,D,D,D,D,2024
인지컨트롤스,C,C,B,C,2020
인지컨트롤스,C,D,C,B,2021
인지컨트롤스,D,D,C,D,2022
인지컨트롤스,C,D,C,B,2023
인지컨트롤스,C,C,C,C,2024
인천도시가스,B,C,B,B+,2020
인천도시가스,C,D,C,B,2021
인천도시가스,C,D,B,B,2022
인천도시가스,C,D,C,B,2023
인천도시가스,B,D,B,B+,2024
인터지스,B+,B,B,B+,2020
인터지스,B,B,C,B+,2021
인터지스,C,C,B,C,2022
인터지스,B,B,C,B+,2023
인터지스,C,C,C,C,2024
인팩,C,C,C,B,2020
인팩,C,D,C,B+,2021
인팩,C,D,C,B,2022
인팩,C,D,C,B+,2023
인팩,C,C,C,B,2024
일동제약,A,B+,A+,B+,2020
일동제약,A,B+,A,A,2021
일동제약,B,C,A+,B,2022
일동제약,A,B+,A,A,2023
일동제약,B+,B+,A+,B,2024
일동홀딩스,B+,B,A,B+,2020
일동홀딩스,A,B+,A,A,2021
일동홀딩스,B+,C,A+,B+,2022
일동홀딩스,A,B+,A,A,2023
일동홀딩스,A,B+,A+,B+,2024
일성건설,B,B,B,B,2020
일성건설,B,B,C,B+,2021
일성건설,D,D,D,C,2022
일성건설,B,B,C,B+,2023
일성건설,D,C,D,D,2024
일성아이에스,C,D,B,B,2020
일성아이에스,C,D,C,B+,2021
일성아이에스,D,D,D,D,2022
일성아이에스,C,D,C,B+,2023
일성아이에스,C,D,C,B,2024
일신방직,B,B,B,B,2020
일신방직,B+,B,B,A,2021
일신방직,D,C,C,D,2022
일신방직,B+,B,B,A,2023
일신방직,D,C,C,D,2024
일신석재,C,D,C,B,2020
일신석재,C,D,C,B,2021
일신석재,D,D,D,C,2022
일신석재,C,D,C,B,2023
일신석재,D,D,D,C,2024
일양약품,B,D,B,B+,2020
일양약품,C,D,C,B+,2021
일양약품,C,D,C,B+,2022
일양약품,C,D,C,B+,2023
일양약품,C,D,C,B+,2024
일정실업,C,C,C,C,2020
일정실업,C,C,C,C,2021
일정실업,D,D,D,C,2022
일정실업,C,C,C,C,2023
일정실업,D,D,D,C,2024
일진다이아,C,C,B,B,2020
일진다이아,C,D,C,B,2021
일진다이아,D,D,D,C,2022
일진다이아,C,D,C,B,2023
일진다이아,D,D,D,C,2024
일진디스플,B,B,B,B,2020
일진디스플,B,B,B,B,2021
일진디스플,D,D,D,C,2022
일진디스플,B,B,B,B,2023
일진디스플,C,C,D,C,2024
일진전기,C,C,B,C,2020
일진전기,C,C,C,B,2021
일진전기,D,D,C,D,2022
일진전기,C,C,C,B,2023
일진전기,D,C,C,D,2024
일진하이솔루스,-,-,-,-,2022
일진하이솔루스,C,C,B,C,2024
일진홀딩스,B,C,B,B,2020
일진홀딩스,C,C,C,B,2021
일진홀딩스,C,D,C,B,2022
일진홀딩스,C,C,C,B,2023
일진홀딩스,B,D,C,B+,2024
잇츠한불,B,C,B,B,2020
잇츠한불,B+,B+,B,B+,2021
잇츠한불,C,D,C,B,2022
잇츠한불,B+,B+,B,B+,2023
잇츠한불,C,C,C,B,2024
자이에스앤디,B,C,B,B+,2021
자이에스앤디,B,C,B+,B+,2022
자이에스앤디,B,C,B,B+,2023
자이에스앤디,C,C,B,B,2024
자화전자,B,B,B+,B,2020
자화전자,C,C,C,B+,2021
자화전자,D,D,C,C,2022
자화전자,C,C,C,B+,2023
자화전자,D,C,C,D,2024
전방,C,C,B+,C,2020
전방,C,C,B,B,2021
전방,D,C,C,D,2022
전방,C,C,B,B,2023
전방,D,C,C,D,2024
제이에스코퍼레이션,C,D,C,B+,2020
제이에스코퍼레이션,C,D,C,B+,2021
제이에스코퍼레이션,C,D,D,B,2022
제이에스코퍼레이션,C,D,C,B+,2023
제이에스코퍼레이션,D,D,D,C,2024
제이준코스메틱,C,D,C,B,2020
제이준코스메틱,C,D,C,B,2021
제이준코스메틱,D,D,D,C,2022
제이준코스메틱,C,D,C,B,2023
제이준코스메틱,D,D,D,D,2024
제일기획,B+,D,A,B+,2020
제일기획,B+,C,A,B+,2021
제일기획,A,B+,A,A,2022
제일기획,B+,C,A,B+,2023
제일기획,A,A,A+,A,2024
제일약품,C,D,B,B,2020
제일약품,C,D,B,B,2021
제일약품,D,D,D,D,2022
제일약품,C,D,B,B,2023
제일약품,C,C,B+,D,2024
제일연마,C,C,C,B,2020
제일연마,C,C,C,B+,2021
제일연마,C,D,D,B+,2022
제일연마,C,C,C,B+,2023
제일연마,C,C,D,B,2024
제일파마홀딩스,B,D,B,B,2020
제일파마홀딩스,B,D,B,B,2021
제일파마홀딩스,D,D,D,D,2022
제일파마홀딩스,B,D,B,B,2023
제일파마홀딩스,C,C,B+,D,2024
제주은행,B+,C,A,A,2020
제주은행,A,B,A+,A,2021
제주은행,B+,A,A,B+,2022
제주은행,A,B,A+,A,2023
제주은행,B+,B+,A,B+,2024
제주항공,B,C,B+,B+,2020
제주항공,B+,B,B+,B+,2021
제주항공,B,C,B+,B+,2022
제주항공,B+,B,B+,B+,2023
제주항공,A,A,A+,B+,2024
조광페인트,C,C,B,B,2020
조광페인트,B,B,B+,B,2021
조광페인트,C,C,C,C,2022
조광페인트,B,B,B+,B,2023
조광페인트,C,C,B,C,2024
조광피혁,C,D,C,B,2020
조광피혁,C,D,C,B,2021
조광피혁,C,D,D,B,2022
조광피혁,C,D,C,B,2023
조광피혁,C,D,D,B,2024
조비,C,D,B,B,2020
조비,C,D,C,B,2021
조비,D,D,D,D,2022
조비,C,D,C,B,2023
조비,D,D,D,D,2024
조선선재,C,D,C,B+,2020
조선선재,C,D,C,B+,2021
조선선재,D,D,D,C,2022
조선선재,C,D,C,B+,2023
조선선재,D,D,D,D,2024
조일알미늄,B,B,C,B,2020
조일알미늄,B,B,C,B+,2021
조일알미늄,C,C,C,B,2022
조일알미늄,B,B,C,B+,2023
조일알미늄,C,C,C,B,2024
조흥,B,B,C,B,2020
조흥,C,D,C,B,2021
조흥,C,C,C,C,2022
조흥,C,D,C,B,2023
조흥,C,C,B,C,2024
종근당,B,C,B+,B+,2020
종근당,A,A,A+,B+,2021
종근당,B+,B+,A,B,2022
종근당,A,A,A+,B+,2023
종근당,B+,A,A,B,2024
종근당바이오,C,B,C,C,2020
종근당바이오,B+,B+,A,B+,2021
종근당바이오,B+,B,A,B,2022
종근당바이오,B+,B+,A,B+,2023
종근당바이오,B+,A,A,B,2024
종근당홀딩스,C,C,B+,C,2020
종근당홀딩스,B+,B+,A,B+,2021
종근당홀딩스,B+,B+,A,B,2022
종근당홀딩스,B+,B+,A,B+,2023
종근당홀딩스,B+,A,A,B+,2024
주성코퍼레이션,D,C,C,D,2020
주성코퍼레이션,B,B,C,B,2021
주성코퍼레이션,D,D,D,C,2022
주성코퍼레이션,B,B,C,B,2023
주성코퍼레이션,D,C,D,D,2024
주연테크,C,C,B,C,2020
주연테크,C,C,C,C,2021
주연테크,D,D,D,D,2022
주연테크,C,C,C,C,2023
주연테크,D,D,D,D,2024
지누스,C,D,C,B+,2021
지누스,B+,B,B+,A,2022
지누스,C,D,C,B+,2023
지누스,A,A,A,A,2024
지엠비코리아,C,C,B,C,2020
지엠비코리아,C,C,C,B,2021
지엠비코리아,D,D,C,D,2022
지엠비코리아,C,C,C,B,2023
지엠비코리아,D,D,C,D,2024
지역난방공사,A,B+,A+,B+,2020
지역난방공사,A,B+,A+,A,2021
지역난방공사,A+,A,A+,A+,2022
지역난방공사,A,B+,A+,A,2023
지역난방공사,A+,A+,A+,A,2024
진도,B,D,B,B,2020
진도,D,D,D,C,2021
진도,D,D,D,C,2022
진도,D,D,D,C,2023
진도,D,D,D,D,2024
진양산업,D,D,C,C,2020
진양산업,D,D,C,C,2021
진양산업,D,D,D,D,2022
진양산업,D,D,C,C,2023
진양산업,C,D,D,B,2024
진양폴리우레탄,C,D,C,B,2020
진양폴리우레탄,C,D,C,B+,2021
진양폴리우레탄,D,D,D,C,2022
진양폴리우레탄,C,D,C,B+,2023
진양폴리우레탄,D,D,D,C,2024
진양홀딩스,C,D,C,C,2020
진양홀딩스,C,D,C,B,2021
진양홀딩스,D,D,D,D,2022
진양홀딩스,C,D,C,B,2023
진양홀딩스,C,D,D,B,2024
진양화학,D,D,C,C,2020
진양화학,C,D,C,B,2021
진양화학,D,D,D,C,2022
진양화학,C,D,C,B,2023
진양화학,C,C,D,C,2024
진에어,B+,C,B+,A,2020
진에어,B+,C,A,A,2021
진에어,B+,B,B+,A,2022
진에어,B+,C,A,A,2023
진에어,A,A,A,A,2024
진원생명과학,C,D,C,B,2020
진원생명과학,C,D,C,B+,2021
진원생명과학,D,D,D,D,2022
진원생명과학,C,D,C,B+,2023
진원생명과학,D,D,C,D,2024
진흥기업,C,C,B,B,2020
진흥기업,C,C,C,B+,2021
진흥기업,C,D,C,B,2022
진흥기업,C,C,C,B+,2023
진흥기업,C,C,C,B,2024
참엔지니어링,B,B,B,B,2020
참엔지니어링,B,D,B,B+,2021
참엔지니어링,C,D,C,B,2022
참엔지니어링,B,D,B,B+,2023
참엔지니어링,D,D,D,D,2024
천일고속,B,C,B,B+,2020
천일고속,B,C,C,B+,2021
천일고속,D,D,D,D,2022
천일고속,B,C,C,B+,2023
천일고속,D,C,D,D,2024
청호ICT,C,B,C,C,2020
청호ICT,D,D,C,D,2021
청호ICT,D,D,D,D,2022
청호ICT,D,D,C,D,2023
청호ICT,D,D,D,D,2024
체시스,C,C,B,C,2020
체시스,C,D,B,B,2021
체시스,D,D,D,C,2022
체시스,C,D,B,B,2023
체시스,D,C,D,D,2024
카카오,B+,C,A+,A,2020
카카오,A,A,A+,A,2021
카카오,A,A,A,A,2022
카카오,A,A,A+,A,2023
카카오,A,A+,A+,B+,2024
카카오뱅크,-,-,-,-,2021
카카오뱅크,-,-,-,-,2022
카카오뱅크,-,-,-,-,2023
카카오뱅크,B+,B+,A,B+,2024
카카오페이,-,-,-,-,2022
카카오페이,A,A,A+,A,2024
카프로,B+,B+,B,B+,2020
카프로,B,B,C,B+,2021
카프로,C,C,D,C,2022
카프로,B,B,C,B+,2023
카프로,C,C,C,C,2024
케이비아이동국실업,C,B,B,C,2020
케이비아이동국실업,C,C,C,C,2021
케이비아이동국실업,D,D,D,D,2022
케이비아이동국실업,C,C,C,C,2023
케이비아이동국실업,D,D,D,D,2024
케이씨,B+,B,B,B+,2020
케이씨,B,B,C,B+,2021
케이씨,C,D,B,C,2022
케이씨,B,B,C,B+,2023
케이씨,C,C,A,D,2024
케이씨씨,B,B+,A,C,2020
케이씨씨,B+,B+,A+,B,2021
케이씨씨,A,B+,A,A,2022
케이씨씨,B+,B+,A+,B,2023
케이씨씨,A,A,A,B+,2024
케이씨씨글라스,-,-,-,-,2021
케이씨씨글라스,B+,B+,A,B+,2022
케이씨씨글라스,-,-,-,-,2023
케이씨씨글라스,A,A,A+,A,2024
케이씨텍,B,B,B,B,2020
케이씨텍,B,B,B,B,2021
케이씨텍,C,D,C,B,2022
케이씨텍,B,B,B,B,2023
케이씨텍,B,C,B,B,2024
케이씨티시,B,B,B,B,2020
케이씨티시,B,B,C,B,2021
케이씨티시,D,D,C,D,2022
케이씨티시,B,B,C,B,2023
케이씨티시,D,C,C,D,2024
케이카,-,-,-,-,2022
케이카,B,C,B,B,2024
케이탑리츠,D,D,D,D,2024
케이티,A+,A,A,A+,2020
케이티,A+,A+,B+,A+,2021
케이티,A,A,B+,A,2022
케이티,A+,A+,B+,A+,2023
케이티,A,B+,A,A,2024
케이티스카이라이프,B+,C,B+,B+,2020
케이티스카이라이프,A,B,A,A,2021
케이티스카이라이프,A,B,A+,A,2022
케이티스카이라이프,A,B,A,A,2023
케이티스카이라이프,B+,B+,A,B+,2024
케이티앤지,A,B+,A+,A,2020
케이티앤지,A,A,A+,A,2021
케이티앤지,A,A,A+,A,2022
케이티앤지,A,A,A+,A,2023
케이티앤지,A+,A+,A+,A+,2024
코리아써키트,C,B+,B,C,2020
코리아써키트,B,B+,C,B+,2021
코리아써키트,D,C,D,D,2022
코리아써키트,B,B+,C,B+,2023
코리아써키트,D,C,C,D,2024
코리안리,B,D,B,B+,2020
코리안리,B+,B,B+,A,2021
코리안리,B+,C,B+,B+,2022
코리안리,B+,B,B+,A,2023
코리안리,A,A,A,A,2024
코스맥스,B+,B+,B+,B,2020
코스맥스,A,A,A,B+,2021
코스맥스,B,B+,A,C,2022
코스맥스,A,A,A,B+,2023
코스맥스,B,A,A,D,2024
코스맥스비티아이,B,B,B,B,2020
코스맥스비티아이,B+,A,A,B+,2021
코스맥스비티아이,B+,B+,A,B,2022
코스맥스비티아이,B+,A,A,B+,2023
코스맥스비티아이,B,A,A,C,2024
코스모신소재,B+,B+,B,B+,2020
코스모신소재,B,B,C,B,2021
코스모신소재,D,C,C,D,2022
코스모신소재,B,B,C,B,2023
코스모신소재,C,C,C,C,2024
코스모화학,C,B,C,D,2020
코스모화학,B,B,C,B,2021
코스모화학,D,C,D,D,2022
코스모화학,B,B,C,B,2023
코스모화학,D,C,C,D,2024
코아스,B+,B,B,B+,2020
코아스,B,C,C,B+,2021
코아스,C,D,D,B+,2022
코아스,B,C,C,B+,2023
코아스,B,C,C,B+,2024
코오롱,B,C,B+,B,2020
코오롱,B,B,B+,B,2021
코오롱,C,C,A,C,2022
코오롱,B,B,B+,B,2023
코오롱,B+,B+,A,B,2024
코오롱ENP,B+,B,B+,B+,2020
코오롱ENP,B+,B,B+,B+,2021
코오롱ENP,B,C,B,B+,2022
코오롱ENP,B+,B,B+,B+,2023
코오롱ENP,B,C,B,B+,2024
코오롱글로벌,B,C,B,B+,2020
코오롱글로벌,B,C,B,B+,2021
코오롱글로벌,C,D,C,B+,2022
코오롱글로벌,B,C,B,B+,2023
코오롱글로벌,C,B,B+,C,2024
코오롱인더,B+,B+,B+,B+,2020
코오롱인더,A,B+,A,A,2021
코오롱인더,B+,B,A,A,2022
코오롱인더,A,B+,A,A,2023
코오롱인더,B+,B+,A+,B,2024
코웨이,A,A,A+,B+,2020
코웨이,A,A,A+,B+,2021
코웨이,B+,A,A,B,2022
코웨이,A,A,A+,B+,2023
코웨이,A,A,A+,B+,2024
콘텐트리중앙,B,D,B,B,2020
콘텐트리중앙,C,D,B,C,2021
콘텐트리중앙,D,D,C,D,2022
콘텐트리중앙,C,D,B,C,2023
콘텐트리중앙,D,D,D,D,2024
콜마홀딩스,B,B,B,B,2020
콜마홀딩스,B+,B,B+,A,2021
콜마홀딩스,B+,B+,B+,B+,2022
콜마홀딩스,B+,B,B+,A,2023
콜마홀딩스,A,A,A+,A,2024
콤텍시스템,C,D,B,C,2020
콤텍시스템,C,D,B,C,2021
콤텍시스템,D,D,D,D,2022
콤텍시스템,C,D,B,C,2023
콤텍시스템,D,D,D,D,2024
쿠쿠홀딩스,B,D,B,B+,2020
쿠쿠홀딩스,B,D,C,B+,2021
쿠쿠홀딩스,C,D,D,B,2022
쿠쿠홀딩스,B,D,C,B+,2023
쿠쿠홀딩스,D,D,C,D,2024
쿠쿠홈시스,C,D,C,C,2020
쿠쿠홈시스,B,D,C,B+,2021
쿠쿠홈시스,C,D,D,B,2022
쿠쿠홈시스,B,D,C,B+,2023
쿠쿠홈시스,D,D,C,D,2024
크라운제과,B,D,B+,B,2020
크라운제과,B,C,B+,B+,2021
크라운제과,C,C,B,C,2022
크라운제과,B,C,B+,B+,2023
크라운제과,C,C,B,C,2024
크라운해태홀딩스,B,D,B+,B,2020
크라운해태홀딩스,B,C,B+,B,2021
크라운해태홀딩스,C,C,B,C,2022
크라운해태홀딩스,B,C,B+,B,2023
크라운해태홀딩스,D,C,C,D,2024
크래프톤,-,-,-,-,2021
크래프톤,-,-,-,-,2022
크래프톤,-,-,-,-,2023
크래프톤,B+,C,A,A,2024
키다리스튜디오,B,B,B,B,2020
키다리스튜디오,B,D,B,B,2021
키다리스튜디오,D,D,D,C,2022
키다리스튜디오,B,D,B,B,2023
키다리스튜디오,D,D,D,D,2024
키움증권,B,D,B+,B+,2020
키움증권,B,C,A,B,2021
키움증권,B,B,C,B,2022
키움증권,B,C,A,B,2023
키움증권,B+,B,A,B,2024
태경비케이,C,C,B,B,2020
태경비케이,C,C,B,B,2021
태경비케이,D,C,C,D,2022
태경비케이,C,C,B,B,2023
태경비케이,C,C,C,C,2024
태경산업,B,B,B,B,2020
태경산업,B,C,B,B+,2021
태경산업,C,C,C,C,2022
태경산업,B,C,B,B+,2023
태경산업,C,C,C,C,2024
태경케미컬,D,D,C,C,2020
태경케미컬,C,D,B,B,2021
태경케미컬,D,D,C,D,2022
태경케미컬,C,D,B,B,2023
태경케미컬,D,D,D,D,2024
태광산업,C,B,B+,D,2020
태광산업,B+,B,A,B+,2021
태광산업,D,D,C,C,2022
태광산업,B+,B,A,B+,2023
태광산업,C,C,C,C,2024
태림포장,C,B,C,C,2020
태림포장,C,B,C,C,2021
태림포장,C,C,B+,C,2022
태림포장,C,B,C,C,2023
태림포장,B,A,A,D,2024
태양금속공업,B,B+,B,B,2020
태양금속공업,B,B,C,B,2021
태양금속공업,D,D,D,D,2022
태양금속공업,B,B,C,B,2023
태양금속공업,D,C,C,D,2024
태영건설,B,B,B,B+,2020
태영건설,B+,A,B,B+,2021
태영건설,B+,B+,B,B+,2022
태영건설,B+,A,B,B+,2023
태영건설,A,A,A,B+,2024
태원물산,B,B,C,B,2020
태원물산,C,C,C,B,2021
태원물산,D,D,D,D,2022
태원물산,C,C,C,B,2023
태원물산,D,D,D,D,2024
테이팩스,B+,B+,B+,B,2020
테이팩스,B+,B+,B+,B+,2021
테이팩스,B+,B,A,B,2022
테이팩스,B+,B+,B+,B+,2023
테이팩스,A,A,A,B+,2024
텔코웨어,B,D,B,B,2020
텔코웨어,C,D,C,B,2021
텔코웨어,D,D,D,C,2022
텔코웨어,C,D,C,B,2023
텔코웨어,C,D,D,B,2024
토니모리,C,D,C,B+,2020
토니모리,C,D,C,B+,2021
토니모리,C,D,D,B+,2022
토니모리,C,D,C,B+,2023
토니모리,C,D,D,B,2024
티비에이치글로벌,B,C,B,B+,2020
티비에이치글로벌,B,D,B+,B+,2021
티비에이치글로벌,D,D,D,C,2022
티비에이치글로벌,B,D,B+,B+,2023
티비에이치글로벌,D,D,D,C,2024
티에이치엔,B,B,B,B,2020
티에이치엔,B,C,B,B+,2021
티에이치엔,D,D,C,D,2022
티에이치엔,B,C,B,B+,2023
티에이치엔,C,C,B,C,2024
티와이홀딩스,B+,B+,B,B+,2022
티와이홀딩스,B+,A,A,B,2024
티웨이항공,B,C,B,B,2020
티웨이항공,B,C,B+,B,2021
티웨이항공,C,D,C,B,2022
티웨이항공,B,C,B+,B,2023
티웨이항공,B,B,C,B,2024
티웨이홀딩스,C,D,B,C,2020
티웨이홀딩스,C,D,D,B,2021
티웨이홀딩스,D,D,C,D,2022
티웨이홀딩스,C,D,D,B,2023
티웨이홀딩스,D,C,C,D,2024
티케이지휴켐스,C,B,B+,C,2020
티케이지휴켐스,B+,B,A,B+,2021
티케이지휴켐스,B,B,B+,B,2022
티케이지휴켐스,B+,B,A,B+,2023
티케이지휴켐스,B+,B+,A,B,2024
파라다이스,B,D,B+,B+,2020
파라다이스,B,D,B,B+,2021
파라다이스,-,-,-,-,2022
파라다이스,B,D,B,B+,2023
파라다이스,-,-,-,-,2024
파미셀,B,B,C,B,2020
파미셀,B,C,B,B+,2021
파미셀,D,D,D,D,2022
파미셀,B,C,B,B+,2023
파미셀,D,C,D,D,2024
팜스코,B,D,B+,B+,2020
팜스코,B+,B+,A,B+,2021
팜스코,B,B,A,C,2022
팜스코,B+,B+,A,B+,2023
팜스코,A,B+,A,A,2024
팜젠사이언스,C,D,B,C,2020
팜젠사이언스,C,D,C,C,2021
팜젠사이언스,D,D,D,D,2022
팜젠사이언스,C,D,C,C,2023
팜젠사이언스,D,D,C,D,2024
팬오션,B+,B,B,A,2020
팬오션,B+,B+,D,A,2021
팬오션,B,A,B+,C,2022
팬오션,B+,B+,D,A,2023
팬오션,A,A+,A,A,2024
퍼스텍,C,B,B,C,2020
퍼스텍,C,C,C,B,2021
퍼스텍,D,D,D,C,2022
퍼스텍,C,C,C,B,2023
퍼스텍,C,C,C,C,2024
퍼시스,B,B,B,B,2020
퍼시스,B,C,B+,B,2021
퍼시스,D,D,C,D,2022
퍼시스,B,C,B+,B,2023
퍼시스,D,C,C,D,2024
페이퍼코리아,C,C,B,C,2020
페이퍼코리아,B,B,C,B,2021
페이퍼코리아,D,C,D,D,2022
페이퍼코리아,B,B,C,B,2023
페이퍼코리아,D,C,C,D,2024
평화산업,B,B,B,B,2020
평화산업,B,B+,C,B+,2021
평화산업,C,D,C,B,2022
평화산업,B,B+,C,B+,2023
평화산업,D,D,C,C,2024
평화홀딩스,B,C,B,B+,2020
평화홀딩스,B,B+,C,B+,2021
평화홀딩스,C,D,D,B+,2022
평화홀딩스,B,B+,C,B+,2023
평화홀딩스,C,D,C,B+,2024
포스코DX,B+,B,A,B+,2020
포스코DX,A,A,A+,A,2021
포스코DX,-,-,-,-,2022
포스코DX,A,A,A+,A,2023
포스코DX,-,-,-,-,2024
포스코스틸리온,A,B+,A+,B+,2020
포스코스틸리온,A,A,A+,A,2021
포스코스틸리온,A,B+,A+,B+,2022
포스코스틸리온,A,A,A+,A,2023
포스코스틸리온,A,A,A+,B+,2024
포스코인터내셔널,A+,A,A+,A+,2020
포스코인터내셔널,A+,A,A+,A+,2021
포스코인터내셔널,A,B+,A+,A,2022
포스코인터내셔널,A+,A,A+,A+,2023
포스코인터내셔널,A,A,A+,A,2024
포스코퓨처엠,A,A,A+,B+,2020
포스코퓨처엠,A,A,A+,B+,2021
포스코퓨처엠,B+,B+,A,B,2022
포스코퓨처엠,A,A,A+,B+,2023
포스코퓨처엠,A,A,A+,A,2024
풀무원,A+,A,A+,A+,2020
풀무원,A+,A,A+,A+,2021
풀무원,A,B+,A+,A,2022
풀무원,A+,A,A+,A+,2023
풀무원,A,A,A+,A,2024
풍산,B+,B+,A,B+,2020
풍산,B+,B,A,A,2021
풍산,B,C,B+,B+,2022
풍산,B+,B,A,A,2023
풍산,B+,B+,B+,B+,2024
풍산홀딩스,B,B,B+,B,2020
풍산홀딩스,B,D,A,B+,2021
풍산홀딩스,B,C,B+,B+,2022
풍산홀딩스,B,D,A,B+,2023
풍산홀딩스,B+,B+,B+,B+,2024
플레이그램,C,D,C,C,2020
플레이그램,C,D,C,C,2021
플레이그램,D,D,D,D,2022
플레이그램,C,D,C,C,2023
플레이그램,D,D,D,D,2024
하나금융지주,A,A,A,A,2020
하나금융지주,A,A,A+,A,2021
하나금융지주,A,A+,A+,A,2022
하나금융지주,A,A,A+,A,2023
하나금융지주,A,A+,A+,A,2024
하나제약,B,D,B,B+,2020
하나제약,B,D,B,B+,2021
하나제약,C,D,C,B,2022
하나제약,B,D,B,B+,2023
하나제약,C,D,C,C,2024
하나투어,B,D,B,B,2020
하나투어,B+,B,A,B+,2021
하나투어,B+,B+,B+,B+,2022
하나투어,B+,B,A,B+,2023
하나투어,B+,B+,A,B+,2024
하이브,-,-,-,-,2021
하이브,C,D,D,B,2022
하이브,-,-,-,-,2023
하이브,C,B,B+,C,2024
하이스틸,B,B,C,B,2020
하이스틸,B,C,B,B+,2021
하이스틸,C,D,C,B,2022
하이스틸,B,C,B,B+,2023
하이스틸,C,C,C,C,2024
하이트론씨스템즈,B,D,B,B+,2020
하이트론씨스템즈,C,D,C,B+,2021
하이트론씨스템즈,D,D,D,D,2022
하이트론씨스템즈,C,D,C,B+,2023
하이트진로,B,B,B,B,2020
하이트진로,B+,B+,A,B,2021
하이트진로,B,B,B+,B,2022
하이트진로,B+,B+,A,B,2023
하이트진로,B,A,A,C,2024
하이트진로홀딩스,B,C,B,B,2020
하이트진로홀딩스,B+,B+,A,B,2021
하이트진로홀딩스,B,B,B+,B,2022
하이트진로홀딩스,B+,B+,A,B,2023
하이트진로홀딩스,B+,A,A,B,2024
한국가스공사,A,B+,A+,B+,2020
한국가스공사,B+,B+,A,B+,2021
한국가스공사,B+,B+,A,B+,2022
한국가스공사,B+,B+,A,B+,2023
한국가스공사,A,A,A+,B+,2024
한국공항,C,D,B,B,2020
한국공항,B,D,B,B+,2021
한국공항,C,C,B+,C,2022
한국공항,B,D,B,B+,2023
한국공항,B+,A,B,B+,2024
한국금융지주,B,D,B+,B+,2020
한국금융지주,B+,C,A,B+,2021
한국금융지주,B,D,B+,B+,2022
한국금융지주,B+,C,A,B+,2023
한국금융지주,B+,C,B+,B+,2024
한국내화,C,C,B,D,2020
한국내화,B,B,B,B,2021
한국내화,C,C,B+,D,2022
한국내화,B,B,B,B,2023
한국내화,C,B+,B+,D,2024
한국단자공업,C,C,B,B,2020
한국단자공업,C,C,C,B+,2021
한국단자공업,D,D,C,C,2022
한국단자공업,C,C,C,B+,2023
한국단자공업,C,C,B,C,2024
한국무브넥스,C,B,B+,C,2020
한국무브넥스,B,B,B+,B,2021
한국무브넥스,D,D,C,C,2022
한국무브넥스,B,B,B+,B,2023
한국무브넥스,C,C,C,C,2024
한국석유공업,C,C,C,B,2020
한국석유공업,B+,B,B+,B+,2021
한국석유공업,B,D,B,B+,2022
한국석유공업,B+,B,B+,B+,2023
한국석유공업,B+,B+,B+,B+,2024
한국수출포장공업,B,B,C,B,2020
한국수출포장공업,B,B,C,B+,2021
한국수출포장공업,D,C,D,D,2022
한국수출포장공업,B,B,C,B+,2023
한국수출포장공업,D,C,D,D,2024
한국쉘석유,B,C,B+,B,2020
한국쉘석유,B,C,B+,B+,2021
한국쉘석유,C,C,C,B,2022
한국쉘석유,B,C,B+,B+,2023
한국쉘석유,C,C,C,B+,2024
한국앤컴퍼니,B,B+,B+,B,2020
한국앤컴퍼니,A,B+,A+,B+,2021
한국앤컴퍼니,B,C,B,B+,2022
한국앤컴퍼니,A,B+,A+,B+,2023
한국앤컴퍼니,B+,B+,A,B+,2024
한국자산신탁,C,D,B,C,2020
한국자산신탁,C,C,B+,C,2021
한국자산신탁,C,C,D,B,2022
한국자산신탁,C,C,B+,C,2023
한국자산신탁,C,C,C,B,2024
한국전력공사,A,B+,A,A,2020
한국전력공사,B+,B+,B+,B+,2021
한국전력공사,B,B,B,B+,2022
한국전력공사,B+,B+,B+,B+,2023
한국전력공사,B+,B,A,A,2024
한국전자홀딩스,C,C,B,C,2020
한국전자홀딩스,B,B,B+,B,2021
한국전자홀딩스,D,C,D,D,2022
한국전자홀딩스,B,B,B+,B,2023
한국전자홀딩스,D,C,C,D,2024
한국제지,B,B+,B,B,2020
한국제지,B,B,B,B,2021
한국제지,D,D,C,D,2022
한국제지,B,B,B,B,2023
한국제지,C,C,C,C,2024
한국종합기술,B,B,C,B,2020
한국종합기술,B,B,C,B+,2021
한국종합기술,C,D,C,B,2022
한국종합기술,B,B,C,B+,2023
한국종합기술,C,C,C,B,2024
한국주강,C,D,C,C,2020
한국주강,D,D,D,C,2021
한국주강,D,D,D,D,2022
한국주강,D,D,D,C,2023
한국주강,D,D,D,D,2024
한국주철관공업,C,C,C,B,2020
한국주철관공업,C,C,C,B,2021
한국주철관공업,D,C,C,D,2022
한국주철관공업,C,C,C,B,2023
한국주철관공업,D,C,D,D,2024
한국철강,C,B+,B,C,2020
한국철강,B,B,B,B+,2021
한국철강,C,C,D,B,2022
한국철강,B,B,B,B+,2023
한국철강,C,C,D,B,2024
한국카본,B+,B,B,B+,2020
한국카본,B,B,B+,B,2021
한국카본,C,B+,A,D,2022
한국카본,B,B,B+,B,2023
한국카본,B,B+,B+,C,2024
한국콜마,B+,B,B+,B+,2020
한국콜마,B+,B+,A,B+,2021
한국콜마,B+,B+,B+,B+,2022
한국콜마,B+,B+,A,B+,2023
한국콜마,A,A,A+,A,2024
한국타이어앤테크놀로지,B+,A,A,B,2020
한국타이어앤테크놀로지,B+,B+,A,B,2021
한국타이어앤테크놀로지,B,B,A,C,2022
한국타이어앤테크놀로지,B+,B+,A,B,2023
한국타이어앤테크놀로지,B,B+,A+,D,2024
한국토지신탁,C,D,B,C,2020
한국토지신탁,C,D,C,C,2021
한국토지신탁,C,D,C,C,2022
한국토지신탁,C,D,C,C,2023
한국토지신탁,C,D,C,B,2024
한국특강,B,B,B,B,2020
한국특강,C,C,B,B,2021
한국특강,D,C,C,D,2022
한국특강,C,C,B,B,2023
한국특강,C,C,C,C,2024
한국항공우주,A,A,A+,B+,2020
한국항공우주,A,A,A+,B+,2021
한국항공우주,C,B,A,D,2022
한국항공우주,A,A,A+,B+,2023
한국항공우주,B+,B+,A,B+,2024
한국화장품,B,D,B+,B,2020
한국화장품,B,D,B,B,2021
한국화장품,C,D,C,C,2022
한국화장품,B,D,B,B,2023
한국화장품,D,D,C,D,2024
한국화장품제조,C,D,B,B,2020
한국화장품제조,C,C,B,B,2021
한국화장품제조,D,D,C,C,2022
한국화장품제조,C,C,B,B,2023
한국화장품제조,D,D,C,D,2024
한농화성,C,C,C,B,2020
한농화성,C,C,B,B,2021
한농화성,D,D,D,D,2022
한농화성,C,C,B,B,2023
한농화성,D,C,C,D,2024
한독,B+,B+,B+,B,2020
한독,A,B+,A,A,2021
한독,B+,B,A,B+,2022
한독,A,B+,A,A,2023
한독,A,A,A+,B+,2024
한미글로벌,B+,B,B+,B+,2020
한미글로벌,A,A,A,A,2021
한미글로벌,B+,B+,A,B+,2022
한미글로벌,A,A,A,A,2023
한미글로벌,B+,A,A+,B,2024
한미반도체,C,D,C,B,2020
한미반도체,C,D,D,B,2021
한미반도체,C,D,D,B,2022
한미반도체,C,D,D,B,2023
한미반도체,D,D,D,C,2024
한미사이언스,B,B,B,B,2020
한미사이언스,A,B+,A+,A,2021
한미사이언스,B+,B,A+,B,2022
한미사이언스,A,B+,A+,A,2023
한미사이언스,B+,A,A,B,2024
한미약품,A,B+,A+,B+,2020
한미약품,A,B+,A+,A,2021
한미약품,B+,B,A+,B,2022
한미약품,A,B+,A+,A,2023
한미약품,B+,A,A,B,2024
한샘,B+,B+,A+,B,2020
한샘,A,B+,A+,A,2021
한샘,A,B+,A,A,2022
한샘,A,B+,A+,A,2023
한샘,A,A,A,A,2024
한섬,A,B+,A,A,2020
한섬,A,A,A+,A,2021
한섬,B+,A,A,B,2022
한섬,A,A,A+,A,2023
한섬,A,A,A+,A,2024
한성기업,C,D,B,C,2020
한성기업,C,D,B,B,2021
한성기업,D,D,D,D,2022
한성기업,C,D,B,B,2023
한성기업,C,B,B,D,2024
한세실업,B,C,B,B+,2020
한세실업,B,B,B,B+,2021
한세실업,C,C,B+,C,2022
한세실업,B,B,B,B+,2023
한세실업,B+,B+,A,B+,2024
한세엠케이,C,C,C,B,2020
한세엠케이,C,D,C,B+,2021
한세엠케이,C,C,B,C,2022
한세엠케이,C,D,C,B+,2023
한세엠케이,C,B,B+,C,2024
한세예스24홀딩스,B,C,B,B,2020
한세예스24홀딩스,B,D,B,B+,2021
한세예스24홀딩스,B+,C,B+,B+,2022
한세예스24홀딩스,B,D,B,B+,2023
한세예스24홀딩스,A,B+,A,A,2024
한솔로지스틱스,B+,B,B+,A,2020
한솔로지스틱스,B+,B,B+,B+,2021
한솔로지스틱스,B+,C,A,B+,2022
한솔로지스틱스,B+,B,B+,B+,2023
한솔로지스틱스,B,C,B+,B+,2024
한솔제지,A,A,A,A,2020
한솔제지,A,A,A,A,2021
한솔제지,B+,B+,A,B+,2022
한솔제지,A,A,A,A,2023
한솔제지,A,A,A,A,2024
한솔케미칼,B+,B,B+,B+,2020
한솔케미칼,A,A,A,A,2021
한솔케미칼,B,C,B+,B+,2022
한솔케미칼,A,A,A,A,2023
한솔케미칼,B+,B+,B+,B+,2024
한솔테크닉스,B+,B+,B+,A,2020
한솔테크닉스,A,B+,A,A,2021
한솔테크닉스,B+,B,A,B+,2022
한솔테크닉스,A,B+,A,A,2023
한솔테크닉스,B+,B+,A,B+,2024
한솔피엔에스,A,B+,B+,A,2020
한솔피엔에스,A,B+,B+,A,2021
한솔피엔에스,B,C,B,B+,2022
한솔피엔에스,A,B+,B+,A,2023
한솔피엔에스,B+,B,B,A,2024
한솔홀딩스,A,B+,A,A,2020
한솔홀딩스,A,B+,A,A,2021
한솔홀딩스,A,B+,A,A,2022
한솔홀딩스,A,B+,A,A,2023
한솔홀딩스,A,B+,A,A,2024
한솔홈데코,B+,B,B+,A,2020
한솔홈데코,A,B+,A,A,2021
한솔홈데코,B,C,B,B+,2022
한솔홈데코,A,B+,A,A,2023
한솔홈데코,B+,B+,B+,B+,2024
한신공영,C,C,B,B,2020
한신공영,C,C,C,B,2021
한신공영,D,D,C,D,2022
한신공영,C,C,C,B,2023
한신공영,D,C,C,D,2024
한신기계공업,C,B,C,C,2020
한신기계공업,C,D,C,B+,2021
한신기계공업,D,D,D,D,2022
한신기계공업,C,D,C,B+,2023
한신기계공업,D,C,D,D,2024
한양증권,C,D,B+,C,2020
한양증권,C,D,B+,C,2021
한양증권,D,D,D,C,2022
한양증권,C,D,B+,C,2023
한양증권,C,D,B,C,2024
한온시스템,B,B,B,B+,2020
한온시스템,B+,B+,B+,B+,2021
한온시스템,B,B+,A,C,2022
한온시스템,B+,B+,B+,B+,2023
한온시스템,B+,B+,A+,B,2024
한올바이오파마,B,D,B+,B,2020
한올바이오파마,B,D,B,B+,2021
한올바이오파마,C,D,C,C,2022
한올바이오파마,B,D,B,B+,2023
한올바이오파마,B,B,D,B+,2024
한익스프레스,C,B,C,D,2020
한익스프레스,C,B,B,C,2021
한익스프레스,D,D,C,D,2022
한익스프레스,C,B,B,C,2023
한익스프레스,C,C,C,C,2024
한일시멘트,B,C,B+,B,2020
한일시멘트,B+,B+,B+,B,2021
한일시멘트,C,B+,A,D,2022
한일시멘트,B+,B+,B+,B,2023
한일시멘트,A,A,A+,B+,2024
한일철강,D,D,D,C,2020
한일철강,C,D,C,B,2021
한일철강,D,D,D,D,2022
한일철강,C,D,C,B,2023
한일철강,D,D,D,D,2024
한일현대시멘트,B+,B,B+,B+,2020
한일현대시멘트,B+,B+,B+,B+,2021
한일현대시멘트,B+,B+,B+,B,2022
한일현대시멘트,B+,B+,B+,B+,2023
한일현대시멘트,B+,A,A+,B,2024
한일홀딩스,B,D,B+,B+,2020
한일홀딩스,B,B+,B+,B,2021
한일홀딩스,C,B+,A,D,2022
한일홀딩스,B,B+,B+,B,2023
한일홀딩스,A,A,A+,B+,2024
한전KPS,B+,B+,A,B+,2020
한전KPS,B,B,B,B+,2021
한전KPS,A,B+,A,A,2022
한전KPS,B,B,B,B+,2023
한전KPS,A,A,A,A,2024
한전기술,B+,B+,A,B+,2020
한전기술,B+,B,B+,B+,2021
한전기술,B+,B,B+,B+,2022
한전기술,B+,B,B+,B+,2023
한전기술,A,B+,A+,A,2024
한전산업,B+,B,B+,B+,2020
한전산업,B+,B,B+,B+,2021
한전산업,C,C,B,C,2022
한전산업,B+,B,B+,B+,2023
한전산업,C,C,D,B,2024
한진,B,B,C,B+,2020
한진,A,A,B+,A,2021
한진,B+,B+,A,B+,2022
한진,A,A,B+,A,2023
한진,A,A,A,A,2024
한진중공업홀딩스,B,D,C,B+,2020
한진중공업홀딩스,B,D,C,B+,2021
한진중공업홀딩스,C,D,D,B+,2022
한진중공업홀딩스,B,D,C,B+,2023
한진중공업홀딩스,C,D,C,B+,2024
한진칼,B+,B,B,A,2020
한진칼,A,A,A,A,2021
한진칼,A,A,A,A,2022
한진칼,A,A,A,A,2023
한진칼,A,A,A+,A,2024
한창,C,D,B,C,2020
한창,B,D,B,B,2021
한창,D,D,D,D,2022
한창,B,D,B,B,2023
한창,D,D,D,D,2024
한창제지,B,B,C,B,2020
한창제지,C,C,C,B,2021
한창제지,C,C,C,B,2022
한창제지,C,C,C,B,2023
한창제지,C,C,C,C,2024
한컴라이프케어,C,C,B,D,2024
한화,A,B+,A,A,2020
한화,A,A,A+,A,2021
한화,A,A,A+,A,2022
한화,A,A,A+,A,2023
한화,B+,B+,B+,B+,2024
한화생명,A,A,A+,B+,2020
한화생명,A,A+,A+,B+,2021
한화생명,A,A,A+,B+,2022
한화생명,A,A+,A+,B+,2023
한화생명,A,A,A+,B+,2024
한화손해보험,B+,B,A,B,2020
한화손해보험,A,A,A+,B+,2021
한화손해보험,A,A,A,A,2022
한화손해보험,A,A,A+,B+,2023
한화손해보험,A,A,A,A,2024
한화솔루션,B+,A,A,B,2020
한화솔루션,A,A,A+,B+,2021
한화솔루션,B,A,A,C,2022
한화솔루션,A,A,A+,B+,2023
한화솔루션,B+,A,A+,B,2024
한화시스템,A,B+,A,A,2021
한화시스템,A,B+,A+,A,2022
한화시스템,A,B+,A,A,2023
한화시스템,A,A,A+,A,2024
한화에어로스페이스,A,A,A,A,2020
한화에어로스페이스,A,A,A,A,2021
한화에어로스페이스,B+,B+,A,B,2022
한화에어로스페이스,A,A,A,A,2023
한화에어로스페이스,A,A,A,A,2024
한화엔진,A,B+,A,A,2020
한화엔진,A,B+,A,A,2021
한화엔진,B+,B,A,B+,2022
한화엔진,A,B+,A,A,2023
한화엔진,B+,B,A,B+,2024
한화오션,B+,B+,B,A,2020
한화오션,A,B,A+,A,2021
한화오션,B+,B,B+,B+,2022
한화오션,A,B,A+,A,2023
한화오션,B+,B+,B+,B+,2024
한화투자증권,B+,B,A,B+,2020
한화투자증권,B+,B+,A,B+,2021
한화투자증권,B+,B+,A,B+,2022
한화투자증권,B+,B+,A,B+,2023
한화투자증권,A,A,A+,B+,2024
해성디에스,A,A,A,A,2020
해성디에스,A,A,A+,A,2021
해성디에스,B+,B+,A,B+,2022
해성디에스,A,A,A+,A,2023
해성디에스,A,A,A+,B+,2024
해태제과식품,B,D,B+,B,2020
해태제과식품,B,D,B+,B+,2021
해태제과식품,C,D,B,C,2022
해태제과식품,B,D,B+,B+,2023
해태제과식품,D,D,C,D,2024
핸즈코퍼레이션,B,B,B,B+,2020
핸즈코퍼레이션,B,B,B,B+,2021
핸즈코퍼레이션,C,C,B,D,2022
핸즈코퍼레이션,B,B,B,B+,2023
핸즈코퍼레이션,C,C,B,D,2024
현대건설,A,A+,A,A,2020
현대건설,A,A,A,A,2021
현대건설,A,A,A,B+,2022
현대건설,A,A,A,A,2023
현대건설,A,A,A,A,2024
현대글로비스,A,A,A+,A,2020
현대글로비스,A,A,A+,A,2021
현대글로비스,A,A,A+,A,2022
현대글로비스,A,A,A+,A,2023
현대글로비스,A+,A+,A+,A,2024
현대로템,B+,B,A,B+,2020
현대로템,A,A,A+,A,2021
현대로템,A,A,A+,A,2022
현대로템,A,A,A+,A,2023
현대로템,A,A,A+,A,2024
현대리바트,A,B,A,A,2020
현대리바트,A,A,A+,A,2021
현대리바트,A,A,A,A,2022
현대리바트,A,A,A+,A,2023
현대리바트,A,A,A+,B+,2024
현대모비스,A,B+,A+,A,2020
현대모비스,A,A,A+,A,2021
현대모비스,A,A,A+,B+,2022
현대모비스,A,A,A+,A,2023
현대모비스,A,A+,A+,B+,2024
현대백화점,A,B+,A,A,2020
현대백화점,A,A,A+,A,2021
현대백화점,A,A,A,A,2022
현대백화점,A,A,A+,A,2023
현대백화점,A+,A+,A+,A,2024
현대비앤지스틸,B+,B+,A,B+,2020
현대비앤지스틸,A,B+,A+,B+,2021
현대비앤지스틸,C,B+,B+,D,2022
현대비앤지스틸,A,B+,A+,B+,2023
현대비앤지스틸,B,A,B+,C,2024
현대약품,B,B,B+,B,2020
현대약품,B,C,B,B+,2021
현대약품,D,D,C,D,2022
현대약품,B,C,B,B+,2023
현대약품,C,C,C,B,2024
현대엘리베이터,A,B+,A,A,2020
현대엘리베이터,A,B+,A,A,2021
현대엘리베이터,B,C,B,B,2022
현대엘리베이터,A,B+,A,A,2023
현대엘리베이터,B+,B+,A,B+,2024
현대오토에버,A,A,A+,A,2021
현대오토에버,B+,B+,A,B+,2022
현대오토에버,A,A,A+,A,2023
현대오토에버,A,A+,A+,B+,2024
현대위아,A,A,A+,A,2020
현대위아,A,A,A+,A,2021
현대위아,A,A,A,B+,2022
현대위아,A,A,A+,A,2023
현대위아,A+,A+,A+,A,2024
현대자동차,A,A,A+,A,2020
현대자동차,A,A,A,A,2021
현대자동차,B+,A,B+,B,2022
현대자동차,A,A,A,A,2023
현대자동차,A,A,A,B+,2024
현대제철,B+,B+,B,B+,2020
현대제철,B+,B+,B+,A,2021
현대제철,A,A,A,B+,2022
현대제철,B+,B+,B+,A,2023
현대제철,A,A+,A,B+,2024
현대지에프홀딩스,A,B+,A,A,2020
현대지에프홀딩스,A,A,A+,A,2021
현대지에프홀딩스,A,A,A,A,2022
현대지에프홀딩스,A,A,A+,A,2023
현대지에프홀딩스,A,A,A+,A,2024
현대차증권,A,B,A+,A,2020
현대차증권,A,B+,A+,A,2021
현대차증권,A,B+,A+,B+,2022
현대차증권,A,B+,A+,A,2023
현대차증권,A,B+,A+,B+,2024
현대코퍼레이션,B,D,B,B,2020
현대코퍼레이션,B+,B+,A,B+,2021
현대코퍼레이션,B,C,B,B,2022
현대코퍼레이션,B+,B+,A,B+,2023
현대코퍼레이션,B+,B,B+,B+,2024
현대코퍼레이션홀딩스,C,D,C,B,2020
현대코퍼레이션홀딩스,B+,C,A,B+,2021
현대코퍼레이션홀딩스,B,C,B,B+,2022
현대코퍼레이션홀딩스,B+,C,A,B+,2023
현대코퍼레이션홀딩스,B+,B,B+,B+,2024
현대퓨처넷,B+,C,A,A,2020
현대퓨처넷,A,A,A,A,2022
현대퓨처넷,A,A,A+,A,2024
현대해상,A,B+,A,A,2020
현대해상,A,A,A+,A,2021
현대해상,B+,A,A,B+,2022
현대해상,A,A,A+,A,2023
현대해상,A,A,A+,A,2024
현대홈쇼핑,A,A,A,A,2020
현대홈쇼핑,A,A,A+,A,2021
현대홈쇼핑,A,A,A+,A,2022
현대홈쇼핑,A,A,A+,A,2023
현대홈쇼핑,A,A,A+,A,2024
형지엘리트,C,D,B,C,2020
형지엘리트,C,D,B,B,2021
형지엘리트,D,D,C,D,2022
형지엘리트,C,D,B,B,2023
형지엘리트,D,D,D,D,2024
혜인,C,B,C,C,2020
혜인,B,B,B,B,2021
혜인,D,D,D,D,2022
혜인,B,B,B,B,2023
혜인,D,D,D,D,2024
호전실업,C,D,C,B+,2020
호전실업,C,D,C,B+,2021
호전실업,D,D,D,C,2022
호전실업,C,D,C,B+,2023
호전실업,C,D,D,B,2024
호텔신라,A,A,A,A,2020
호텔신라,A,B+,A+,A,2021
호텔신라,A,B+,A,A,2022
호텔신라,A,B+,A+,A,2023
호텔신라,A,A,A,A,2024
화승알앤에이,B,B,B+,B,2024
화승엔터프라이즈,B+,B+,B,A,2020
화승엔터프라이즈,B+,B,B+,A,2021
화승엔터프라이즈,B+,B,B,A,2022
화승엔터프라이즈,B+,B,B+,A,2023
화승엔터프라이즈,B+,B+,B+,B+,2024
화승인더스트리,B,B,B,B+,2020
화승인더스트리,B+,B,B+,A,2021
화승인더스트리,C,C,C,B+,2022
화승인더스트리,B+,B,B+,A,2023
화승인더스트리,B+,B+,B+,B+,2024
화승코퍼레이션,B+,B+,B,B+,2020
화승코퍼레이션,B+,B+,B,B+,2021
화승코퍼레이션,C,C,C,B,2022
화승코퍼레이션,B+,B+,B,B+,2023
화승코퍼레이션,B,C,B,B+,2024
화신,C,D,B+,B,2020
화신,B+,B+,A,B+,2021
화신,C,C,A,C,2022
화신,B+,B+,A,B+,2023
화신,B+,B,A,B,2024
화인베스틸,B,B,C,B,2020
화인베스틸,B,B,C,B,2021
화인베스틸,D,C,D,D,2022
화인베스틸,B,B,C,B,2023
화인베스틸,D,C,C,D,2024
화천기계,C,B,B,C,2020
화천기계,C,D,C,B,2021
화천기계,D,D,D,D,2022
화천기계,C,D,C,B,2023
화천기계,C,D,C,C,2024
화천기공,C,D,C,B,2020
화천기공,B,D,B,B+,2021
화천기공,D,D,D,C,2022
화천기공,B,D,B,B+,2023
화천기공,C,D,C,C,2024
환인제약,B,D,B+,B+,2020
환인제약,B,D,B,B+,2021
환인제약,B,D,B+,B+,2022
환인제약,B,D,B,B+,2023
환인제약,B,C,C,B+,2024
황금에스티,D,D,C,C,2020
황금에스티,C,D,C,B,2021
황금에스티,C,D,D,B,2022
황금에스티,C,D,C,B,2023
황금에스티,C,D,D,B,2024
효성,B+,A,A+,B,2020
효성,A,A,A+,B+,2021
효성,B+,A,A+,B,2022
효성,A,A,A+,B+,2023
효성,A,A,A+,B+,2024
효성 ITX,B+,C,B+,B+,2020
효성 ITX,B+,C,B+,B+,2021
효성 ITX,B+,B,A,B+,2022
효성 ITX,B+,C,B+,B+,2023
효성 ITX,B+,B+,A+,B,2024
효성중공업,A,A,A+,A,2020
효성중공업,A,A,A+,A,2021
효성중공업,A,A,A+,B+,2022
효성중공업,A,A,A+,A,2023
효성중공업,A,A,A+,B+,2024
효성티앤씨,A+,A+,A+,A,2020
효성티앤씨,A,A,A+,A,2021
효성티앤씨,A,A,A+,B+,2022
효성티앤씨,A,A,A+,A,2023
효성티앤씨,A,A+,A+,B+,2024
효성화학,A+,A+,A+,A,2020
효성화학,A,A,A+,A,2021
효성화학,A,A,A+,B+,2022
효성화학,A,A,A+,A,2023
효성화학,A,A,A+,B+,2024
후성,C,B,C,C,2020
후성,B+,A,B,B,2021
후성,B,B,B+,B,2022
후성,B+,A,B,B,2023
후성,B+,A,A,B,2024
휠라홀딩스,B+,B,B+,B+,2020
휠라홀딩스,A,B+,A+,A,2021
휠라홀딩스,B+,B,A,B+,2022
휠라홀딩스,A,B+,A+,A,2023
휠라홀딩스,A,A,A,B+,2024
휴니드테크놀러지스,C,C,B,B,2020
휴니드테크놀러지스,B,C,B+,B+,2021
휴니드테크놀러지스,D,D,C,C,2022
휴니드테크놀러지스,B,C,B+,B+,2023
휴니드테크놀러지스,D,C,D,D,2024
휴비스,B+,B+,B+,B+,2020
휴비스,A,B+,A+,A,2021
휴비스,B+,B+,A,B+,2022
휴비스,A,B+,A+,A,2023
휴비스,A,B+,A+,B+,2024
휴스틸,C,B,B,C,2020
휴스틸,C,C,C,B,2021
휴스틸,D,D,D,C,2022
휴스틸,C,C,C,B,2023
휴스틸,C,C,C,C,2024
흥국화재,B,D,A,B,2020
흥국화재,B+,B,A,B,2021
흥국화재,B+,C,B+,B+,2022
흥국화재,B+,B,A,B,2023
흥국화재,B+,B,B+,B+,2024
흥아해운,D,D,C,D,2020
흥아해운,D,D,C,D,2021
흥아해운,C,C,B,C,2022
흥아해운,D,D,C,D,2023
흥아해운,B,B,B+,B,2024
